phase,split,shape,arm,objective_stage,sample_id,case_id,independent_unit,n_replans,mean_r_selected,median_r_selected,mean_r_final_record,median_r_final_record,mean_eta_model_final_record,median_eta_model_final_record,mean_error_oscillation,median_error_oscillation,mean_g_model_final,median_g_model_final,mean_g_env_final,median_g_env_final,mean_omega_final,median_omega_final
development,val_L,L,FROZEN,full_horizon,0,development|val_L|L|0,matched_initial_goal_case,1,6.788078462705016e-05,6.788078462705016e-05,6.788078462705016e-05,6.788078462705016e-05,0.0,0.0,0.002017091610468924,0.002017091610468924,0.0021761941025033593,0.0021761941025033593,0.0031632407917641103,0.0031632407917641103,-0.000987046689260751,-0.000987046689260751
development,val_L,L,FROZEN,full_horizon,1,development|val_L|L|1,matched_initial_goal_case,1,0.01967818522825837,0.01967818522825837,0.01967818522825837,0.01967818522825837,0.0,0.0,0.04415807966142893,0.04415807966142893,0.007490549702197313,0.007490549702197313,-0.012437599711120129,-0.012437599711120129,0.019928149413317442,0.019928149413317442
development,val_L,L,FROZEN,full_horizon,2,development|val_L|L|2,matched_initial_goal_case,15,0.0006034976026664178,0.0005920538678765297,0.0006034982235481342,0.0005920538678765297,1.5522042910257975e-11,0.0,0.0014476425402487317,0.0010338114807382226,0.00270362402467678,0.002650328795425594,0.002067792198310296,0.0019841529428958893,0.0006358318263664841,0.0007023093057796359
development,val_L,L,FROZEN,terminal,0,development|val_L|L|0,matched_initial_goal_case,5,0.008822122868150473,0.0040669627487659454,0.008822123147547245,0.0040669627487659454,0.0,0.0,0.10708136330358684,0.09282668679952621,0.7032351218629629,0.018091475125402212,0.7193694902583957,0.01724743563681841,-0.01613436839543283,0.0008397584315389395
development,val_L,L,FROZEN,terminal,1,development|val_L|L|1,matched_initial_goal_case,5,0.01230425164103508,0.009916858747601509,0.01230425164103508,0.009916858747601509,0.0,0.0,0.12955909073352814,0.0906008705496788,0.634787502977997,0.05370571278035641,0.7016312520951032,0.0568307600915432,-0.0668437491171062,-0.0032179877161979675
development,val_L,L,FROZEN,terminal,2,development|val_L|L|2,matched_initial_goal_case,5,0.003882552869617939,0.0018386049196124077,0.003882552869617939,0.0018386049196124077,0.0,0.0,0.049904980976134536,0.032217398285865784,0.23006018660962582,0.03695770213380456,0.22311529042199255,0.02725638495758176,0.006944896187633276,0.009701317176222801
development,val_L,L,OFFICIAL_ADAJEPA,full_horizon,0,development|val_L|L|0,matched_initial_goal_case,1,0.00014476844808086753,0.00014476844808086753,0.00014476844808086753,0.00014476844808086753,0.0,0.0,0.0032636774121783674,0.0032636774121783674,0.0027035276289097965,0.0027035276289097965,0.0034072070848196745,0.0034072070848196745,-0.000703679455909878,-0.000703679455909878
development,val_L,L,OFFICIAL_ADAJEPA,full_horizon,1,development|val_L|L|1,matched_initial_goal_case,1,0.004925384186208248,0.004925384186208248,0.004925384186208248,0.004925384186208248,0.0,0.0,0.02449211524799466,0.02449211524799466,0.0077137029729783535,0.0077137029729783535,0.002556798979640007,0.002556798979640007,0.0051569039933383465,0.0051569039933383465
development,val_L,L,OFFICIAL_ADAJEPA,full_horizon,2,development|val_L|L|2,matched_initial_goal_case,4,0.0002830340090440586,0.00017271819524466991,0.0002830340090440586,0.00017271819524466991,0.0,0.0,0.006700191428535618,0.005659700836986303,0.003757853788556531,0.003906035970430821,0.005626049911370501,0.0043847462511621416,-0.0018681961228139699,-0.0007819090387783945
development,val_L,L,OFFICIAL_ADAJEPA,terminal,0,development|val_L|L|0,matched_initial_goal_case,5,0.009840833209455013,0.005424681585282087,0.009840833209455013,0.005424681585282087,0.0,0.0,0.3650265413336456,0.08818203629925847,0.7036371435970068,0.01947837765328586,0.7196778994053602,0.012688837014138699,-0.016040755808353423,0.005278181517496705
development,val_L,L,OFFICIAL_ADAJEPA,terminal,1,development|val_L|L|1,matched_initial_goal_case,5,0.010471105854958297,0.008188454434275627,0.010471105854958297,0.008188454434275627,0.0,0.0,0.17150537092238666,0.13654663879424334,0.6335595568642021,0.05290623567998409,0.7017040503211319,0.06517652049660683,-0.06814449345692992,-0.01610087277367711
development,val_L,L,OFFICIAL_ADAJEPA,terminal,2,development|val_L|L|2,matched_initial_goal_case,5,0.009007487213239074,0.002329358598217368,0.009007487213239074,0.002329358598217368,0.0,0.0,0.08271535797975957,0.08135783113539219,0.2325353927910328,0.04210070287808776,0.2149536358192563,0.010051216930150986,0.017581756971776486,0.030245319940149784
development,val_L,L,PREDICTOR_ONLY,full_horizon,0,development|val_L|L|0,matched_initial_goal_case,1,0.0002168279024772346,0.0002168279024772346,0.0002168279024772346,0.0002168279024772346,0.0,0.0,0.003160545660648495,0.003160545660648495,0.0029161498532630503,0.0029161498532630503,0.0033843506244011223,0.0033843506244011223,-0.000468200771138072,-0.000468200771138072
development,val_L,L,PREDICTOR_ONLY,full_horizon,1,development|val_L|L|1,matched_initial_goal_case,1,0.0010396428406238556,0.0010396428406238556,0.0010396428406238556,0.0010396428406238556,0.0,0.0,0.06272141681984067,0.06272141681984067,0.007951272185891867,0.007951272185891867,0.0068456921726465225,0.0068456921726465225,0.0011055800132453442,0.0011055800132453442
development,val_L,L,PREDICTOR_ONLY,full_horizon,2,development|val_L|L|2,matched_initial_goal_case,3,0.0002555227450405558,0.00027998664882034063,0.0002555227450405558,0.00027998664882034063,0.0,0.0,0.005176570033654571,0.00403155293315649,0.003657374531030655,0.0036189723759889603,0.005277285158323745,0.005338871735148132,-0.00161991062729309,-0.0017198993591591716
development,val_L,L,PREDICTOR_ONLY,terminal,0,development|val_L|L|0,matched_initial_goal_case,5,0.008550039399415255,0.003460514359176159,0.008550040144473314,0.003460514359176159,0.0,0.0,0.3580348055809736,0.09194850502535701,0.7039277486037463,0.0182025374379009,0.7200339429080487,0.018379615619778633,-0.016106194304302334,-0.0007419066969305277
development,val_L,L,PREDICTOR_ONLY,terminal,1,development|val_L|L|1,matched_initial_goal_case,5,0.010575832519680261,0.006524983793497086,0.010575832519680261,0.006524983793497086,0.0,0.0,0.3073632536455989,0.3410213477909565,0.6329969140700996,0.051505557261407375,0.702321323286742,0.06439464539289474,-0.06932440921664237,-0.01565258065238595
development,val_L,L,PREDICTOR_ONLY,terminal,2,development|val_L|L|2,matched_initial_goal_case,5,0.0036075653973966838,0.0010950828436762094,0.003607563721016049,0.0010950781870633364,9.313225746154786e-11,0.0,0.06340542128309608,0.06821125000715256,0.23195184264332055,0.042477154172956944,0.21882402710616589,0.015406916849315166,0.013127815537154674,0.020062321331351995
development,val_T,T,FROZEN,full_horizon,0,development|val_T|T|0,matched_initial_goal_case,15,0.0003285972556720177,0.0002508782781660557,0.0003285978144655625,0.0002508857287466526,6.984919309616089e-11,0.0,0.0034874664852395654,0.0033421404659748077,0.0010306669942413767,0.0009708839934319258,0.0012890074402093887,0.0012683426029980183,-0.000258340445968012,-0.000298904487863183
development,val_T,T,FROZEN,full_horizon,1,development|val_T|T|1,matched_initial_goal_case,1,9.077764116227627e-05,9.077764116227627e-05,9.077764116227627e-05,9.077764116227627e-05,0.0,0.0,0.001082111441064626,0.001082111441064626,0.0009875551331788301,0.0009875551331788301,0.0010402578627690673,0.0010402578627690673,-5.270272959023714e-05,-5.270272959023714e-05
development,val_T,T,FROZEN,full_horizon,2,development|val_T|T|2,matched_initial_goal_case,1,0.0,0.0,0.0,0.0,0.0,0.0,0.004444269463419914,0.004444269463419914,0.0021892194636166096,0.0021892194636166096,0.003631291911005974,0.003631291911005974,-0.0014420724473893642,-0.0014420724473893642
development,val_T,T,FROZEN,terminal,0,development|val_T|T|0,matched_initial_goal_case,5,0.0018686773255467415,0.0016644280403852463,0.0018686773255467415,0.0016644280403852463,0.0,0.0,0.04085149895399809,0.03779159300029278,0.14446623106487094,0.014802285004407167,0.16135558523237706,0.018121950328350067,-0.016889354167506098,-0.0033196653239428997
development,val_T,T,FROZEN,terminal,1,development|val_T|T|1,matched_initial_goal_case,5,0.0011585913132876157,0.001141231507062912,0.0011585913132876157,0.001141231507062912,0.0,0.0,0.02736709318123758,0.029959029983729124,0.027880814997479318,0.009077730122953653,0.020381669281050563,0.009737597312778234,0.007499145716428757,4.2090658098459244e-05
development,val_T,T,FROZEN,terminal,2,development|val_T|T|2,matched_initial_goal_case,5,0.002279642224311829,0.0009464267641305923,0.002279641292989254,0.0009464267641305923,0.0,0.0,0.0618814374320209,0.023768583312630653,0.590247424505651,0.016406836453825235,0.6257346043363213,0.01387486420571804,-0.03548717983067036,0.005955272354185581
development,val_T,T,OFFICIAL_ADAJEPA,full_horizon,0,development|val_T|T|0,matched_initial_goal_case,6,0.00012412019229183593,4.6436209231615067e-05,0.0001241209295888742,4.6436209231615067e-05,0.0,0.0,0.0018613044521771371,0.0016982241068035364,0.001887401333078742,0.0017543229623697698,0.001805214366565148,0.0017004613764584064,8.218696651359399e-05,9.148288518190384e-05
development,val_T,T,OFFICIAL_ADAJEPA,full_horizon,1,development|val_T|T|1,matched_initial_goal_case,1,2.12388695217669e-05,2.12388695217669e-05,2.12388695217669e-05,2.12388695217669e-05,0.0,0.0,0.0017165120225399733,0.0017165120225399733,0.0011616639094427228,0.0011616639094427228,0.0010635810904204845,0.0010635810904204845,9.808281902223825e-05,9.808281902223825e-05
development,val_T,T,OFFICIAL_ADAJEPA,full_horizon,2,development|val_T|T|2,matched_initial_goal_case,2,7.928709965199232e-05,7.928709965199232e-05,7.928709965199232e-05,7.928709965199232e-05,0.0,0.0,0.005073129024822265,0.005073129024822265,0.0018297280184924603,0.0018297280184924603,0.00340269657317549,0.00340269657317549,-0.0015729685546830297,-0.0015729685546830297
development,val_T,T,OFFICIAL_ADAJEPA,terminal,0,development|val_T|T|0,matched_initial_goal_case,5,0.0025537170469760893,0.0016644280403852463,0.0025537170469760893,0.0016644280403852463,0.0,0.0,0.04152069259434939,0.03473848104476929,0.145328080188483,0.016678557731211185,0.15922741293907167,0.011573167517781258,-0.013899332750588656,-0.0002749590203166008
development,val_T,T,OFFICIAL_ADAJEPA,terminal,1,development|val_T|T|1,matched_initial_goal_case,5,0.0034053964773193,0.001444222405552864,0.0034053964773193,0.001444222405552864,0.0,0.0,0.03213295699097216,0.0355795593932271,0.03154185167513788,0.014154686592519283,0.02157291495241225,0.015219516353681684,0.00996893672272563,0.011169701348990202
development,val_T,T,OFFICIAL_ADAJEPA,terminal,2,development|val_T|T|2,matched_initial_goal_case,5,0.005320496112108231,0.0009464267641305923,0.005320496298372746,0.0009464267641305923,3.7252902984619143e-10,0.0,0.07006180975586176,0.030977943912148476,0.5924697290174663,0.017054899595677853,0.6238282631151378,0.014920675195753574,-0.03135853409767151,0.0019759288989007473
development,val_T,T,PREDICTOR_ONLY,full_horizon,0,development|val_T|T|0,matched_initial_goal_case,6,0.0002842463630562027,0.00011510727927088737,0.0002842463630562027,0.00011510727927088737,0.0,0.0,0.0029671355635703853,0.003279968397691846,0.0016417583101429045,0.0015235910541377962,0.0018749864539131522,0.0015881090657785535,-0.0002332281437702477,-9.107767255045474e-05
development,val_T,T,PREDICTOR_ONLY,full_horizon,2,development|val_T|T|2,matched_initial_goal_case,1,4.375842399895191e-05,4.375842399895191e-05,4.375842399895191e-05,4.375842399895191e-05,0.0,0.0,0.003442406887188554,0.003442406887188554,0.0024299046490341425,0.0024299046490341425,0.0034390375949442387,0.0034390375949442387,-0.0010091329459100962,-0.0010091329459100962
development,val_T,T,PREDICTOR_ONLY,terminal,0,development|val_T|T|0,matched_initial_goal_case,5,0.0028686512261629103,0.0019488278776407242,0.0028686512261629103,0.0019488278776407242,0.0,0.0,0.045033312402665615,0.04041719622910023,0.14472218351438643,0.014371206052601337,0.1588174644857645,0.014084402471780777,-0.014095280971378087,-0.0026105670258402824
development,val_T,T,PREDICTOR_ONLY,terminal,1,development|val_T|T|1,matched_initial_goal_case,2,0.0014583150623366237,0.0014583150623366237,0.0014583150623366237,0.0014583150623366237,0.0,0.0,0.02400330558884889,0.02400330558884889,0.05806151102297008,0.05806151102297008,0.036367307882755995,0.036367307882755995,0.021694203140214086,0.021694203140214086
development,val_T,T,PREDICTOR_ONLY,terminal,2,development|val_T|T|2,matched_initial_goal_case,5,0.003053711075335741,0.0004155426286160946,0.003053711075335741,0.0004155426286160946,0.0,0.0,0.06002093767747283,0.02660873904824257,0.5924224080517888,0.017654927913099527,0.6253970937803388,0.014366465620696545,-0.03297468572854996,0.004922458436340094
ood,val_I,I,FROZEN,full_horizon,0,ood|val_I|I|0,matched_initial_goal_case,15,0.00037265156085292497,0.0003714291378855705,0.00037265208860238396,0.0003714263439178467,1.241763432820638e-10,0.0,0.00636028458053867,0.0056760916486382484,0.003560046417017778,0.0025445176288485527,0.002695094235241413,0.002577957697212696,0.0008649521817763647,9.239185601472855e-05
ood,val_I,I,FROZEN,full_horizon,1,ood|val_I|I|1,matched_initial_goal_case,15,0.00024440021564563116,0.0001984853297472,0.000244400929659605,0.0001984853297472,0.0,0.0,0.008588226015369098,0.009236824698746204,0.0012686706148087978,0.0011226935312151909,0.000916879220555226,0.0003361441195011139,0.00035179139425357185,0.0007948847487568855
ood,val_I,I,FROZEN,full_horizon,2,ood|val_I|I|2,matched_initial_goal_case,15,0.004884257167577744,0.0037959106266498566,0.00488425741593043,0.0037959106266498566,1.241763432820638e-10,0.0,0.010649667183558146,0.009886719286441803,0.004262852668762207,0.004270605742931366,0.001041037340958913,0.0006244778633117676,0.003221815327803294,0.0026566404849290848
ood,val_I,I,FROZEN,full_horizon,3,ood|val_I|I|3,matched_initial_goal_case,15,0.00027052002648512524,0.0002058795653283596,0.00027051993335286775,0.0002058795653283596,3.104408582051595e-11,0.0,0.004356840097655853,0.004687361419200897,0.003805644779155652,0.0035313894040882587,0.0034900175407528876,0.003415963612496853,0.000315627238402764,0.00028061214834451675
ood,val_I,I,FROZEN,full_horizon,4,ood|val_I|I|4,matched_initial_goal_case,15,0.0014653269201517106,0.001980319619178772,0.001465325616300106,0.0019803186878561974,1.241763432820638e-10,0.0,0.00402652317037185,0.0038935327902436256,0.0023170894011855124,0.002222040668129921,0.0015630974744757016,0.0014917943626642227,0.0007539919267098109,0.0007302463054656982
ood,val_I,I,FROZEN,terminal,0,ood|val_I|I|0,matched_initial_goal_case,5,0.05851858407258988,0.0043192058801651,0.05851858407258988,0.0043192058801651,0.0,0.0,0.1692421119660139,0.11909893155097961,0.28016563281416895,0.14516624063253403,0.24104434698820115,0.1357816457748413,0.039121285825967786,0.05028562247753143
ood,val_I,I,FROZEN,terminal,1,ood|val_I|I|1,matched_initial_goal_case,5,0.039837099611759186,0.02202247828245163,0.039837099611759186,0.02202247828245163,0.0,0.0,0.15854768306016923,0.1401679813861847,0.4457096703350544,0.07191699743270874,0.3946409419178963,0.03173573315143585,0.05106872841715813,0.025765694677829742
ood,val_I,I,FROZEN,terminal,2,ood|val_I|I|2,matched_initial_goal_case,5,0.10454378724098205,0.05803161859512329,0.10454378724098205,0.05803161859512329,0.0,0.0,0.4575635053217411,0.512371364980936,0.70741126537323,0.1797473505139351,0.6004085004329681,0.16636213660240173,0.10700276494026184,0.009720887988805771
ood,val_I,I,FROZEN,terminal,3,ood|val_I|I|3,matched_initial_goal_case,5,0.10473348572850227,0.0224267840385437,0.10473348572850227,0.0224267840385437,0.0,0.0,0.6099915720522404,0.17587712965905666,0.47883893847465514,0.12735369242727757,0.27813606187701223,0.20285213738679886,0.2007028765976429,-0.10053619928658009
ood,val_I,I,FROZEN,terminal,4,ood|val_I|I|4,matched_initial_goal_case,5,0.006385055184364319,0.0007619746029376984,0.006385047733783722,0.0007619373500347137,0.0,0.0,0.1626351572573185,0.08597112074494362,0.5389964558184147,0.05224168300628662,0.5659135103225708,0.04428800567984581,-0.026917054504156112,0.009951546788215637
ood,val_I,I,OFFICIAL_ADAJEPA,full_horizon,0,ood|val_I|I|0,matched_initial_goal_case,15,0.00016961718599001568,5.212659016251564e-05,0.00016961703076958656,5.212659016251564e-05,1.5522042910257975e-11,0.0,0.00814036352870365,0.008172642439603806,0.004330714745447039,0.0038635823875665665,0.0026001395968099435,0.002317042089998722,0.0017305751486370962,0.001245611347258091
ood,val_I,I,OFFICIAL_ADAJEPA,full_horizon,1,ood|val_I|I|1,matched_initial_goal_case,2,0.0006275844061747193,0.0006275844061747193,0.0006275844061747193,0.0006275844061747193,0.0,0.0,0.015752268605865538,0.015752268605865538,0.0028715685475617647,0.0028715685475617647,0.005023743608035147,0.005023743608035147,-0.0021521750604733825,-0.0021521750604733825
ood,val_I,I,OFFICIAL_ADAJEPA,full_horizon,2,ood|val_I|I|2,matched_initial_goal_case,15,0.003050842881202698,0.0011113360524177551,0.0030508466064929963,0.0011113472282886505,4.967053731282552e-10,0.0,0.008268985897302628,0.006286598742008209,0.007369126876195272,0.0068198442459106445,0.0017807650069395701,0.0014161542057991028,0.005588361869255701,0.005045659840106964
ood,val_I,I,OFFICIAL_ADAJEPA,full_horizon,3,ood|val_I|I|3,matched_initial_goal_case,15,0.0013896865149339041,0.0007760794833302498,0.0013896865149339041,0.0007760794833302498,0.0,0.0,0.007650883542373777,0.008275161497294903,0.005493885433922211,0.00513839814811945,0.002134344866499305,0.0014826226979494095,0.0033595405674229067,0.004151433706283569
ood,val_I,I,OFFICIAL_ADAJEPA,full_horizon,4,ood|val_I|I|4,matched_initial_goal_case,15,0.00015207867448528608,5.2005983889102936e-05,0.00015207879866162936,5.2005983889102936e-05,1.241763432820638e-10,0.0,0.0024072209528336924,0.002316905651241541,0.0034233100557078916,0.0032351980917155743,0.0019551013906796773,0.001770278438925743,0.0014682086650282145,0.001760812010616064
ood,val_I,I,OFFICIAL_ADAJEPA,terminal,0,ood|val_I|I|0,matched_initial_goal_case,5,0.1024720974266529,0.05846087634563446,0.1024720974266529,0.05846087634563446,0.0,0.0,0.19041746221482753,0.26114077493548393,0.2722790829837322,0.17483069747686386,0.23323130682110788,0.1397811621427536,0.03904777616262436,0.03504953533411026
ood,val_I,I,OFFICIAL_ADAJEPA,terminal,1,ood|val_I|I|1,matched_initial_goal_case,5,0.057550852000713346,0.04106942191720009,0.057550852000713346,0.04106942191720009,0.0,0.0,0.1612262599170208,0.2058761976659298,0.4492765575647354,0.06842543184757233,0.40160498172044756,0.0649445429444313,0.04767157584428787,0.04480224847793579
ood,val_I,I,OFFICIAL_ADAJEPA,terminal,2,ood|val_I|I|2,matched_initial_goal_case,5,0.11661741137504578,0.02802291512489319,0.11661741137504578,0.02802291512489319,0.0,0.0,0.5015631832182408,0.5265839248895645,0.7672292150557041,0.2097402811050415,0.5965023875236511,0.1589723527431488,0.17072682753205298,0.0507679283618927
ood,val_I,I,OFFICIAL_ADAJEPA,terminal,3,ood|val_I|I|3,matched_initial_goal_case,5,0.0962666355073452,0.01236693188548088,0.0962666355073452,0.01236693188548088,0.0,0.0,0.5705441933125257,0.12166532874107361,0.49613313749432564,0.07971668057143688,0.2743098966777325,0.04808896407485008,0.22182324081659316,0.0316277164965868
ood,val_I,I,OFFICIAL_ADAJEPA,terminal,4,ood|val_I|I|4,matched_initial_goal_case,5,0.007528588175773621,0.0022279396653175354,0.007528588175773621,0.0022279396653175354,0.0,0.0,0.10993606969714165,0.04856760799884796,0.5467756852507591,0.07354561984539032,0.5697828806936741,0.042336784303188324,-0.023007195442914963,0.014551512897014618
ood,val_I,I,PREDICTOR_ONLY,full_horizon,0,ood|val_I|I|0,matched_initial_goal_case,15,7.824484879771868e-05,1.036468893289566e-05,7.824494192997615e-05,1.036468893289566e-05,0.0,0.0,0.008862820578118165,0.008092396426945925,0.004745847328255574,0.0037441751919686794,0.002584938301394383,0.002867742907255888,0.0021609090268611907,0.002249630633741617
ood,val_I,I,PREDICTOR_ONLY,full_horizon,1,ood|val_I|I|1,matched_initial_goal_case,2,0.0006510802777484059,0.0006510802777484059,0.0006510802777484059,0.0006510802777484059,0.0,0.0,0.018729060771875083,0.018729060771875083,0.0020767709938809276,0.0020767709938809276,0.004985264968127012,0.004985264968127012,-0.0029084939742460847,-0.0029084939742460847
ood,val_I,I,PREDICTOR_ONLY,full_horizon,2,ood|val_I|I|2,matched_initial_goal_case,15,0.006375091522932053,0.003694746643304825,0.006375091522932053,0.003694746643304825,4.967053731282552e-10,0.0,0.014036634688576062,0.012988381087779999,0.010221505910158158,0.007869020104408264,0.00122079998254776,0.0012209825217723846,0.009000705927610398,0.007027767598628998
ood,val_I,I,PREDICTOR_ONLY,full_horizon,3,ood|val_I|I|3,matched_initial_goal_case,15,0.001717424082259337,0.00015630992129445076,0.001717424082259337,0.00015630992129445076,0.0,0.0,0.006608476551870505,0.006100006867200136,0.006851996264110009,0.006018551532179117,0.003203781166424354,0.001439894549548626,0.003648215097685655,0.004279147833585739
ood,val_I,I,PREDICTOR_ONLY,full_horizon,4,ood|val_I|I|4,matched_initial_goal_case,15,0.0001672194649775823,0.00010140519589185715,0.00016721909244855245,0.00010140519589185715,1.3969838619232177e-10,0.0,0.003798204443107049,0.0034388003405183554,0.0031206801223258177,0.0026897117495536804,0.0019795325584709643,0.0017057638615369797,0.0011411475638548533,0.0006479448638856411
ood,val_I,I,PREDICTOR_ONLY,terminal,0,ood|val_I|I|0,matched_initial_goal_case,5,0.12324424907565117,0.08739645779132843,0.12324424907565117,0.08739645779132843,0.0,0.0,0.2093383688479662,0.2845291830599308,0.282953891903162,0.20874161645770073,0.2352402277290821,0.18728920072317123,0.04771366417407989,0.021452415734529495
ood,val_I,I,PREDICTOR_ONLY,terminal,1,ood|val_I|I|1,matched_initial_goal_case,5,0.05157170370221138,0.03418321907520294,0.05157170370221138,0.03418321907520294,0.0,0.0,0.1590748004615307,0.18781884387135506,0.4457784280180931,0.07098785042762756,0.39699972569942477,0.0495583638548851,0.04877870231866836,0.05785918980836868
ood,val_I,I,PREDICTOR_ONLY,terminal,2,ood|val_I|I|2,matched_initial_goal_case,5,0.12025539875030518,0.1040397584438324,0.12025539875030518,0.1040397584438324,0.0,0.0,0.4938806392252445,0.5353728905320168,0.7373790524899959,0.311963964253664,0.605813068151474,0.23435890674591064,0.13156598433852196,0.04858245700597763
ood,val_I,I,PREDICTOR_ONLY,terminal,3,ood|val_I|I|3,matched_initial_goal_case,5,0.1311330921947956,0.07340884581208229,0.1311330921947956,0.07340884581208229,0.0,0.0,0.6193430826067925,0.24261091463267803,0.49099106453359126,0.17015721648931503,0.2565164938569069,0.1115492507815361,0.23447457067668437,-0.041113417595624924
ood,val_I,I,PREDICTOR_ONLY,terminal,4,ood|val_I|I|4,matched_initial_goal_case,5,0.00680939108133316,0.003081241622567177,0.00680939108133316,0.003081241622567177,0.0,0.0,0.17123007625341416,0.10714153200387955,0.5362433068454265,0.05173628032207489,0.5699917573481799,0.043930187821388245,-0.033748450502753255,0.0078060925006866455
ood,val_small_tee,small_tee,FROZEN,full_horizon,1,ood|val_small_tee|small_tee|1,matched_initial_goal_case,2,0.003232268150895834,0.003232268150895834,0.003232268150895834,0.003232268150895834,0.0,0.0,0.007586022838950157,0.007586022838950157,0.00813581538386643,0.00813581538386643,0.000652051530778408,0.000652051530778408,0.007483763853088021,0.007483763853088021
ood,val_small_tee,small_tee,FROZEN,full_horizon,2,ood|val_small_tee|small_tee|2,matched_initial_goal_case,2,0.0036506163887679577,0.0036506163887679577,0.0036506163887679577,0.0036506163887679577,0.0,0.0,0.015055883675813675,0.015055883675813675,0.003988462267443538,0.003988462267443538,0.00871153175830841,0.00871153175830841,-0.004723069490864873,-0.004723069490864873
ood,val_small_tee,small_tee,FROZEN,full_horizon,3,ood|val_small_tee|small_tee|3,matched_initial_goal_case,2,0.001227866392582655,0.001227866392582655,0.0012278666254132986,0.0012278666254132986,0.0,0.0,0.0030474287923425436,0.0030474287923425436,0.002059579361230135,0.002059579361230135,-0.00037969090044498444,-0.00037969090044498444,0.0024392702616751194,0.0024392702616751194
ood,val_small_tee,small_tee,FROZEN,full_horizon,4,ood|val_small_tee|small_tee|4,matched_initial_goal_case,4,0.005780397681519389,0.006211660336703062,0.005780397681519389,0.006211660336703062,0.0,0.0,0.015681915101595223,0.015419179573655128,0.02237275301013142,0.02295869472436607,0.009930900298058987,0.00841175951063633,0.012441852712072432,0.013217663392424583
ood,val_small_tee,small_tee,FROZEN,terminal,0,ood|val_small_tee|small_tee|0,matched_initial_goal_case,5,0.007257509417831898,0.00302182137966156,0.007257509417831898,0.00302182137966156,0.0,0.0,0.08202957846224308,0.06479145959019661,0.4025379717350006,0.030404450371861458,0.4109452959150076,0.030933817848563194,-0.00840732418000698,0.00564873032271862
ood,val_small_tee,small_tee,FROZEN,terminal,1,ood|val_small_tee|small_tee|1,matched_initial_goal_case,5,0.024589027836918832,0.0006546992808580399,0.024589027836918832,0.0006546992808580399,0.0,0.0,0.49949158653616904,0.6115254387259483,0.5847406346350909,0.019777294248342514,0.5848842114210129,0.052702609449625015,-0.00014357678592205047,-0.01929412968456745
ood,val_small_tee,small_tee,FROZEN,terminal,2,ood|val_small_tee|small_tee|2,matched_initial_goal_case,5,0.022999360412359237,0.02297312766313553,0.022999360412359237,0.02297312766313553,0.0,0.0,0.14904523678123952,0.17169055715203285,0.08960094302892685,0.030564619228243828,0.07704620957374572,-0.016250215470790863,0.012554733455181122,0.045477744191884995
ood,val_small_tee,small_tee,FROZEN,terminal,3,ood|val_small_tee|small_tee|3,matched_initial_goal_case,5,0.006261743046343327,0.002494571730494499,0.006261740438640117,0.0024945586919784546,7.450580596923829e-10,0.0,0.08895342256873846,0.04226351156830788,0.4275989767163992,0.04117033816874027,0.44227684792131183,-0.0004890710115432739,-0.014677871204912662,0.02153165638446808
ood,val_small_tee,small_tee,FROZEN,terminal,4,ood|val_small_tee|small_tee|4,matched_initial_goal_case,5,0.04175884425640106,0.015451014041900635,0.04175884425640106,0.015451014041900635,0.0,0.0,0.21285910606384278,0.1594921201467514,0.6613902922719717,0.1661832295358181,0.6528582632541656,0.15062326192855835,0.008532029017806054,-0.011554183438420296
ood,val_small_tee,small_tee,OFFICIAL_ADAJEPA,full_horizon,1,ood|val_small_tee|small_tee|1,matched_initial_goal_case,3,0.000948445483421286,0.001183100277557969,0.0009484431551148494,0.0011830960866063833,7.761021455128987e-11,0.0,0.0058281155458341045,0.004374576499685645,0.00393821105050544,0.00309351971372962,0.004405000247061253,0.005761057138442993,-0.00046678919655581314,0.0013026627711951733
ood,val_small_tee,small_tee,OFFICIAL_ADAJEPA,full_horizon,2,ood|val_small_tee|small_tee|2,matched_initial_goal_case,1,0.0012538349255919456,0.0012538349255919456,0.0012538349255919456,0.0012538349255919456,0.0,0.0,0.012760465033352375,0.012760465033352375,0.006723866332322359,0.006723866332322359,0.008299022912979126,0.008299022912979126,-0.0015751565806567669,-0.0015751565806567669
ood,val_small_tee,small_tee,OFFICIAL_ADAJEPA,full_horizon,4,ood|val_small_tee|small_tee|4,matched_initial_goal_case,15,0.005240286452074846,0.0032833395525813103,0.005240285644928614,0.0032833395525813103,0.0,0.0,0.018844405903170505,0.01795594673603773,0.01430613175034523,0.009154697880148888,0.00956017579883337,0.0038739535957574844,0.00474595595151186,0.006227327510714531
ood,val_small_tee,small_tee,OFFICIAL_ADAJEPA,terminal,0,ood|val_small_tee|small_tee|0,matched_initial_goal_case,5,0.008188430964946748,0.008651336655020714,0.008188430964946748,0.008651336655020714,0.0,0.0,0.07603756859898567,0.05764826387166977,0.4103729911148548,0.031509093940258026,0.41326555609703064,0.03618540242314339,-0.002892564982175827,0.006224118173122406
ood,val_small_tee,small_tee,OFFICIAL_ADAJEPA,terminal,1,ood|val_small_tee|small_tee|1,matched_initial_goal_case,5,0.03190803080797196,0.001822926104068756,0.03190803080797196,0.001822926104068756,0.0,0.0,0.37176767755299805,0.3552658502012491,0.5972979709506034,0.035729099065065384,0.5694021284580231,0.025188453495502472,0.027895842492580415,-0.005446289665997028
ood,val_small_tee,small_tee,OFFICIAL_ADAJEPA,terminal,2,ood|val_small_tee|small_tee|2,matched_initial_goal_case,5,0.011514905840158463,0.012785099446773529,0.011514905840158463,0.012785099446773529,0.0,0.0,0.1427009914070368,0.15967117249965668,0.11128377318382263,0.03567284345626831,0.0917116492986679,0.021080326288938522,0.019572123885154724,0.009420137852430344
ood,val_small_tee,small_tee,OFFICIAL_ADAJEPA,terminal,3,ood|val_small_tee|small_tee|3,matched_initial_goal_case,5,0.00697157708927989,0.004892203491181135,0.00697157708927989,0.004892203491181135,0.0,0.0,0.09477615570649504,0.05711694434285164,0.43914339896291493,0.061655523255467415,0.443616178072989,0.00836721807718277,-0.004472779110074043,0.0436350884847343
ood,val_small_tee,small_tee,OFFICIAL_ADAJEPA,terminal,4,ood|val_small_tee|small_tee|4,matched_initial_goal_case,5,0.11217315644025802,0.08263330906629562,0.11217315644025802,0.08263330906629562,0.0,0.0,0.2533397596329451,0.1667703203856945,0.6887881405651569,0.19003096222877502,0.6587841898202896,0.17537343502044678,0.030003950744867326,0.014657527208328247
ood,val_small_tee,small_tee,PREDICTOR_ONLY,full_horizon,1,ood|val_small_tee|small_tee|1,matched_initial_goal_case,3,0.0010847235098481178,0.0013002892956137657,0.001084723820288976,0.0013002892956137657,0.0,0.0,0.006035479173685114,0.004254856612533331,0.002823673188686371,0.002372859977185726,0.004800597205758095,0.003688371740281582,-0.001976924017071724,-0.0010937582701444626
ood,val_small_tee,small_tee,PREDICTOR_ONLY,full_horizon,2,ood|val_small_tee|small_tee|2,matched_initial_goal_case,1,0.0006989771500229836,0.0006989771500229836,0.0006989771500229836,0.0006989771500229836,0.0,0.0,0.011962363496422768,0.011962363496422768,0.006176394410431385,0.006176394410431385,0.009631441906094551,0.009631441906094551,-0.003455047495663166,-0.003455047495663166
ood,val_small_tee,small_tee,PREDICTOR_ONLY,full_horizon,3,ood|val_small_tee|small_tee|3,matched_initial_goal_case,1,0.0029538776725530624,0.0029538776725530624,0.0029538776725530624,0.0029538776725530624,0.0,0.0,0.0072428889106959105,0.0072428889106959105,0.004693652270361781,0.004693652270361781,-0.0025492366403341293,-0.0025492366403341293,0.0072428889106959105,0.0072428889106959105
ood,val_small_tee,small_tee,PREDICTOR_ONLY,full_horizon,4,ood|val_small_tee|small_tee|4,matched_initial_goal_case,12,0.0018737534604345758,7.206364534795284e-05,0.0018737534604345758,7.206364534795284e-05,0.0,0.0,0.021022835688199848,0.019183124415576458,0.0150046330721428,0.014444150030612946,0.016081648025040824,0.014117082115262747,-0.0010770149528980255,-0.0007776264101266861
ood,val_small_tee,small_tee,PREDICTOR_ONLY,terminal,0,ood|val_small_tee|small_tee|0,matched_initial_goal_case,5,0.0016269564628601074,7.450580596923828e-09,0.0016269564628601074,7.450580596923828e-09,0.0,0.0,0.07177178524434566,0.05559317395091057,0.4036628406494856,0.021562684327363968,0.41077494658529756,0.018448110669851303,-0.007112105935811996,0.0036279112100601196
ood,val_small_tee,small_tee,PREDICTOR_ONLY,terminal,1,ood|val_small_tee|small_tee|1,matched_initial_goal_case,5,0.036142170429229736,0.02687159925699234,0.036142170429229736,0.02687159925699234,0.0,0.0,0.45183062348514796,0.4680607132613659,0.5923345724120737,0.03175671957433224,0.5678296089172363,0.029641292989253998,0.024504963494837283,0.0021154265850782394
ood,val_small_tee,small_tee,PREDICTOR_ONLY,terminal,2,ood|val_small_tee|small_tee|2,matched_initial_goal_case,5,0.014402687549591064,0.017707645893096924,0.014402687549591064,0.017707645893096924,0.0,0.0,0.14278642348945142,0.15149077214300632,0.10220321603119373,0.03666892275214195,0.09126985520124435,0.015091650187969208,0.01093336082994938,0.01577748730778694
ood,val_small_tee,small_tee,PREDICTOR_ONLY,terminal,3,ood|val_small_tee|small_tee|3,matched_initial_goal_case,5,0.005995133705437183,0.005964875221252441,0.005995133705437183,0.005964875221252441,0.0,0.0,0.08679999336600304,0.042281605303287506,0.43073110952973365,0.04475325345993042,0.44307023007422686,0.0028378907591104507,-0.012339120544493199,0.0327790342271328
ood,val_small_tee,small_tee,PREDICTOR_ONLY,terminal,4,ood|val_small_tee|small_tee|4,matched_initial_goal_case,5,0.10003210231661797,0.0732739269733429,0.10003210231661797,0.0732739269733429,0.0,0.0,0.2563615307211876,0.20736344903707504,0.6950684402137994,0.2438895907253027,0.6843096017837524,0.1282026320695877,0.010758838430047036,-0.011554183438420296
ood,val_square,square,FROZEN,full_horizon,0,ood|val_square|square|0,matched_initial_goal_case,15,0.0007380316654841105,0.0007420666515827179,0.0007380329072475434,0.0007420666515827179,2.483526865641276e-10,0.0,0.005979669094085693,0.0053194016218185425,0.006010562181472778,0.0034183748066425323,0.004111921787261963,0.002902209758758545,0.0018986403942108155,0.0006658509373664856
ood,val_square,square,FROZEN,full_horizon,1,ood|val_square|square|1,matched_initial_goal_case,1,1.1725467629730701e-05,1.1725467629730701e-05,1.1725467629730701e-05,1.1725467629730701e-05,0.0,0.0,0.0076605877839028835,0.0076605877839028835,0.0036776645574718714,0.0036776645574718714,0.002001489046961069,0.002001489046961069,0.0016761755105108023,0.0016761755105108023
ood,val_square,square,FROZEN,full_horizon,2,ood|val_square|square|2,matched_initial_goal_case,15,0.0011668785475194455,0.001105157658457756,0.0011668786716957887,0.001105157658457756,6.20881716410319e-11,0.0,0.003246968115369479,0.0034211184829473495,0.001009753051524361,0.000733713386580348,0.0013568280885616938,0.000978817231953144,-0.00034707503703733286,-0.0002491902559995651
ood,val_square,square,FROZEN,full_horizon,3,ood|val_square|square|3,matched_initial_goal_case,15,0.003129506235321363,0.0012788381427526474,0.003114558259646098,0.0012788381427526474,5.587935447692871e-10,0.0,0.010749773836384218,0.008755018003284931,0.009484683194508155,0.004827539436519146,0.005276540170113245,0.0032940004020929337,0.00420814302439491,0.0015103183686733246
ood,val_square,square,FROZEN,full_horizon,4,ood|val_square|square|4,matched_initial_goal_case,15,0.003799111644426982,0.002138584852218628,0.003799111644426982,0.002138584852218628,0.0,0.0,0.021691969037055968,0.02016039937734604,0.018149750928084057,0.017994165420532227,-0.0035422176122665407,-0.002138584852218628,0.021691968540350597,0.02016039937734604
ood,val_square,square,FROZEN,terminal,0,ood|val_square|square|0,matched_initial_goal_case,5,0.024452561140060426,0.02222996950149536,0.024452561140060426,0.02222996950149536,0.0,0.0,0.13601008113473653,0.12170276138931513,0.23116984944790603,0.11053706053644419,0.11340726613998413,0.022325485944747925,0.11776258330792189,0.11236209515482187
ood,val_square,square,FROZEN,terminal,1,ood|val_square|square|1,matched_initial_goal_case,5,0.06169122410938144,0.0036913156509399414,0.06169122410938144,0.0036913156509399414,0.0,0.0,0.47823476493358613,0.4133730810135603,0.6561996573582292,0.027422841638326645,0.6221454426646232,0.2627679109573364,0.0340542146936059,0.00896728178486228
ood,val_square,square,FROZEN,terminal,2,ood|val_square|square|2,matched_initial_goal_case,5,0.4436787378042936,0.014333993196487427,0.44367873929440976,0.014334000647068024,3.7252902984619143e-10,0.0,0.7546033006161451,0.10485060792416334,0.46567072011530397,0.019715461879968643,0.1635274827480316,-0.005796447396278381,0.3021432373672724,0.01400937419384718
ood,val_square,square,FROZEN,terminal,3,ood|val_square|square|3,matched_initial_goal_case,5,0.48786036260426047,0.09821438789367676,0.48786036260426047,0.09821438789367676,0.0,0.0,1.6014346553012728,1.6815763991326094,1.2995496710762382,1.812632191926241,0.42971113622188567,0.13672542572021484,0.8698385348543525,0.9681965010240674
ood,val_square,square,FROZEN,terminal,4,ood|val_square|square|4,matched_initial_goal_case,5,0.20138348937034606,0.005474165081977844,0.20138348937034606,0.005474165081977844,0.0,0.0,0.47716973908245564,0.3244364894926548,0.8274232469499111,0.23127944767475128,0.442307049036026,0.1093984842300415,0.3851161979138851,0.3244364894926548
ood,val_square,square,OFFICIAL_ADAJEPA,full_horizon,0,ood|val_square|square|0,matched_initial_goal_case,15,0.0010625359912713368,0.00020115450024604797,0.0010625359912713368,0.00020115822553634644,1.4901161193847657e-09,0.0,0.00516491358478864,0.004321850836277008,0.005214429274201393,0.004231533035635948,0.003785441070795059,0.0026031136512756348,0.0014289882034063338,0.0011669769883155823
ood,val_square,square,OFFICIAL_ADAJEPA,full_horizon,1,ood|val_square|square|1,matched_initial_goal_case,1,3.482820466160774e-05,3.482820466160774e-05,3.482820466160774e-05,3.482820466160774e-05,0.0,0.0,0.014226840808987617,0.014226840808987617,0.0034023537300527096,0.0034023537300527096,0.0013407981023192406,0.0013407981023192406,0.002061555627733469,0.002061555627733469
ood,val_square,square,OFFICIAL_ADAJEPA,full_horizon,3,ood|val_square|square|3,matched_initial_goal_case,15,0.0006087276774148147,0.00018046516925096512,0.0006087276774148147,0.00018046516925096512,0.0,0.0,0.00739826550707221,0.00533662922680378,0.008401601668447256,0.006460415665060282,0.00639022896066308,0.0063913073390722275,0.002011372707784176,0.000987309031188488
ood,val_square,square,OFFICIAL_ADAJEPA,full_horizon,4,ood|val_square|square|4,matched_initial_goal_case,15,0.01247372031211853,0.0017403140664100647,0.012473722298940023,0.0017403140664100647,9.934107462565104e-10,0.0,0.04883141095439593,0.031576573848724365,0.0538957787056764,0.05665387958288193,0.021324006219704945,0.01769620180130005,0.03257177248597145,0.01908096671104431
ood,val_square,square,OFFICIAL_ADAJEPA,terminal,0,ood|val_square|square|0,matched_initial_goal_case,5,0.02367686331272125,0.0009571611881256104,0.02367686331272125,0.0009571611881256104,0.0,0.0,0.13532081078737973,0.08622298389673233,0.23616746943444014,0.10665167775005102,0.15177605748176576,0.08774805068969727,0.08439141195267438,0.08622298389673233
ood,val_square,square,OFFICIAL_ADAJEPA,terminal,1,ood|val_square|square|1,matched_initial_goal_case,5,0.05531798265874386,0.044841110706329346,0.05531798265874386,0.044841110706329346,0.0,0.0,0.5103156410157681,0.4237888269126415,0.6527932442724704,0.030045590363442898,0.6125631865113974,0.2886415719985962,0.040230057761073114,0.0030053583905100822
ood,val_square,square,OFFICIAL_ADAJEPA,terminal,2,ood|val_square|square|2,matched_initial_goal_case,5,0.4442018173635006,0.006591241806745529,0.4442018173635006,0.006591241806745529,0.0,0.0,0.7443594525568187,0.13671002257615328,0.4704381919465959,0.017710156738758087,0.17101205363869668,0.004534134641289711,0.2994261383078992,0.005667185876518488
ood,val_square,square,OFFICIAL_ADAJEPA,terminal,3,ood|val_square|square|3,matched_initial_goal_case,5,0.3653590206056833,0.13280463218688965,0.3653590206056833,0.13280463218688965,0.0,0.0,1.5470261253416537,1.8890160899609327,1.2308012815192342,1.9034922625869513,0.4767361883074045,0.1684253215789795,0.7540650932118297,0.29466503765434027
ood,val_square,square,OFFICIAL_ADAJEPA,terminal,4,ood|val_square|square|4,matched_initial_goal_case,5,0.2220649391412735,0.0026018619537353516,0.2220649391412735,0.0026018619537353516,0.0,0.0,0.5218578454107046,0.3993625193834305,0.8422294400632382,0.2245771437883377,0.3931775361299515,0.03283214569091797,0.44905190393328664,0.3993625193834305
ood,val_square,square,PREDICTOR_ONLY,full_horizon,0,ood|val_square|square|0,matched_initial_goal_case,15,0.0005055425067742665,0.0001680217683315277,0.0005055437485376994,0.0001680217683315277,1.241763432820638e-09,0.0,0.003942965840299924,0.0033850036561489105,0.004861864199241003,0.00429169088602066,0.0034551223119099936,0.0024816319346427917,0.001406741887331009,0.00115160271525383
ood,val_square,square,PREDICTOR_ONLY,full_horizon,1,ood|val_square|square|1,matched_initial_goal_case,15,0.00012688753195106984,8.633732795715332e-05,0.0001268874698628982,8.633732795715332e-05,7.761021455128988e-12,0.0,0.002698212652467191,0.0017005172558128834,0.001194231406164666,0.0011655234266072512,0.0009776305717726548,0.0007601152174174786,0.00021660083439201117,0.00017967401072382927
ood,val_square,square,PREDICTOR_ONLY,full_horizon,2,ood|val_square|square|2,matched_initial_goal_case,15,0.00033866635834177335,0.00015945592895150185,0.00033866669982671736,0.00015945592895150185,4.1909515857696534e-10,0.0,0.0037723474980642397,0.0026567562017589808,0.0011535662536819775,0.0010153325274586678,0.0004148442298173904,0.0004204097203910351,0.0007387220238645871,0.0005490663461387157
ood,val_square,square,PREDICTOR_ONLY,full_horizon,3,ood|val_square|square|3,matched_initial_goal_case,15,0.0003223709762096405,6.704777479171753e-05,0.00032237110038598377,6.704777479171753e-05,1.241763432820638e-10,0.0,0.008448545324305693,0.0017526261508464813,0.010531107150018214,0.0049249958246946335,0.006707115036745866,0.004546342417597771,0.003823992113272349,0.0006842752918601036
ood,val_square,square,PREDICTOR_ONLY,full_horizon,4,ood|val_square|square|4,matched_initial_goal_case,15,0.011651259164015453,0.0013447403907775879,0.011651258170604705,0.0013447403907775879,9.934107462565104e-10,0.0,0.06678074250618617,0.0452481210231781,0.06628494535883268,0.059316158294677734,0.016931897898515066,0.0125199556350708,0.049353047460317614,0.040531501173973083
ood,val_square,square,PREDICTOR_ONLY,terminal,0,ood|val_square|square|0,matched_initial_goal_case,5,0.016784921288490295,0.020421385765075684,0.016784921288490295,0.020421385765075684,0.0,0.0,0.13945092726498842,0.10250090807676315,0.2384970447048545,0.12437748163938522,0.14393510818481445,0.03919929265975952,0.09456193652004004,0.10250090807676315
ood,val_square,square,PREDICTOR_ONLY,terminal,1,ood|val_square|square|1,matched_initial_goal_case,5,0.09945693071931601,0.044841110706329346,0.09945693071931601,0.044841110706329346,1.8626451492309571e-10,0.0,0.5454415462911129,0.7111074589192867,0.6539197236299514,0.02958008274435997,0.6118549033999443,0.35053935647010803,0.04206482023000717,0.04077155888080597
ood,val_square,square,PREDICTOR_ONLY,terminal,2,ood|val_square|square|2,matched_initial_goal_case,5,0.4338673945516348,0.01239887997508049,0.4338673945516348,0.01239887997508049,0.0,0.0,0.7338839076459408,0.07084817439317703,0.46639073742553594,0.014474641531705856,0.17070188820362092,-0.0003187805414199829,0.295688849221915,0.008355346042662859
ood,val_square,square,PREDICTOR_ONLY,terminal,3,ood|val_square|square|3,matched_initial_goal_case,5,0.4893825137987733,0.09822893142700195,0.4893825137987733,0.09822893142700195,0.0,0.0,1.6122373219579458,1.6852879263460636,1.296928539685905,1.8150365725159645,0.4259348254650831,0.1413874626159668,0.8709937142208218,0.9746223101392388
ood,val_square,square,PREDICTOR_ONLY,terminal,4,ood|val_square|square|4,matched_initial_goal_case,5,0.20383436977863312,0.0026018619537353516,0.20383436977863312,0.0026018619537353516,0.0,0.0,0.5065860968083143,0.38076815754175186,0.8354389660060406,0.21882066875696182,0.4123770594596863,0.0143643319606781,0.4230619065463543,0.38076815754175186
