phase,split,shape,arm,objective_stage,independent_unit,n_cases,n_replans,numerical_tie_epsilon,mean_case_r_selected,median_case_r_selected,bootstrap95_low_case_r_selected,bootstrap95_high_case_r_selected,mean_case_r_final_record,median_case_r_final_record,bootstrap95_low_case_r_final_record,bootstrap95_high_case_r_final_record,mean_case_eta_model_final_record,median_case_eta_model_final_record,bootstrap95_low_case_eta_model_final_record,bootstrap95_high_case_eta_model_final_record,mean_case_error_oscillation,median_case_error_oscillation,bootstrap95_low_case_error_oscillation,bootstrap95_high_case_error_oscillation,mean_case_g_model_final,median_case_g_model_final,bootstrap95_low_case_g_model_final,bootstrap95_high_case_g_model_final,mean_case_g_env_final,median_case_g_env_final,bootstrap95_low_case_g_env_final,bootstrap95_high_case_g_env_final,mean_case_omega_final,median_case_omega_final,bootstrap95_low_case_omega_final,bootstrap95_high_case_omega_final
development,val_L,L,FROZEN,full_horizon,matched_initial_goal_case,3,17,1e-06,0.006783187871850613,0.0006034976026664178,6.788078462705016e-05,0.01967818522825837,0.006783188078811186,0.0006034982235481342,6.788078462705016e-05,0.01967818522825837,5.174014303419325e-12,0.0,0.0,1.5522042910257975e-11,0.01587427127071553,0.002017091610468924,0.0014476425402487317,0.04415807966142893,0.004123455943125818,0.00270362402467678,0.0021761941025033593,0.007490549702197313,-0.0024021889070152407,0.002067792198310296,-0.012437599711120129,0.0031632407917641103,0.006525644850141059,0.0006358318263664841,-0.000987046689260751,0.019928149413317442
development,val_L,L,FROZEN,terminal,matched_initial_goal_case,3,15,1e-06,0.00833630912626783,0.008822122868150473,0.003882552869617939,0.012304251641035081,0.008336309219400087,0.008822123147547245,0.003882552869617939,0.012304251641035081,0.0,0.0,0.0,0.0,0.0955151450044165,0.10708136330358684,0.04990498097613453,0.12955909073352814,0.5226942704835286,0.634787502977997,0.23006018660962582,0.703235121862963,0.5480386775918306,0.7016312520951032,0.22311529042199255,0.7193694902583958,-0.02534440710830192,-0.01613436839543283,-0.0668437491171062,0.006944896187633276
development,val_L,L,OFFICIAL_ADAJEPA,full_horizon,matched_initial_goal_case,3,6,1e-06,0.0017843955477777247,0.0002830340090440586,0.00014476844808086753,0.004925384186208248,0.0017843955477777247,0.0002830340090440586,0.00014476844808086753,0.004925384186208248,0.0,0.0,0.0,0.0,0.01148532802956955,0.006700191428535618,0.0032636774121783674,0.02449211524799466,0.004725028130148227,0.003757853788556531,0.0027035276289097965,0.0077137029729783535,0.0038633519919433943,0.0034072070848196745,0.002556798979640007,0.005626049911370501,0.0008616761382048329,-0.000703679455909878,-0.0018681961228139699,0.0051569039933383465
development,val_L,L,OFFICIAL_ADAJEPA,terminal,matched_initial_goal_case,3,15,1e-06,0.009773142092550794,0.009840833209455013,0.009007487213239074,0.010471105854958298,0.009773142092550794,0.009840833209455013,0.009007487213239074,0.010471105854958298,0.0,0.0,0.0,0.0,0.20641575674526394,0.17150537092238666,0.08271535797975957,0.36502654133364565,0.5232440310840806,0.6335595568642021,0.23253539279103283,0.7036371435970068,0.5454451951819161,0.7017040503211319,0.2149536358192563,0.7196778994053602,-0.02220116409783562,-0.016040755808353423,-0.06814449345692992,0.017581756971776486
development,val_L,L,PREDICTOR_ONLY,full_horizon,matched_initial_goal_case,3,5,1e-06,0.0005039978293805487,0.0002555227450405558,0.0002168279024772346,0.0010396428406238556,0.0005039978293805487,0.0002555227450405558,0.0002168279024772346,0.0010396428406238556,0.0,0.0,0.0,0.0,0.02368617750471458,0.005176570033654571,0.003160545660648495,0.06272141681984067,0.004841598856728524,0.003657374531030655,0.0029161498532630503,0.007951272185891867,0.00516910931845713,0.005277285158323745,0.0033843506244011223,0.0068456921726465225,-0.00032751046172860597,-0.000468200771138072,-0.00161991062729309,0.0011055800132453442
development,val_L,L,PREDICTOR_ONLY,terminal,matched_initial_goal_case,3,15,1e-06,0.0075778124388307345,0.008550039399415255,0.0036075653973966838,0.01057583251968026,0.007577812128389875,0.008550040144473314,0.0036075637210160488,0.01057583251968026,3.104408582051595e-11,0.0,0.0,9.313225746154787e-11,0.24293449350322285,0.3073632536455989,0.06340542128309608,0.3580348055809736,0.522958835105722,0.6329969140700996,0.23195184264332055,0.7039277486037463,0.5470597644336522,0.702321323286742,0.21882402710616589,0.7200339429080488,-0.024100929327930013,-0.016106194304302334,-0.06932440921664237,0.013127815537154674
development,val_T,T,FROZEN,full_horizon,matched_initial_goal_case,3,17,1e-06,0.000139791632278098,9.077764116227627e-05,0.0,0.0003285972556720177,0.00013979181854261293,9.077764116227627e-05,0.0,0.00032859781446556246,2.328306436538696e-11,0.0,0.0,6.984919309616089e-11,0.003004615796574702,0.0034874664852395654,0.001082111441064626,0.004444269463419914,0.0014024805303456053,0.0010306669942413767,0.0009875551331788301,0.0021892194636166096,0.0019868524046614765,0.0012890074402093887,0.0010402578627690673,0.003631291911005974,-0.0005843718743158711,-0.000258340445968012,-0.0014420724473893642,-5.270272959023714e-05
development,val_T,T,FROZEN,terminal,matched_initial_goal_case,3,15,1e-06,0.0017689702877153955,0.0018686773255467415,0.0011585913132876157,0.002279642224311829,0.0017689699772745371,0.0018686773255467415,0.0011585913132876157,0.002279641292989254,0.0,0.0,0.0,0.0,0.04336667652241886,0.04085149895399809,0.02736709318123758,0.0618814374320209,0.25419815685600045,0.14446623106487094,0.027880814997479315,0.590247424505651,0.26915728628324964,0.16135558523237706,0.020381669281050563,0.6257346043363213,-0.014959129427249232,-0.016889354167506098,-0.03548717983067036,0.007499145716428757
development,val_T,T,OFFICIAL_ADAJEPA,full_horizon,matched_initial_goal_case,3,9,1e-06,7.488205382186505e-05,7.928709965199232e-05,2.12388695217669e-05,0.00012412019229183593,7.488229958754448e-05,7.928709965199232e-05,2.12388695217669e-05,0.0001241209295888742,0.0,0.0,0.0,0.0,0.0028836484998464584,0.0018613044521771371,0.0017165120225399733,0.005073129024822265,0.001626264420337975,0.0018297280184924603,0.0011616639094427228,0.001887401333078742,0.0020904973433870408,0.001805214366565148,0.0010635810904204845,0.00340269657317549,-0.0004642329230490658,8.218696651359399e-05,-0.0015729685546830297,9.808281902223825e-05
development,val_T,T,OFFICIAL_ADAJEPA,terminal,matched_initial_goal_case,3,15,1e-06,0.0037598698788012066,0.0034053964773193,0.0025537170469760893,0.005320496112108231,0.003759869940889378,0.0034053964773193,0.0025537170469760893,0.005320496298372747,1.241763432820638e-10,0.0,0.0,3.725290298461915e-10,0.047905153113727776,0.04152069259434939,0.03213295699097216,0.07006180975586176,0.25644655362702906,0.145328080188483,0.03154185167513788,0.5924697290174663,0.26820953033554057,0.15922741293907167,0.02157291495241225,0.6238282631151378,-0.011762976708511513,-0.013899332750588656,-0.03135853409767151,0.00996893672272563
development,val_T,T,PREDICTOR_ONLY,full_horizon,matched_initial_goal_case,2,7,1e-06,0.0001640023935275773,0.0001640023935275773,4.375842399895191e-05,0.0002842463630562027,0.0001640023935275773,0.0001640023935275773,4.375842399895191e-05,0.0002842463630562027,0.0,0.0,0.0,0.0,0.0032047712253794698,0.0032047712253794698,0.0029671355635703853,0.003442406887188554,0.0020358314795885235,0.0020358314795885235,0.0016417583101429045,0.0024299046490341425,0.0026570120244286954,0.0026570120244286954,0.0018749864539131522,0.0034390375949442387,-0.0006211805448401719,-0.0006211805448401719,-0.0010091329459100962,-0.0002332281437702477
development,val_T,T,PREDICTOR_ONLY,terminal,matched_initial_goal_case,3,12,1e-06,0.0024602257879450915,0.0028686512261629103,0.0014583150623366237,0.0030537110753357404,0.0024602257879450915,0.0028686512261629103,0.0014583150623366237,0.0030537110753357404,0.0,0.0,0.0,0.0,0.043019185222995776,0.045033312402665615,0.02400330558884889,0.06002093767747283,0.2650687008630484,0.14472218351438643,0.05806151102297008,0.5924224080517888,0.27352728871628645,0.1588174644857645,0.036367307882755995,0.6253970937803388,-0.008458587853237987,-0.014095280971378087,-0.03297468572854996,0.021694203140214086
ood,val_I,I,FROZEN,full_horizon,matched_initial_goal_case,5,75,1e-06,0.001447431178142627,0.00037265156085292497,0.0002804984090228876,0.0032726303267603105,0.0014474311967690786,0.00037265208860238396,0.00028049876292546587,0.003272630353768665,8.071462313334147e-11,1.241763432820638e-10,3.104408582051595e-11,1.241763432820638e-10,0.006796308209498723,0.00636028458053867,0.004625402223318815,0.008978813532739877,0.0030428607761859893,0.003560046417017778,0.0020771907828748223,0.003939408262570699,0.0019412251623968282,0.0015630974744757016,0.001095786119500796,0.002841236839691798,0.0011016356137891613,0.0007539919267098109,0.0004177658384044965,0.0021692050807178022
ood,val_I,I,FROZEN,terminal,matched_initial_goal_case,5,25,1e-06,0.06280360236763954,0.05851858407258988,0.03019257873296738,0.09541462600231171,0.06280360087752343,0.05851858407258988,0.03019257575273514,0.09541462600231171,0.0,0.0,0.0,0.0,0.31159600593149667,0.1692421119660139,0.16232155852019786,0.4892171809077263,0.4902243925631047,0.47883893847465514,0.37166645854711533,0.6159823346138,0.41602867230772966,0.3946409419178963,0.2940186949074268,0.5454569926857948,0.07419572025537492,0.05106872841715813,0.013074577450752259,0.14084921732544903
ood,val_I,I,OFFICIAL_ADAJEPA,full_horizon,matched_initial_goal_case,5,62,1e-06,0.0010779619325573247,0.0006275844061747193,0.0002541952254250646,0.0021388587666054566,0.001077962671406567,0.0006275844061747193,0.0002541952130074302,0.0021388610266149044,1.272807518641154e-10,1.5522042910257975e-11,3.104408582051595e-12,3.228584925333659e-10,0.008443944505415857,0.00814036352870365,0.00472620245690147,0.012609610577734808,0.004697721131766836,0.004330714745447039,0.0033840943903972708,0.006204915223643184,0.0026988188937927286,0.002134344866499305,0.00192121553234756,0.003890427085570991,0.0019989022379741073,0.0017305751486370962,-0.0002732818930720289,0.004045247181008259
ood,val_I,I,OFFICIAL_ADAJEPA,terminal,matched_initial_goal_case,5,25,1e-06,0.07608711689710618,0.0962666355073452,0.037541946470737456,0.10688913062214851,0.07608711689710618,0.0962666355073452,0.037541946470737456,0.10688913062214851,0.0,0.0,0.0,0.0,0.3067374336719513,0.19041746221482753,0.1465484242886305,0.47488440461456777,0.5063387356698513,0.49613313749432564,0.3719492143392563,0.6587907840311527,0.4150862906873226,0.40160498172044756,0.29155319571495053,0.5468351036310196,0.09125244498252869,0.04767157584428787,0.01595054745674133,0.17291194635629573
ood,val_I,I,PREDICTOR_ONLY,full_horizon,matched_initial_goal_case,5,62,1e-06,0.0017978120393430195,0.0006510802777484059,0.0002284017810598016,0.004184633573051536,0.001797811983463665,0.0006510802777484059,0.00022840166930109261,0.004184633589349681,1.272807518641154e-10,0.0,0.0,3.2596290111541746e-10,0.010407039406709373,0.008862820578118165,0.005935236513614655,0.014975119905235864,0.005403360123746097,0.004745847328255574,0.003028149912133813,0.00812743882338206,0.002794863395392895,0.002584938301394383,0.0017691427345077199,0.003904053152849277,0.0026084967283532025,0.0021609090268611907,-0.0005832715596382816,0.006060834874709447
ood,val_I,I,PREDICTOR_ONLY,terminal,matched_initial_goal_case,5,25,1e-06,0.08660276696085929,0.12025539875030518,0.0390488252043724,0.12580201625823975,0.08660276696085929,0.12025539875030518,0.0390488252043724,0.12580201625823975,0.0,0.0,0.0,0.0,0.3305733934789896,0.2093383688479662,0.17398962445557117,0.5046279926598072,0.49866914875805374,0.49099106453359126,0.37521920941770076,0.6388238573074341,0.4129122545570135,0.39699972569942477,0.2803578869998455,0.5497218753397466,0.08575689420104025,0.04877870231866836,0.015341825932264328,0.16024824917316435
ood,val_small_tee,small_tee,FROZEN,full_horizon,matched_initial_goal_case,4,10,1e-06,0.003472787153441459,0.003441442269831896,0.0018335538916289806,0.0051433652988635,0.00347278721164912,0.003441442269831896,0.0018335540662519634,0.0051433652988635,0.0,0.0,0.0,0.0,0.0103428126021754,0.011320953257381916,0.00531672581564635,0.015368899388704449,0.00913915250566788,0.0060621388256549835,0.0030240208143368363,0.01777668032445945,0.004728698171675205,0.004681791644543409,0.0001361803151667118,0.009321216028183699,0.004410454333992675,0.00496151705738157,-0.0016713611548766494,0.009962808282580227
ood,val_small_tee,small_tee,FROZEN,terminal,matched_initial_goal_case,5,25,1e-06,0.020573296993970872,0.022999360412359237,0.010007573068141937,0.03142461400479078,0.02057329647243023,0.022999360412359237,0.010007572025060654,0.03142461400479078,1.4901161193847657e-10,0.0,0.0,4.470348358154298e-10,0.20647578608244657,0.14904523678123952,0.09820224776864053,0.3586726888269186,0.43317376367747784,0.4275989767163992,0.2562284880876541,0.5942898966372012,0.43360216561704873,0.44227684792131183,0.2516599376127123,0.5908808594197035,-0.0004284019395709035,-0.00014357678592205047,-0.009262793511152266,0.00840598963201046
ood,val_small_tee,small_tee,OFFICIAL_ADAJEPA,full_horizon,matched_initial_goal_case,3,19,1e-06,0.0024808556203626923,0.0012538349255919456,0.000948445483421286,0.005240286452074846,0.002480854575211803,0.0012538349255919456,0.0009484431551148494,0.005240285644928614,2.5870071517096624e-11,0.0,0.0,7.761021455128987e-11,0.012477662160785663,0.012760465033352375,0.0058281155458341045,0.018844405903170505,0.008322736377724344,0.006723866332322359,0.00393821105050544,0.01430613175034523,0.007421399652957916,0.008299022912979126,0.004405000247061253,0.00956017579883337,0.0009013367247664266,-0.00046678919655581314,-0.0015751565806567669,0.00474595595151186
ood,val_small_tee,small_tee,OFFICIAL_ADAJEPA,terminal,matched_initial_goal_case,5,25,1e-06,0.034151220228523016,0.011514905840158463,0.008366984389722349,0.07507981544360517,0.034151220228523016,0.011514905840158463,0.008366984389722349,0.07507981544360517,0.0,0.0,0.0,0.0,0.1877244305796921,0.1427009914070368,0.09686568800359965,0.28893607217818496,0.44937725495547054,0.43914339896291493,0.2740585378929972,0.6148070767521858,0.43535594034940006,0.443616178072989,0.25763065088540316,0.5872785407304764,0.014021314606070517,0.019572123885154724,0.0009682871401309967,0.026652720421552662
ood,val_small_tee,small_tee,PREDICTOR_ONLY,full_horizon,matched_initial_goal_case,4,17,1e-06,0.0016528329482146849,0.0014792384851413467,0.0008918503299355507,0.0024865891318768263,0.0016528330258248993,0.0014792386403617759,0.0008918504851559796,0.002486589209487041,0.0,0.0,0.0,0.0,0.011565891817250911,0.009602626203559339,0.006639184042190513,0.017577848993823864,0.007174588235405585,0.005435023340396583,0.0036618534941226244,0.012426887871697547,0.006991112624139835,0.007216019555926323,0.0004959329962730408,0.013261385320220143,0.00018347561126574874,-0.0015269694849848747,-0.002860539359971881,0.004937935678754002
ood,val_small_tee,small_tee,PREDICTOR_ONLY,terminal,matched_initial_goal_case,5,25,1e-06,0.03163981009274721,0.014402687549591064,0.0059293735772371296,0.06757308676838875,0.03163981009274721,0.014402687549591064,0.0059293735772371296,0.06757308676838875,0.0,0.0,0.0,0.0,0.20191007126122712,0.14278642348945142,0.09198599614202976,0.33454916782677174,0.4448000357672572,0.43073110952973365,0.26593506600707767,0.6128813459724188,0.4394508485123515,0.44307023007422686,0.25694188091903924,0.5911256074905396,0.005349187254905701,0.010758838430047036,-0.006639221347868443,0.01632709741592407
ood,val_square,square,FROZEN,full_horizon,matched_initial_goal_case,5,61,1e-06,0.0017690507120763262,0.0011668785475194455,0.0005332785627494256,0.003052974566817283,0.0017660613901292286,0.0011668786716957887,0.0005332790842900673,0.0030499852200349172,1.7384688059488933e-10,6.20881716410319e-11,1.241763432820638e-11,3.8494666417439773e-10,0.009865793573359647,0.0076605877839028835,0.005222772440562646,0.016079416535794734,0.007666482782612244,0.006010562181472778,0.003077079479893049,0.012988737806056938,0.0018409122961262861,0.002001489046961069,-0.001031580592195193,0.004155682592342297,0.005825570486485958,0.0018986403942108155,0.000911368268231551,0.013787394721681872
ood,val_square,square,FROZEN,terminal,matched_initial_goal_case,5,25,1e-06,0.24381327500566843,0.20138348937034606,0.07473421197384596,0.4128923380374908,0.24381327530369162,0.20138348937034606,0.07473421197384596,0.4128923386335373,7.450580596923828e-11,0.0,0.0,2.235174179077149e-10,0.6894905082136392,0.47823476493358613,0.32796065662056206,1.151941693983972,0.6960026289895176,0.6561996573582292,0.3973207030817867,1.016273816600442,0.35421967536211013,0.42971113622188567,0.18921126604080202,0.5117232239246368,0.34178295362740757,0.3021432373672724,0.1211553666740656,0.6224788771569729
ood,val_square,square,OFFICIAL_ADAJEPA,full_horizon,matched_initial_goal_case,4,46,1e-06,0.003544953046366572,0.0008356318343430757,0.00029175515131404,0.009507472153442602,0.0035449535430719455,0.0008356318343430757,0.00029175515131404,0.00950747364355872,6.208817164103191e-10,4.967053731282552e-10,0.0,1.2417634328206382e-09,0.018905357713811098,0.010812553158029915,0.006281589545930425,0.038473124592564995,0.017728540844594437,0.006808015471324324,0.004308391502127052,0.041725441347807646,0.00821011858837058,0.00508783501572907,0.00256311958655715,0.016939364932477472,0.009518422256223857,0.0020364641677588224,0.0015871300594881175,0.02493167254142463
ood,val_square,square,OFFICIAL_ADAJEPA,terminal,matched_initial_goal_case,5,25,1e-06,0.22212412461638448,0.2220649391412735,0.07601092621684075,0.36823732301592826,0.22212412461638448,0.2220649391412735,0.07601092621684075,0.36823732301592826,0.0,0.0,0.0,0.0,0.691775975022465,0.5218578454107046,0.33443594606593247,1.1346503724902868,0.6864859254471958,0.6527932442724704,0.40423400806263093,0.9976581766456366,0.36105300441384314,0.3931775361299515,0.20775075167417528,0.514355257153511,0.3254329210333526,0.2994261383078992,0.10973381554707887,0.5591277191042899
ood,val_square,square,PREDICTOR_ONLY,full_horizon,matched_initial_goal_case,5,75,1e-06,0.0025889453074584407,0.00033866635834177335,0.00024497429219384986,0.007126222041745981,0.002588945437843601,0.00033866669982671736,0.00024497457159062224,0.00712622158229351,5.572413404782613e-10,4.1909515857696534e-10,1.5987704197565714e-10,9.778887033462525e-10,0.017128562764264645,0.003942965840299924,0.003376817228272557,0.04229779709906628,0.016805142873587708,0.004861864199241003,0.001911491903786858,0.04210790189603965,0.005697322009752194,0.0034551223119099936,0.0012480143830180168,0.011583530592421693,0.011107820863835514,0.001406741887331009,0.0006634775207688411,0.03041994706572344
ood,val_square,square,PREDICTOR_ONLY,terminal,matched_initial_goal_case,5,25,1e-06,0.24866522602736954,0.20383436977863312,0.08726361475884914,0.41006683729588983,0.24866522602736954,0.20383436977863312,0.08726361475884914,0.41006683729588983,3.725290298461914e-11,0.0,0.0,1.1175870895385744e-10,0.7075199599936604,0.5454415462911129,0.3317645572498441,1.177747921794653,0.6982350022904574,0.6539197236299514,0.40346416750922803,1.0200347954779863,0.35296075694262985,0.4123770594596863,0.20568840764462948,0.4975913034379483,0.3452742453478277,0.295688849221915,0.1137884725444019,0.6261209971457719
