physical_branch_id,anchor_id,labels,depth,real_goal_cost,free_model_goal_cost,teacher_forced_model_goal_cost,free_latent_mse,free_visual_mse,free_proprio_mse,teacher_forced_latent_mse,teacher_forced_visual_mse,teacher_forced_proprio_mse,preceding_action_delta_l2,preceding_action_delta_max_abs
val_L_L_s0_m4_b0,val_L|L|s0|m4,frozen,0,0.5403964519500732,0.5403964519500732,0.5403964519500732,0.0,0.0,0.0,0.0,0.0,0.0,0.0,0.0
val_L_L_s0_m4_b0,val_L|L|s0|m4,frozen,1,0.09652795642614365,0.06718520075082779,0.06718520075082779,0.006058286875486374,0.005200479179620743,0.0008578078704886138,0.006058286875486374,0.005200479179620743,0.0008578078704886138,0.0,0.0
val_L_L_s0_m4_b0,val_L|L|s0|m4,frozen,2,0.004499900154769421,0.009639738127589226,0.0055783577263355255,0.004610464908182621,0.0036152913235127926,0.0009951733518391848,0.0051209707744419575,0.0032589915208518505,0.0018619791371747851,0.25226694345474243,0.11768430471420288
val_L_L_s0_m4_b0,val_L|L|s0|m4,frozen,3,0.0056874630972743034,0.008371562696993351,0.007738530170172453,0.0043421778827905655,0.003654570784419775,0.0006876070401631296,0.006656017154455185,0.004412542562931776,0.0022434743586927652,0.243105947971344,0.14284324645996094
val_L_L_s0_m4_b0,val_L|L|s0|m4,frozen,4,0.006854319013655186,0.008882059715688229,0.00782186258584261,0.004834089428186417,0.003926121164113283,0.0009079680894501507,0.007713143713772297,0.005383646115660667,0.002329497365280986,0.17121243476867676,0.0886094868183136
val_L_L_s0_m4_b0,val_L|L|s0|m4,frozen,5,0.0071355197578668594,0.009181922301650047,0.007828698493540287,0.004948743619024754,0.003951222635805607,0.000997520866803825,0.008809435181319714,0.006572797894477844,0.0022366370540112257,0.16009283065795898,0.09170305728912354
val_L_L_s0_m4_b1,val_L|L|s0|m4,adapted,0,0.5403964519500732,0.5403964519500732,0.5403964519500732,0.0,0.0,0.0,0.0,0.0,0.0,0.0,0.0
val_L_L_s0_m4_b1,val_L|L|s0|m4,adapted,1,0.09090275317430496,0.0663471594452858,0.0663471594452858,0.005117969587445259,0.00425486546009779,0.0008631041273474693,0.005117969587445259,0.00425486546009779,0.0008631041273474693,0.0,0.0
val_L_L_s0_m4_b1,val_L|L|s0|m4,adapted,2,0.0047804005444049835,0.009732669219374657,0.005873184651136398,0.004371511749923229,0.0034308284521102905,0.0009406832978129387,0.005038389936089516,0.0031899064779281616,0.001848483458161354,0.24062201380729675,0.13838082551956177
val_L_L_s0_m4_b1,val_L|L|s0|m4,adapted,3,0.006587461568415165,0.008369574323296547,0.00783186499029398,0.004528909921646118,0.0038435901515185833,0.000685319711919874,0.0068602366372942924,0.004615104757249355,0.0022451316472142935,0.23054319620132446,0.13441789150238037
val_L_L_s0_m4_b1,val_L|L|s0|m4,adapted,4,0.007990376092493534,0.008882418274879456,0.0077983299270272255,0.005197071935981512,0.004257123451679945,0.0009399483096785843,0.008394356817007065,0.006099869962781668,0.0022944870870560408,0.21815504133701324,0.11306235194206238
val_L_L_s0_m4_b1,val_L|L|s0|m4,adapted,5,0.00796519685536623,0.009182896465063095,0.007718401029706001,0.005365820601582527,0.0043288036249578,0.0010370168602094054,0.010176190175116062,0.007973738946020603,0.0022024509962648153,0.1964496374130249,0.11258330941200256
val_L_L_s0_m4_b2,val_L|L|s0|m4,oracle,0,0.5403964519500732,0.5403964519500732,0.5403964519500732,0.0,0.0,0.0,0.0,0.0,0.0,0.0,0.0
val_L_L_s0_m4_b2,val_L|L|s0|m4,oracle,1,0.09112079441547394,0.06251495331525803,0.06251495331525803,0.005960993003100157,0.0051037622615695,0.0008572305669076741,0.005960993003100157,0.0051037622615695,0.0008572305669076741,0.0,0.0
val_L_L_s0_m4_b2,val_L|L|s0|m4,oracle,2,0.003965799231082201,0.010067428462207317,0.005360410548746586,0.005334621295332909,0.004290215205401182,0.0010444062063470483,0.005139837972819805,0.0032607908360660076,0.0018790469039231539,0.29094913601875305,0.1299383044242859
val_L_L_s0_m4_b2,val_L|L|s0|m4,oracle,3,0.006278954911977053,0.008361565880477428,0.008813740685582161,0.0044475579634308815,0.003967955708503723,0.00047960240044631064,0.006686541251838207,0.004379704128950834,0.0023068368900567293,0.3019276559352875,0.1490364372730255
val_L_L_s0_m4_b2,val_L|L|s0|m4,oracle,4,0.007249628193676472,0.008880510926246643,0.00790489837527275,0.004914963152259588,0.0038562908302992582,0.0010586724383756518,0.007605048827826977,0.005233300384134054,0.002371748210862279,0.2134401500225067,0.11528682708740234
val_L_L_s0_m4_b2,val_L|L|s0|m4,oracle,5,0.007750063203275204,0.00917993113398552,0.007962487637996674,0.004881346598267555,0.003916814923286438,0.0009645316167734563,0.008956342935562134,0.006728052161633968,0.0022282905410975218,0.17260998487472534,0.09342887997627258
val_L_L_s1_m4_b0,val_L|L|s1|m4,frozen,0,0.8393767476081848,0.8393767476081848,0.8393767476081848,0.0,0.0,0.0,0.0,0.0,0.0,0.0,0.0
val_L_L_s1_m4_b0,val_L|L|s1|m4,frozen,1,0.2370598018169403,0.2422829270362854,0.2422829270362854,0.00908650178462267,0.007794857025146484,0.0012916447594761848,0.00908650178462267,0.007794857025146484,0.0012916447594761848,0.0,0.0
val_L_L_s1_m4_b0,val_L|L|s1|m4,frozen,2,0.06844165921211243,0.05094912648200989,0.047818005084991455,0.008679184131324291,0.00680019985884428,0.0018789839232340455,0.015008369460701942,0.011312036775052547,0.0036963329184800386,0.26214736700057983,0.13313409686088562
val_L_L_s1_m4_b0,val_L|L|s1|m4,frozen,3,0.02920226752758026,0.02018960565328598,0.018126916140317917,0.009649541229009628,0.008569858968257904,0.0010796821443364024,0.022947365418076515,0.018473174422979355,0.004474191460758448,0.36310556530952454,0.2246304452419281
val_L_L_s1_m4_b0,val_L|L|s1|m4,frozen,4,0.027802053838968277,0.028579330071806908,0.02370106242597103,0.026725251227617264,0.02484668791294098,0.001878563198260963,0.023391494527459145,0.01813913695514202,0.005252358037978411,0.32420966029167175,0.2129894495010376
val_L_L_s1_m4_b0,val_L|L|s1|m4,frozen,5,0.029091671109199524,0.03586990758776665,0.038471512496471405,0.025786152109503746,0.022791054099798203,0.0029950987081974745,0.023747999221086502,0.01693551242351532,0.006812486331909895,0.8382143974304199,0.43746471405029297
val_L_L_s1_m4_b1,val_L|L|s1|m4,adapted,0,0.8393767476081848,0.8393767476081848,0.8393767476081848,0.0,0.0,0.0,0.0,0.0,0.0,0.0,0.0
val_L_L_s1_m4_b1,val_L|L|s1|m4,adapted,1,0.23705968260765076,0.24228237569332123,0.24228237569332123,0.009086530655622482,0.007794886827468872,0.0012916438281536102,0.009086530655622482,0.007794886827468872,0.0012916438281536102,0.0,0.0
val_L_L_s1_m4_b1,val_L|L|s1|m4,adapted,2,0.06844160705804825,0.05094904825091362,0.04781785607337952,0.008679174818098545,0.006800213363021612,0.0018789615714922547,0.015008458867669106,0.011312129907310009,0.00369632919318974,0.2621493339538574,0.13313564658164978
val_L_L_s1_m4_b1,val_L|L|s1|m4,adapted,3,0.02920226939022541,0.020189601927995682,0.018126918002963066,0.009649544022977352,0.008569866418838501,0.0010796778369694948,0.02294744923710823,0.018473241478204727,0.004474207758903503,0.36310499906539917,0.22463026642799377
val_L_L_s1_m4_b1,val_L|L|s1|m4,adapted,4,0.02780206687748432,0.02857939526438713,0.023701120167970657,0.026725269854068756,0.024846699088811874,0.0018785704160109162,0.02339150756597519,0.01813913695514202,0.005252371076494455,0.32421034574508667,0.21299058198928833
val_L_L_s1_m4_b1,val_L|L|s1|m4,adapted,5,0.029091648757457733,0.03586992993950844,0.03847156837582588,0.025786206126213074,0.022791098803281784,0.002995107090100646,0.023748021572828293,0.016935527324676514,0.006812495179474354,0.8382136225700378,0.4374644160270691
val_L_L_s1_m4_b2,val_L|L|s1|m4,oracle,0,0.8393767476081848,0.8393767476081848,0.8393767476081848,0.0,0.0,0.0,0.0,0.0,0.0,0.0,0.0
val_L_L_s1_m4_b2,val_L|L|s1|m4,oracle,1,0.21392673254013062,0.21353434026241302,0.21353434026241302,0.011312236078083515,0.009968732483685017,0.0013435035943984985,0.011312236078083515,0.009968732483685017,0.0013435035943984985,0.0,0.0
val_L_L_s1_m4_b2,val_L|L|s1|m4,oracle,2,0.06971513479948044,0.04613128677010536,0.04181531071662903,0.011215098202228546,0.009259377606213093,0.001955720130354166,0.019946841523051262,0.01599566638469696,0.003951174672693014,0.2514248788356781,0.13019055128097534
val_L_L_s1_m4_b2,val_L|L|s1|m4,oracle,3,0.017306305468082428,0.020215321332216263,0.01675299182534218,0.01042989268898964,0.00922391377389431,0.001205979147925973,0.01691381447017193,0.01252337358891964,0.0043904404155910015,0.32254379987716675,0.18975988030433655
val_L_L_s1_m4_b2,val_L|L|s1|m4,oracle,4,0.02234160155057907,0.030301734805107117,0.029264163225889206,0.018552202731370926,0.0170816071331501,0.0014705955982208252,0.014795012772083282,0.008982395753264427,0.005812616553157568,1.0453680753707886,0.5597295761108398
val_L_L_s1_m4_b2,val_L|L|s1|m4,oracle,5,0.026739072054624557,0.035719338804483414,0.029720488935709,0.02489124983549118,0.021011997014284134,0.0038792535196989775,0.03222491964697838,0.02624719962477684,0.005977720487862825,0.6737252473831177,0.35461682081222534
val_L_L_s2_m4_b0,val_L|L|s2|m4,frozen,0,0.22632145881652832,0.22632145881652832,0.22632145881652832,0.0,0.0,0.0,0.0,0.0,0.0,0.0,0.0
val_L_L_s2_m4_b0,val_L|L|s2|m4,frozen,1,0.19368629157543182,0.15815989673137665,0.15815989673137665,0.0058812545612454414,0.004034116864204407,0.0018471375806257129,0.0058812545612454414,0.004034116864204407,0.0018471375806257129,0.0,0.0
val_L_L_s2_m4_b0,val_L|L|s2|m4,frozen,2,0.045046158134937286,0.025149108842015266,0.023321842774748802,0.01046279538422823,0.008795997127890587,0.0016667981399223208,0.011247034184634686,0.009314168244600296,0.001932865590788424,0.12814375758171082,0.08921420574188232
val_L_L_s2_m4_b0,val_L|L|s2|m4,frozen,3,0.02723962441086769,0.01713917963206768,0.01980307325720787,0.015839964151382446,0.011387376114726067,0.004452587570995092,0.023895086720585823,0.021968131884932518,0.0019269556505605578,0.7756656408309937,0.4877970814704895
val_L_L_s2_m4_b0,val_L|L|s2|m4,frozen,4,0.021432559937238693,0.02171400561928749,0.019011428579688072,0.017054352909326553,0.015139244496822357,0.0019151086453348398,0.03285691514611244,0.030085470527410507,0.0027714460156857967,0.5744613409042358,0.45197975635528564
val_L_L_s2_m4_b0,val_L|L|s2|m4,frozen,5,0.021863657981157303,0.023271877318620682,0.020844915881752968,0.020240437239408493,0.01817220263183117,0.0020682341419160366,0.04128847271203995,0.03735573589801788,0.003932738211005926,0.5956764817237854,0.4521734118461609
val_L_L_s2_m4_b1,val_L|L|s2|m4,adapted,0,0.22632145881652832,0.22632145881652832,0.22632145881652832,0.0,0.0,0.0,0.0,0.0,0.0,0.0,0.0
val_L_L_s2_m4_b1,val_L|L|s2|m4,adapted,1,0.19368626177310944,0.15815983712673187,0.15815983712673187,0.005881257820874453,0.004034123383462429,0.0018471345538273454,0.005881257820874453,0.004034123383462429,0.0018471345538273454,0.0,0.0
val_L_L_s2_m4_b1,val_L|L|s2|m4,adapted,2,0.04504616558551788,0.02514910325407982,0.023321833461523056,0.010462806560099125,0.008796005509793758,0.0016668010503053665,0.011247053742408752,0.009314185008406639,0.001932868966832757,0.1281435638666153,0.08921456336975098
val_L_L_s2_m4_b1,val_L|L|s2|m4,adapted,3,0.02723962999880314,0.017139192670583725,0.01980309560894966,0.015839964151382446,0.011387373320758343,0.004452591296285391,0.023895110934972763,0.021968156099319458,0.001926954137161374,0.7756668329238892,0.48779767751693726
val_L_L_s2_m4_b1,val_L|L|s2|m4,adapted,4,0.021432556211948395,0.02171400561928749,0.019011441618204117,0.017054358497262,0.015139242634177208,0.0019151151645928621,0.03285691887140274,0.030085474252700806,0.002771444618701935,0.5744624137878418,0.45197996497154236
val_L_L_s2_m4_b1,val_L|L|s2|m4,adapted,5,0.021863650530576706,0.023271877318620682,0.02084493264555931,0.020240427926182747,0.018172189593315125,0.0020682381000369787,0.04128848761320114,0.03735575079917908,0.003932738211005926,0.5956769585609436,0.45217418670654297
val_L_L_s2_m4_b2,val_L|L|s2|m4,oracle,0,0.22632145881652832,0.22632145881652832,0.22632145881652832,0.0,0.0,0.0,0.0,0.0,0.0,0.0,0.0
val_L_L_s2_m4_b2,val_L|L|s2|m4,oracle,1,0.1879282146692276,0.15922141075134277,0.15922141075134277,0.005354022141546011,0.003644730430096388,0.001709291711449623,0.005354022141546011,0.003644730430096388,0.001709291711449623,0.0,0.0
val_L_L_s2_m4_b2,val_L|L|s2|m4,oracle,2,0.04515381157398224,0.026385467499494553,0.02421783283352852,0.009856438264250755,0.00825457088649273,0.0016018670285120606,0.010508524253964424,0.008579369634389877,0.0019291546195745468,0.12447050213813782,0.0913320779800415
val_L_L_s2_m4_b2,val_L|L|s2|m4,oracle,3,0.02555711381137371,0.0164838545024395,0.017972024157643318,0.015652991831302643,0.012060604989528656,0.003592386841773987,0.023796165362000465,0.021793877705931664,0.0020022874232381582,0.7408429980278015,0.47645097970962524
val_L_L_s2_m4_b2,val_L|L|s2|m4,oracle,4,0.020301852375268936,0.02208467572927475,0.01907936856150627,0.01573830470442772,0.012801415286958218,0.002936889650300145,0.029331065714359283,0.026439964771270752,0.002891101408749819,0.6292035579681396,0.4573780298233032
val_L_L_s2_m4_b2,val_L|L|s2|m4,oracle,5,0.0228232741355896,0.02349284663796425,0.022857386618852615,0.02213370054960251,0.016148943454027176,0.005984756629914045,0.03795403242111206,0.03369981795549393,0.004254216328263283,0.7995979189872742,0.48868292570114136
val_T_T_s0_m4_b0,val_T|T|s0|m4,frozen,0,0.09058825671672821,0.09058825671672821,0.09058825671672821,0.0,0.0,0.0,0.0,0.0,0.0,0.0,0.0
val_T_T_s0_m4_b0,val_T|T|s0|m4,frozen,1,0.11203299462795258,0.11196994036436081,0.11196994036436081,0.004939573351293802,0.004517756402492523,0.00042181703611277044,0.004939573351293802,0.004517756402492523,0.00042181703611277044,0.0,0.0
val_T_T_s0_m4_b0,val_T|T|s0|m4,frozen,2,0.04168069735169411,0.03199142962694168,0.029692329466342926,0.008625883609056473,0.007494847755879164,0.0011310357367619872,0.009063757956027985,0.0075800600461661816,0.0014836982591077685,0.16729424893856049,0.14899800717830658
val_T_T_s0_m4_b0,val_T|T|s0|m4,frozen,3,0.0322052501142025,0.029202725738286972,0.012305960059165955,0.012897375039756298,0.011767802760004997,0.0011295726289972663,0.015615193173289299,0.011996529065072536,0.0036186636425554752,0.5036962628364563,0.4178529977798462
val_T_T_s0_m4_b0,val_T|T|s0|m4,frozen,4,0.031365521252155304,0.030978713184595108,0.009093519300222397,0.01614706590771675,0.015015881508588791,0.0011311834678053856,0.02339255064725876,0.017831891775131226,0.005560659803450108,0.44922348856925964,0.37850654125213623
val_T_T_s0_m4_b0,val_T|T|s0|m4,frozen,5,0.031071990728378296,0.03458338975906372,0.009100083261728287,0.023063039407134056,0.02113274857401848,0.0019302914151921868,0.03599363565444946,0.027412032708525658,0.00858160201460123,0.5424858331680298,0.4774268865585327
val_T_T_s0_m4_b1,val_T|T|s0|m4,adapted,0,0.09058825671672821,0.09058825671672821,0.09058825671672821,0.0,0.0,0.0,0.0,0.0,0.0,0.0,0.0
val_T_T_s0_m4_b1,val_T|T|s0|m4,adapted,1,0.10656793415546417,0.10594034940004349,0.10594034940004349,0.005158520303666592,0.0047515397891402245,0.0004069804272148758,0.005158520303666592,0.0047515397891402245,0.0004069804272148758,0.0,0.0
val_T_T_s0_m4_b1,val_T|T|s0|m4,adapted,2,0.04101499915122986,0.031251005828380585,0.028423821553587914,0.009005333296954632,0.007898378185927868,0.0011069547617807984,0.009486970491707325,0.00792764127254486,0.0015593291027471423,0.1717749536037445,0.15671227872371674
val_T_T_s0_m4_b1,val_T|T|s0|m4,adapted,3,0.032486848533153534,0.029219040647149086,0.01207817904651165,0.013560213148593903,0.012317737564444542,0.0012424759333953261,0.016141001135110855,0.012476678937673569,0.0036643228959292173,0.5133897066116333,0.44087105989456177
val_T_T_s0_m4_b1,val_T|T|s0|m4,adapted,4,0.03250359743833542,0.031141746789216995,0.008906541392207146,0.018041471019387245,0.01679413393139839,0.0012473370879888535,0.025437096133828163,0.019781656563282013,0.0056554400362074375,0.47190889716148376,0.3954048752784729
val_T_T_s0_m4_b1,val_T|T|s0|m4,adapted,5,0.03138210251927376,0.03477144241333008,0.008868908509612083,0.024602504447102547,0.022294051945209503,0.0023084518034011126,0.037470996379852295,0.028726814314723015,0.00874418392777443,0.5832785964012146,0.5190110206604004
val_T_T_s0_m4_b2,val_T|T|s0|m4,oracle,0,0.09058825671672821,0.09058825671672821,0.09058825671672821,0.0,0.0,0.0,0.0,0.0,0.0,0.0,0.0
val_T_T_s0_m4_b2,val_T|T|s0|m4,oracle,1,0.09762419760227203,0.09682627022266388,0.09682627022266388,0.005580072291195393,0.005182565189898014,0.00039750695577822626,0.005580072291195393,0.005182565189898014,0.00039750695577822626,0.0,0.0
val_T_T_s0_m4_b2,val_T|T|s0|m4,oracle,2,0.04075052589178085,0.03027109056711197,0.02686549350619316,0.009098569862544537,0.00795335229486227,0.0011452179169282317,0.009702051989734173,0.008002690970897675,0.0016993609024211764,0.19331581890583038,0.17754171788692474
val_T_T_s0_m4_b2,val_T|T|s0|m4,oracle,3,0.0317666158080101,0.0292710829526186,0.011472467333078384,0.013500304892659187,0.012277526780962944,0.0012227778788655996,0.016179602593183517,0.012422043830156326,0.0037575592286884785,0.5200322270393372,0.44323670864105225
val_T_T_s0_m4_b2,val_T|T|s0|m4,oracle,4,0.031082656234502792,0.03062887117266655,0.008870696648955345,0.017268456518650055,0.016125774011015892,0.001142682391218841,0.02453179843723774,0.01875142753124237,0.005780370440334082,0.45971769094467163,0.3906658887863159
val_T_T_s0_m4_b2,val_T|T|s0|m4,oracle,5,0.03251759707927704,0.035633623600006104,0.00947922095656395,0.024115994572639465,0.022010138258337975,0.00210585561580956,0.03808049485087395,0.02927233651280403,0.00880815926939249,0.6235150098800659,0.4881272315979004
val_T_T_s1_m4_b0,val_T|T|s1|m4,frozen;oracle,0,0.05687359720468521,0.05687359720468521,0.05687359720468521,0.0,0.0,0.0,0.0,0.0,0.0,0.0,0.0
val_T_T_s1_m4_b0,val_T|T|s1|m4,frozen;oracle,1,0.03743905574083328,0.041822146624326706,0.041822146624326706,0.003196164034307003,0.0025557212065905333,0.0006404427113011479,0.003196164034307003,0.0025557212065905333,0.0006404427113011479,0.0,0.0
val_T_T_s1_m4_b0,val_T|T|s1|m4,frozen;oracle,2,0.0060119954869151115,0.010985521599650383,0.011728521436452866,0.004645798355340958,0.004360932856798172,0.0002848656731657684,0.004773955326527357,0.0043816594406962395,0.00039229574031196535,0.0484720803797245,0.0215691477060318
val_T_T_s1_m4_b0,val_T|T|s1|m4,frozen;oracle,3,0.002392773749306798,0.007731558755040169,0.008678573183715343,0.005663465708494186,0.004704775754362345,0.0009586897795088589,0.006002846173942089,0.0052926018834114075,0.0007102442905306816,0.1294318586587906,0.08054991811513901
val_T_T_s1_m4_b0,val_T|T|s1|m4,frozen;oracle,4,0.002498131711035967,0.007560784462839365,0.009640192613005638,0.005350998602807522,0.00434670178219676,0.0010042970534414053,0.006463830359280109,0.005354383960366249,0.0011094463989138603,0.12432964146137238,0.08066811412572861
val_T_T_s1_m4_b0,val_T|T|s1|m4,frozen;oracle,5,0.002387839136645198,0.007495994679629803,0.011112211272120476,0.005318376701325178,0.0044584679417312145,0.0008599085849709809,0.008145344443619251,0.006556353531777859,0.001588991261087358,0.09457308053970337,0.05731701850891113
val_T_T_s1_m4_b1,val_T|T|s1|m4,adapted,0,0.05687359720468521,0.05687359720468521,0.05687359720468521,0.0,0.0,0.0,0.0,0.0,0.0,0.0,0.0
val_T_T_s1_m4_b1,val_T|T|s1|m4,adapted,1,0.03742077201604843,0.04173944517970085,0.04173944517970085,0.0031934354919940233,0.0025536424946039915,0.0006397929391823709,0.0031934354919940233,0.0025536424946039915,0.0006397929391823709,0.0,0.0
val_T_T_s1_m4_b1,val_T|T|s1|m4,adapted,2,0.00600773049518466,0.010978322476148605,0.011705981567502022,0.004646827932447195,0.004362466745078564,0.00028436118736863136,0.004769478924572468,0.004378367215394974,0.00039111185469664633,0.047805678099393845,0.02089744061231613
val_T_T_s1_m4_b1,val_T|T|s1|m4,adapted,3,0.0023915250785648823,0.0077333454973995686,0.008668108843266964,0.005666940473020077,0.004706807434558868,0.0009601330384612083,0.005999208427965641,0.005288860760629177,0.0007103477255441248,0.12956847250461578,0.08064572513103485
val_T_T_s1_m4_b1,val_T|T|s1|m4,adapted,4,0.0024974902626127005,0.00756296468898654,0.009631672874093056,0.005353971384465694,0.004348308313637972,0.0010056633036583662,0.0064600687474012375,0.005350584164261818,0.0011094846995547414,0.1244746521115303,0.0807395875453949
val_T_T_s1_m4_b1,val_T|T|s1|m4,adapted,5,0.0023874787148088217,0.007497693877667189,0.01110448595136404,0.005320971366018057,0.004459801129996777,0.000861170410644263,0.008140627294778824,0.006551613565534353,0.001589013496413827,0.09468339383602142,0.057397790253162384
val_T_T_s2_m4_b0,val_T|T|s2|m4,frozen,0,0.4808773100376129,0.4808773100376129,0.4808773100376129,0.0,0.0,0.0,0.0,0.0,0.0,0.0,0.0
val_T_T_s2_m4_b0,val_T|T|s2|m4,frozen,1,0.11049607396125793,0.09626685827970505,0.09626685827970505,0.0057335407473146915,0.005119848996400833,0.0006136917509138584,0.0057335407473146915,0.005119848996400833,0.0006136917509138584,0.0,0.0
val_T_T_s2_m4_b0,val_T|T|s2|m4,frozen,2,0.0422285720705986,0.029280249029397964,0.024996640160679817,0.013960993848741055,0.012456710450351238,0.0015042830491438508,0.01277436688542366,0.011843735352158546,0.0009306313586421311,0.4240542948246002,0.31936997175216675
val_T_T_s2_m4_b0,val_T|T|s2|m4,frozen,3,0.03048073500394821,0.018362874165177345,0.016576586291193962,0.019297271966934204,0.016829844564199448,0.0024674281012266874,0.014842754229903221,0.013904593884944916,0.0009381599957123399,0.4529806077480316,0.2843059301376343
val_T_T_s2_m4_b0,val_T|T|s2|m4,frozen,4,0.031000670045614243,0.01567184180021286,0.014644786715507507,0.026962026953697205,0.023432670161128044,0.0035293560940772295,0.018870867788791656,0.01795484870672226,0.0009160198387689888,0.3655130863189697,0.282441109418869
val_T_T_s2_m4_b0,val_T|T|s2|m4,frozen,5,0.03074019029736519,0.016888746991753578,0.014436924830079079,0.030629165470600128,0.02850261889398098,0.0021265465766191483,0.022701214998960495,0.021828770637512207,0.0008724435465410352,0.4525967240333557,0.2762798070907593
val_T_T_s2_m4_b1,val_T|T|s2|m4,adapted,0,0.4808773100376129,0.4808773100376129,0.4808773100376129,0.0,0.0,0.0,0.0,0.0,0.0,0.0,0.0
val_T_T_s2_m4_b1,val_T|T|s2|m4,adapted,1,0.10681939125061035,0.09626159816980362,0.09626159816980362,0.005400415044277906,0.004781696014106274,0.0006187192047946155,0.005400415044277906,0.004781696014106274,0.0006187192047946155,0.0,0.0
val_T_T_s2_m4_b1,val_T|T|s2|m4,adapted,2,0.044458288699388504,0.02938823401927948,0.025075171142816544,0.015233817510306835,0.013758653774857521,0.0014751635026186705,0.014121278189122677,0.013170856051146984,0.0009504225454293191,0.410084992647171,0.2993517518043518
val_T_T_s2_m4_b1,val_T|T|s2|m4,adapted,3,0.029853131622076035,0.018273785710334778,0.01655806601047516,0.018653498962521553,0.016389042139053345,0.0022644572891294956,0.014777070842683315,0.013841337524354458,0.0009357333183288574,0.46198222041130066,0.30552583932876587
val_T_T_s2_m4_b1,val_T|T|s2|m4,adapted,4,0.03176599740982056,0.015572771430015564,0.014940609224140644,0.027742760255932808,0.02363925240933895,0.0041035073809325695,0.01927061565220356,0.01834474503993988,0.0009258710197173059,0.4048742949962616,0.30383825302124023
val_T_T_s2_m4_b1,val_T|T|s2|m4,adapted,5,0.03138047829270363,0.016803666949272156,0.014711383730173111,0.031287532299757004,0.02863907814025879,0.002648453926667571,0.022830985486507416,0.02200026623904705,0.000830720120575279,0.4123615026473999,0.2965647578239441
val_T_T_s2_m4_b2,val_T|T|s2|m4,oracle,0,0.4808773100376129,0.4808773100376129,0.4808773100376129,0.0,0.0,0.0,0.0,0.0,0.0,0.0,0.0
val_T_T_s2_m4_b2,val_T|T|s2|m4,oracle,1,0.10330323129892349,0.08601021021604538,0.08601021021604538,0.006418144330382347,0.005892058368772268,0.0005260860198177397,0.006418144330382347,0.005892058368772268,0.0005260860198177397,0.0,0.0
val_T_T_s2_m4_b2,val_T|T|s2|m4,oracle,2,0.02875383198261261,0.026399891823530197,0.022733453661203384,0.008346160873770714,0.006940254010260105,0.0014059067470952868,0.008780380710959435,0.008007620461285114,0.0007727602496743202,0.47516119480133057,0.27451539039611816
val_T_T_s2_m4_b2,val_T|T|s2|m4,oracle,3,0.028018763288855553,0.02074008248746395,0.017074735835194588,0.016512420028448105,0.01469594519585371,0.0018164742505177855,0.014326740056276321,0.013275539502501488,0.0010512005537748337,0.5113206505775452,0.3947703242301941
val_T_T_s2_m4_b2,val_T|T|s2|m4,oracle,4,0.027433326467871666,0.017416583374142647,0.01837652549147606,0.018825246021151543,0.017606742680072784,0.0012185033410787582,0.015182927250862122,0.01419825665652752,0.0009846704779192805,0.4143037497997284,0.30684250593185425
val_T_T_s2_m4_b2,val_T|T|s2|m4,oracle,5,0.026682674884796143,0.018206851556897163,0.01575322449207306,0.025200827047228813,0.02342616766691208,0.0017746590310707688,0.01949288509786129,0.018355336040258408,0.0011375498725101352,0.568506121635437,0.3566078543663025
