anchor_id,physical_branch_id,depth,input_recursion_norm_sq,real_input_residual_norm_sq,cross_inner_product,teacher_error_norm_sq,closure
val_L|L|s0|m4,val_L_L_s0_m4_b0,1,0.0,0.012116574182657687,0.0,0.012116574182657687,0.0
val_L|L|s0|m4,val_L_L_s0_m4_b0,2,0.003449789698890902,0.010262467360607706,-0.0017351580033835943,0.010241941052731419,0.0
val_L|L|s0|m4,val_L_L_s0_m4_b0,3,0.0038869593047312764,0.008804419627845275,0.0003103270913692448,0.01331203311531504,-2.0599841277224584e-18
val_L|L|s0|m4,val_L_L_s0_m4_b0,4,0.005028758105264285,0.009447961960541708,0.00047478362503205806,0.015426287315870108,-7.589415207398531e-19
val_L|L|s0|m4,val_L_L_s0_m4_b0,5,0.006332629004852411,0.009097156741455614,0.001094542193347716,0.017618870133003454,-3.903127820947816e-18
val_L|L|s0|m4,val_L_L_s0_m4_b1,1,0.0,0.010235938739004262,0.0,0.010235938739004262,0.0
val_L|L|s0|m4,val_L_L_s0_m4_b1,2,0.0027062981652035915,0.009561042292287061,-0.0010952805005973387,0.010076779456295978,2.168404344971009e-18
val_L|L|s0|m4,val_L_L_s0_m4_b1,3,0.003699978545452082,0.009396940073318013,0.0003117771640603184,0.01372047294689073,-1.8431436932253575e-18
val_L|L|s0|m4,val_L_L_s0_m4_b1,4,0.005196652735463651,0.009770037312829613,0.0009110116706068514,0.016788713389506965,-2.3852447794681098e-18
val_L|L|s0|m4,val_L_L_s0_m4_b1,5,0.007327662266907841,0.009459303360737609,0.0017827068482194832,0.02035237932408442,2.6020852139652106e-18
val_L|L|s0|m4,val_L_L_s0_m4_b2,1,0.0,0.01192198512239246,0.0,0.01192198512239246,0.0
val_L|L|s0|m4,val_L_L_s0_m4_b2,2,0.004655762435723384,0.01131577588621506,-0.0028459316739844766,0.010279674973969494,3.469446951953614e-18
val_L|L|s0|m4,val_L_L_s0_m4_b2,3,0.004433558690752403,0.009795132803718005,-0.00042780460768494864,0.013373082279100511,-2.168404344971009e-19
val_L|L|s0|m4,val_L_L_s0_m4_b2,4,0.004773178103035602,0.00896365007939624,0.0007366343101983685,0.015210096802828574,-4.9873299934333204e-18
val_L|L|s0|m4,val_L_L_s0_m4_b2,5,0.006262145008496204,0.009015768533437354,0.0013173856141006713,0.0179126847701349,-1.734723475976807e-18
val_L|L|s1|m4,val_L_L_s1_m4_b0,1,0.0,0.018173004358569736,0.0,0.018173004358569736,0.0
val_L|L|s1|m4,val_L_L_s1_m4_b0,2,0.006953553162717987,0.016185312160998864,0.0034389372321401894,0.030016739787997234,5.204170427930421e-18
val_L|L|s1|m4,val_L_L_s1_m4_b0,3,0.0132897763897162,0.015116340845656329,0.008744305838359744,0.045894728912092016,0.0
val_L|L|s1|m4,val_L_L_s1_m4_b0,4,0.023302237700577634,0.05470725499669849,-0.015613252559272848,0.04678298757873045,2.0816681711721685e-17
val_L|L|s1|m4,val_L_L_s1_m4_b0,5,0.03213740198458816,0.029245918403009708,-0.0069436619473569085,0.047495996492884045,-3.469446951953614e-18
val_L|L|s1|m4,val_L_L_s1_m4_b1,1,0.0,0.01817306155989066,0.0,0.01817306155989066,0.0
val_L|L|s1|m4,val_L_L_s1_m4_b1,2,0.006953652586101181,0.016185282647006145,0.0034389908522329754,0.030016916937573284,5.204170427930421e-18
val_L|L|s1|m4,val_L_L_s1_m4_b1,3,0.013289878653153592,0.01511633992552298,0.008744340698249572,0.04589489997517572,3.469446951953614e-18
val_L|L|s1|m4,val_L_L_s1_m4_b1,4,0.023302352748066975,0.05470722814503384,-0.015613283755304599,0.04678301338249162,0.0
val_L|L|s1|m4,val_L_L_s1_m4_b1,5,0.032137522976667186,0.029245914142208645,-0.006943697399446747,0.047496042319982335,-3.469446951953614e-18
val_L|L|s1|m4,val_L_L_s1_m4_b2,1,0.0,0.022624471385786642,0.0,0.022624471385786642,0.0
val_L|L|s1|m4,val_L_L_s1_m4_b2,2,0.009890168449918205,0.019901530135876207,0.005050989630642275,0.039893677847078965,3.469446951953614e-18
val_L|L|s1|m4,val_L_L_s1_m4_b2,3,0.014382057427879943,0.020788201799772636,-0.0006713165017136209,0.03382762622422534,1.3010426069826053e-18
val_L|L|s1|m4,val_L_L_s1_m4_b2,4,0.028327339826645877,0.031809375582344895,-0.015273346092708197,0.02959002322357437,-6.938893903907228e-18
val_L|L|s1|m4,val_L_L_s1_m4_b2,5,0.018613123038280853,0.04040252948056487,0.0027170903797138477,0.06444983327827342,-4.336808689942018e-18
val_L|L|s2|m4,val_L_L_s2_m4_b0,1,0.0,0.011762507602228953,0.0,0.011762507602228953,0.0
val_L|L|s2|m4,val_L_L_s2_m4_b0,2,0.0037768075438196604,0.014132062590856757,0.002292598432155178,0.02249406699898678,6.938893903907228e-18
val_L|L|s2|m4,val_L_L_s2_m4_b0,3,0.015015139489520187,0.015875755908675085,0.00844964022996893,0.047790175858133124,-6.938893903907228e-18
val_L|L|s2|m4,val_L_L_s2_m4_b0,4,0.028499708706927022,0.015524028175245593,0.01084504704806652,0.06571383097830566,6.938893903907228e-18
val_L|L|s2|m4,val_L_L_s2_m4_b0,5,0.04028337122602262,0.01617725511442992,0.01305816047842163,0.08257694729729581,1.0408340855860843e-17
val_L|L|s2|m4,val_L_L_s2_m4_b1,1,0.0,0.01176251575345845,0.0,0.01176251575345845,0.0
val_L|L|s2|m4,val_L_L_s2_m4_b1,2,0.0037768222578032536,0.014132069241932391,0.0022926078099080776,0.022494107119551805,5.204170427930421e-18
val_L|L|s2|m4,val_L_L_s2_m4_b1,3,0.015015175470328233,0.015875746182054666,0.008449648604105558,0.04779021886059401,-6.938893903907228e-18
val_L|L|s2|m4,val_L_L_s2_m4_b1,4,0.02849975156318204,0.015524020760194785,0.010845032611367919,0.06571383754611265,-1.0408340855860843e-17
val_L|L|s2|m4,val_L_L_s2_m4_b1,5,0.040283363429106,0.01617725834777202,0.013058176411805077,0.08257697460048817,-6.938893903907228e-18
val_L|L|s2|m4,val_L_L_s2_m4_b2,1,0.0,0.010708043225959828,0.0,0.010708043225959828,0.0
val_L|L|s2|m4,val_L_L_s2_m4_b2,2,0.003072840424011164,0.01457483022681923,0.0016846883681314478,0.021017047387093295,6.071532165918825e-18
val_L|L|s2|m4,val_L_L_s2_m4_b2,3,0.014165023276233072,0.01663864244925814,0.00839433253894451,0.047592330803380226,-3.469446951953614e-18
val_L|L|s2|m4,val_L_L_s2_m4_b2,4,0.028129378447404044,0.013663343016555321,0.00843470503603304,0.058662131536025446,0.0
val_L|L|s2|m4,val_L_L_s2_m4_b2,5,0.04077057346048363,0.015090488986982543,0.010023499460542063,0.0759080613685503,3.469446951953614e-18
val_T|T|s0|m4,val_T_T_s0_m4_b0,1,0.0,0.009879146586323228,0.0,0.009879146586323228,0.0
val_T|T|s0|m4,val_T_T_s0_m4_b0,2,0.0018229419821385261,0.012287719377390276,0.002008427257208128,0.01812751587394506,1.734723475976807e-18
val_T|T|s0|m4,val_T_T_s0_m4_b0,3,0.010447502654371835,0.01109842697161197,0.004842227021914052,0.031230383669811915,5.204170427930421e-18
val_T|T|s0|m4,val_T_T_s0_m4_b0,4,0.023047107565275414,0.010114866372045266,0.006811564307167308,0.046785102551655286,-1.0408340855860843e-17
val_T|T|s0|m4,val_T_T_s0_m4_b0,5,0.04317621826917332,0.01050633687698121,0.009152356227952099,0.07198726760205873,6.938893903907228e-18
val_T|T|s0|m4,val_T_T_s0_m4_b1,1,0.0,0.010317039723893924,0.0,0.010317039723893924,0.0
val_T|T|s0|m4,val_T_T_s0_m4_b1,2,0.0018939061975681538,0.012448241765623234,0.0023158955187903853,0.018973939000772155,-2.6020852139652106e-18
val_T|T|s0|m4,val_T_T_s0_m4_b1,3,0.010952723290586573,0.011133134205808115,0.005098073723291975,0.03228200494297864,5.204170427930421e-18
val_T|T|s0|m4,val_T_T_s0_m4_b1,4,0.024281469872330465,0.010446278645083979,0.008073221948570285,0.050874192414555,-1.3877787807814457e-17
val_T|T|s0|m4,val_T_T_s0_m4_b1,5,0.04598321242490233,0.010441848499374441,0.009258467426711449,0.07494199577769967,-3.469446951953614e-18
val_T|T|s0|m4,val_T_T_s0_m4_b2,1,0.0,0.01116014383725862,0.0,0.01116014383725862,0.0
val_T|T|s0|m4,val_T_T_s0_m4_b2,2,0.0022148818107893967,0.012243647973962513,0.002472787287088039,0.019404104358927986,0.0
val_T|T|s0|m4,val_T_T_s0_m4_b2,3,0.011783048185230764,0.010843272381758268,0.004866442171102773,0.03235920490919458,3.469446951953614e-18
val_T|T|s0|m4,val_T_T_s0_m4_b2,4,0.024751412628288904,0.010089349496671354,0.007111415309579523,0.0490635927441193,-6.938893903907228e-18
val_T|T|s0|m4,val_T_T_s0_m4_b2,5,0.04447754752740921,0.01085226414357101,0.010415586823727285,0.07616098531843479,0.0
val_T|T|s1|m4,val_T_T_s1_m4_b0,1,0.0,0.0063923277501113235,0.0,0.0063923277501113235,0.0
val_T|T|s1|m4,val_T_T_s1_m4_b0,2,0.00040875453098201,0.008739433550991705,0.00019986093102512502,0.009547909944023963,-7.047314121155779e-19
val_T|T|s1|m4,val_T_T_s1_m4_b0,3,0.0019682081540822035,0.007711320003779556,0.0011630822779548878,0.012005692713771537,4.336808689942018e-19
val_T|T|s1|m4,val_T_T_s1_m4_b0,4,0.00373576854129149,0.008224707967466709,0.00048359167173967757,0.012927659852237552,-8.673617379884035e-19
val_T|T|s1|m4,val_T_T_s1_m4_b0,5,0.005346276195782894,0.008346106528172454,0.001299153428670375,0.016290689581296095,-3.0357660829594124e-18
val_T|T|s1|m4,val_T_T_s1_m4_b1,1,0.0,0.006386871045330805,0.0,0.006386871045330805,0.0
val_T|T|s1|m4,val_T_T_s1_m4_b1,2,0.00040238818929632617,0.00873905959654054,0.0001987552018965174,0.009538958189629899,-2.6020852139652106e-18
val_T|T|s1|m4,val_T_T_s1_m4_b1,3,0.001960105007014601,0.007713452487077475,0.0011624293943224596,0.011998416282736995,0.0
val_T|T|s1|m4,val_T_T_s1_m4_b1,4,0.0037255625638472557,0.008226269848839654,0.00048415247970700736,0.012920137372100925,2.168404344971009e-19
val_T|T|s1|m4,val_T_T_s1_m4_b1,5,0.0053353189757438515,0.008347517817945408,0.0012992079157639778,0.016281252625217214,-1.734723475976807e-18
val_T|T|s2|m4,val_T_T_s2_m4_b0,1,0.0,0.011467081490968267,0.0,0.011467081490968267,0.0
val_T|T|s2|m4,val_T_T_s2_m4_b0,2,0.0030826513624310665,0.0283518662371458,-0.0029428929953000823,0.0255487316089767,-8.673617379884035e-19
val_T|T|s2|m4,val_T_T_s2_m4_b0,3,0.004443522410117152,0.01599653528550246,0.0046227249160655515,0.02968550752775073,1.3877787807814457e-17
val_T|T|s2|m4,val_T_T_s2_m4_b0,4,0.010842769671542218,0.016959859811964205,0.004969553523220609,0.03774173652994764,-3.469446951953614e-18
val_T|T|s2|m4,val_T_T_s2_m4_b0,5,0.015044371717245982,0.016820924215655876,0.006768568152342827,0.04540243223758751,0.0
val_T|T|s2|m4,val_T_T_s2_m4_b1,1,0.0,0.010800829983900355,0.0,0.010800829983900355,0.0
val_T|T|s2|m4,val_T_T_s2_m4_b1,2,0.002666287950456663,0.031494841538891524,-0.00295928675158479,0.028242555986178607,8.673617379884035e-19
val_T|T|s2|m4,val_T_T_s2_m4_b1,3,0.004546592805919887,0.015319573083804699,0.004843987423713654,0.029554140737151898,6.938893903907228e-18
val_T|T|s2|m4,val_T_T_s2_m4_b1,4,0.011319554560093766,0.016809871640728197,0.00520590171730423,0.038541229635430434,1.214306433183765e-17
val_T|T|s2|m4,val_T_T_s2_m4_b1,5,0.01630114617637618,0.015967471273367062,0.006696678166675131,0.0456619737830935,-3.469446951953614e-18
val_T|T|s2|m4,val_T_T_s2_m4_b2,1,0.0,0.01283628743177531,0.0,0.01283628743177531,0.0
val_T|T|s2|m4,val_T_T_s2_m4_b2,2,0.003889192768721822,0.019038884568286354,-0.002683658459261817,0.01756076041848454,-1.734723475976807e-18
val_T|T|s2|m4,val_T_T_s2_m4_b2,3,0.002797783236643006,0.02300529626271689,0.0014252003342017942,0.028653480167763486,4.336808689942018e-19
val_T|T|s2|m4,val_T_T_s2_m4_b2,4,0.0032577407922398803,0.01730213248299938,0.004902989830785569,0.0303658529368104,0.0
val_T|T|s2|m4,val_T_T_s2_m4_b2,5,0.006040525620145151,0.019896726785837482,0.006524259482545496,0.03898577137107362,-3.469446951953614e-18
