pair_id,anchor_id,left_id,right_id,left_labels,right_labels,frozen_nonfrozen,frozen_adapted,depth,mode,real_contrast,predicted_contrast,contrast_error,midpoint_contribution,effect_contribution,signed_closure
val_L_L_s0_m4_b0__val_L_L_s0_m4_b1,val_L|L|s0|m4,val_L_L_s0_m4_b0,val_L_L_s0_m4_b1,frozen,adapted,True,True,1,free,0.005625204921798174,0.0008380415238997962,-0.004787163397898378,-0.0006321315974841249,-0.004155031800414263,9.540979117872439e-18
val_L_L_s0_m4_b0__val_L_L_s0_m4_b1,val_L|L|s0|m4,val_L_L_s0_m4_b0,val_L_L_s0_m4_b1,frozen,adapted,True,True,1,teacher,0.005625204921798174,0.0008380415238997962,-0.004787163397898378,-0.0006321315974841249,-0.004155031800414263,9.540979117872439e-18
val_L_L_s0_m4_b0__val_L_L_s0_m4_b1,val_L|L|s0|m4,val_L_L_s0_m4_b0,val_L_L_s0_m4_b1,frozen,adapted,True,True,1,reset,0.005625204921798174,0.0008380415238997962,-0.004787163397898378,-0.0006321315974841249,-0.004155031800414263,9.540979117872439e-18
val_L_L_s0_m4_b0__val_L_L_s0_m4_b1,val_L|L|s0|m4,val_L_L_s0_m4_b0,val_L_L_s0_m4_b1,frozen,adapted,True,True,1,persistence,0.005625204921798174,0.0,-0.005625204921798174,0.0015146778112874253,-0.007139882733085599,0.0
val_L_L_s0_m4_b0__val_L_L_s0_m4_b1,val_L|L|s0|m4,val_L_L_s0_m4_b0,val_L_L_s0_m4_b1,frozen,adapted,True,True,2,free,-0.00028050015239666683,-9.292993857932044e-05,0.0001875702138173464,-0.0001268989072185713,0.00031446912103591756,1.0842021724855044e-19
val_L_L_s0_m4_b0__val_L_L_s0_m4_b1,val_L|L|s0|m4,val_L_L_s0_m4_b0,val_L_L_s0_m4_b1,frozen,adapted,True,True,2,teacher,-0.00028050015239666683,-0.0002948264894877895,-1.4326337091122646e-05,-4.120024535044699e-06,-1.02063125560778e-05,-1.4738373282224826e-19
val_L_L_s0_m4_b0__val_L_L_s0_m4_b1,val_L|L|s0|m4,val_L_L_s0_m4_b0,val_L_L_s0_m4_b1,frozen,adapted,True,True,2,reset,-0.00028050015239666683,8.996909604695735e-05,0.0003704692484436242,-0.00014724298381067638,0.0005177122322542987,1.8431436932253575e-18
val_L_L_s0_m4_b0__val_L_L_s0_m4_b1,val_L|L|s0|m4,val_L_L_s0_m4_b0,val_L_L_s0_m4_b1,frozen,adapted,True,True,2,persistence,-0.00028050015239666683,0.005625204921798174,0.005905705074194841,0.0012793048503581886,0.004626400223836654,-1.734723475976807e-18
val_L_L_s0_m4_b0__val_L_L_s0_m4_b1,val_L|L|s0|m4,val_L_L_s0_m4_b0,val_L_L_s0_m4_b1,frozen,adapted,True,True,3,free,-0.000899998922811957,1.9878242632342252e-06,0.0009019867470751912,9.740283682832746e-05,0.0008045839102468629,8.673617379884035e-19
val_L_L_s0_m4_b0__val_L_L_s0_m4_b1,val_L|L|s0|m4,val_L_L_s0_m4_b0,val_L_L_s0_m4_b1,frozen,adapted,True,True,3,teacher,-0.000899998922811957,-9.333477391642534e-05,0.0008066641488955317,0.00033820961598140533,0.0004684545329141269,-5.421010862427522e-19
val_L_L_s0_m4_b0__val_L_L_s0_m4_b1,val_L|L|s0|m4,val_L_L_s0_m4_b0,val_L_L_s0_m4_b1,frozen,adapted,True,True,3,reset,-0.000899998922811957,6.36532135823327e-05,0.0009636521363942897,0.0002473584641185478,0.0007162936722757431,-1.1926223897340549e-18
val_L_L_s0_m4_b0__val_L_L_s0_m4_b1,val_L|L|s0|m4,val_L_L_s0_m4_b0,val_L_L_s0_m4_b1,frozen,adapted,True,True,3,persistence,-0.000899998922811957,-0.00028050015239666683,0.0006194987704152902,3.835304868557673e-05,0.0005811457217297132,2.168404344971009e-19
val_L_L_s0_m4_b0__val_L_L_s0_m4_b1,val_L|L|s0|m4,val_L_L_s0_m4_b0,val_L_L_s0_m4_b1,frozen,adapted,True,True,4,free,-0.0011360577167566135,-3.58059548902917e-07,0.0011356996572077106,0.00018135556186776723,0.0009543440953399441,-7.589415207398531e-19
val_L_L_s0_m4_b0__val_L_L_s0_m4_b1,val_L|L|s0|m4,val_L_L_s0_m4_b0,val_L_L_s0_m4_b1,frozen,adapted,True,True,4,teacher,-0.0011360577167566135,2.353176013768221e-05,0.0011595894768942957,0.00044136095421110034,0.0007182285226831966,-1.3010426069826053e-18
val_L_L_s0_m4_b0__val_L_L_s0_m4_b1,val_L|L|s0|m4,val_L_L_s0_m4_b0,val_L_L_s0_m4_b1,frozen,adapted,True,True,4,reset,-0.0011360577167566135,-0.00027239755720711266,0.0008636601595495008,0.000308776500379529,0.000554883659169972,-2.168404344971009e-19
val_L_L_s0_m4_b0__val_L_L_s0_m4_b1,val_L|L|s0|m4,val_L_L_s0_m4_b0,val_L_L_s0_m4_b1,frozen,adapted,True,True,4,persistence,-0.0011360577167566135,-0.000899998922811957,0.00023605879394465647,0.00013426022572965944,0.00010179856821499975,-2.72405795836983e-18
val_L_L_s0_m4_b0__val_L_L_s0_m4_b1,val_L|L|s0|m4,val_L_L_s0_m4_b0,val_L_L_s0_m4_b1,frozen,adapted,True,True,5,free,-0.0008296770307909792,-9.739221349478605e-07,0.0008287031086560313,0.00020895771806789406,0.0006197453905881381,-8.673617379884035e-19
val_L_L_s0_m4_b0__val_L_L_s0_m4_b1,val_L|L|s0|m4,val_L_L_s0_m4_b0,val_L_L_s0_m4_b1,frozen,adapted,True,True,5,teacher,-0.0008296770307909792,0.00011029805693957631,0.0009399750877305555,0.0002709659466779476,0.0006690091410526077,2.168404344971009e-19
val_L_L_s0_m4_b0__val_L_L_s0_m4_b1,val_L|L|s0|m4,val_L_L_s0_m4_b0,val_L_L_s0_m4_b1,frozen,adapted,True,True,5,reset,-0.0008296770307909792,-9.514089753006813e-05,0.000734536133260911,0.0002745934214254312,0.00045994271183548,-1.6263032587282567e-19
val_L_L_s0_m4_b0__val_L_L_s0_m4_b1,val_L|L|s0|m4,val_L_L_s0_m4_b0,val_L_L_s0_m4_b1,frozen,adapted,True,True,5,persistence,-0.0008296770307909792,-0.0011360577167566135,-0.0003063806859656343,8.379287988900682e-06,-0.00031475997395453677,1.7889335846010823e-18
val_L_L_s0_m4_b0__val_L_L_s0_m4_b2,val_L|L|s0|m4,val_L_L_s0_m4_b0,val_L_L_s0_m4_b2,frozen,oracle,True,False,1,free,0.005407155999688371,0.004670245338862317,-0.0007369106608260539,-0.0009336450861165052,0.00019673442529044186,9.378348791999613e-18
val_L_L_s0_m4_b0__val_L_L_s0_m4_b2,val_L|L|s0|m4,val_L_L_s0_m4_b0,val_L_L_s0_m4_b2,frozen,oracle,True,False,1,teacher,0.005407155999688371,0.004670245338862317,-0.0007369106608260539,-0.0009336450861165052,0.00019673442529044186,9.378348791999613e-18
val_L_L_s0_m4_b0__val_L_L_s0_m4_b2,val_L|L|s0|m4,val_L_L_s0_m4_b0,val_L_L_s0_m4_b2,frozen,oracle,True,False,1,reset,0.005407155999688371,0.004670245338862317,-0.0007369106608260539,-0.0009336450861165052,0.00019673442529044186,9.378348791999613e-18
val_L_L_s0_m4_b0__val_L_L_s0_m4_b2,val_L|L|s0|m4,val_L_L_s0_m4_b0,val_L_L_s0_m4_b2,frozen,oracle,True,False,1,persistence,0.005407155999688371,0.0,-0.005407155999688371,0.002377067762942297,-0.007784223762630674,6.071532165918825e-18
val_L_L_s0_m4_b0__val_L_L_s0_m4_b2,val_L|L|s0|m4,val_L_L_s0_m4_b0,val_L_L_s0_m4_b2,frozen,oracle,True,False,2,free,0.0005341006610686113,-0.00042768935473928675,-0.0009617900158078981,0.00022606644987170326,-0.0011878564656796005,-8.673617379884035e-19
val_L_L_s0_m4_b0__val_L_L_s0_m4_b2,val_L|L|s0|m4,val_L_L_s0_m4_b0,val_L_L_s0_m4_b2,frozen,oracle,True,False,2,teacher,0.0005341006610686113,0.00021794772332477206,-0.0003161529377438393,-0.00017840727342255413,-0.00013774566432128463,-5.149960319306146e-19
val_L_L_s0_m4_b0__val_L_L_s0_m4_b2,val_L|L|s0|m4,val_L_L_s0_m4_b0,val_L_L_s0_m4_b2,frozen,oracle,True,False,2,reset,0.0005341006610686113,-7.970402365435267e-05,-0.000613804684722964,0.0003238538416267874,-0.0009376585263497503,-1.0842021724855044e-18
val_L_L_s0_m4_b0__val_L_L_s0_m4_b2,val_L|L|s0|m4,val_L_L_s0_m4_b0,val_L_L_s0_m4_b2,frozen,oracle,True,False,2,persistence,0.0005341006610686113,0.005407155999688371,0.004873055338619759,0.005253262813395575,-0.0003802074747758095,-5.9631119486702744e-18
val_L_L_s0_m4_b0__val_L_L_s0_m4_b2,val_L|L|s0|m4,val_L_L_s0_m4_b0,val_L_L_s0_m4_b2,frozen,oracle,True,False,3,free,-0.0005914920702520627,9.996953164122246e-06,0.000601489023416185,6.75476829943413e-05,0.0005339413404218433,4.336808689942018e-19
val_L_L_s0_m4_b0__val_L_L_s0_m4_b2,val_L|L|s0|m4,val_L_L_s0_m4_b0,val_L_L_s0_m4_b2,frozen,oracle,True,False,3,teacher,-0.0005914920702520627,-0.00107521095332947,-0.0004837188830774074,-0.0004668578465353632,-1.686103654204325e-05,-9.486769009248164e-19
val_L_L_s0_m4_b0__val_L_L_s0_m4_b2,val_L|L|s0|m4,val_L_L_s0_m4_b0,val_L_L_s0_m4_b2,frozen,oracle,True,False,3,reset,-0.0005914920702520627,-0.0007172837341326548,-0.0001257916638805921,-0.00023957464480655908,0.00011378298092596685,1.3552527156068805e-19
val_L_L_s0_m4_b0__val_L_L_s0_m4_b2,val_L|L|s0|m4,val_L_L_s0_m4_b0,val_L_L_s0_m4_b2,frozen,oracle,True,False,3,persistence,-0.0005914920702520627,0.0005341006610686113,0.001125592731320674,7.514782322668031e-05,0.0010504449080939932,6.505213034913027e-19
val_L_L_s0_m4_b0__val_L_L_s0_m4_b2,val_L|L|s0|m4,val_L_L_s0_m4_b0,val_L_L_s0_m4_b2,frozen,oracle,True,False,4,free,-0.00039531020372871734,1.5483408789124242e-06,0.00039685854460762976,3.914901206070833e-05,0.00035770953254691943,2.0057740190981832e-18
val_L_L_s0_m4_b0__val_L_L_s0_m4_b2,val_L|L|s0|m4,val_L_L_s0_m4_b0,val_L_L_s0_m4_b2,frozen,oracle,True,False,4,teacher,-0.00039531020372871734,-8.303510503010827e-05,0.00031227509869860906,0.0001611758697788127,0.000151099228919795,1.3552527156068805e-18
val_L_L_s0_m4_b0__val_L_L_s0_m4_b2,val_L|L|s0|m4,val_L_L_s0_m4_b0,val_L_L_s0_m4_b2,frozen,oracle,True,False,4,reset,-0.00039531020372871734,-0.0003381339538199614,5.7176249908755944e-05,1.0721829374119053e-05,4.645442053463625e-05,6.437450399132683e-19
val_L_L_s0_m4_b0__val_L_L_s0_m4_b2,val_L|L|s0|m4,val_L_L_s0_m4_b0,val_L_L_s0_m4_b2,frozen,oracle,True,False,4,persistence,-0.00039531020372871734,-0.0005914920702520627,-0.0001961818665233454,9.058824484018405e-05,-0.0002867701113635293,-1.6263032587282567e-19
val_L_L_s0_m4_b0__val_L_L_s0_m4_b2,val_L|L|s0|m4,val_L_L_s0_m4_b0,val_L_L_s0_m4_b2,frozen,oracle,True,False,5,free,-0.0006145431792571382,1.9899375947544234e-06,0.0006165331168518926,-3.2273146472823786e-05,0.0006488062633247168,-4.336808689942018e-19
val_L_L_s0_m4_b0__val_L_L_s0_m4_b2,val_L|L|s0|m4,val_L_L_s0_m4_b0,val_L_L_s0_m4_b2,frozen,oracle,True,False,5,teacher,-0.0006145431792571382,-0.000133789093276283,0.00048075408598085515,9.54190093479539e-05,0.00038533507663290206,-8.131516293641283e-19
val_L_L_s0_m4_b0__val_L_L_s0_m4_b2,val_L|L|s0|m4,val_L_L_s0_m4_b0,val_L_L_s0_m4_b2,frozen,oracle,True,False,5,reset,-0.0006145431792571382,-0.0003208654574382054,0.00029367772181893275,-0.00012703954182547914,0.0004207172636444117,1.6263032587282567e-19
val_L_L_s0_m4_b0__val_L_L_s0_m4_b2,val_L|L|s0|m4,val_L_L_s0_m4_b0,val_L_L_s0_m4_b2,frozen,oracle,True,False,5,persistence,-0.0006145431792571382,-0.00039531020372871734,0.00021923297552842082,1.808473728567522e-05,0.00020114823824274563,-2.710505431213761e-20
val_L_L_s0_m4_b1__val_L_L_s0_m4_b2,val_L|L|s0|m4,val_L_L_s0_m4_b1,val_L_L_s0_m4_b2,adapted,oracle,False,False,1,free,-0.00021804892210980364,0.0038322038149625204,0.004050252737072324,-0.00022803227694490985,0.004278285014017233,8.673617379884035e-19
val_L_L_s0_m4_b1__val_L_L_s0_m4_b2,val_L|L|s0|m4,val_L_L_s0_m4_b1,val_L_L_s0_m4_b2,adapted,oracle,False,False,1,teacher,-0.00021804892210980364,0.0038322038149625204,0.004050252737072324,-0.00022803227694490985,0.004278285014017233,8.673617379884035e-19
val_L_L_s0_m4_b1__val_L_L_s0_m4_b2,val_L|L|s0|m4,val_L_L_s0_m4_b1,val_L_L_s0_m4_b2,adapted,oracle,False,False,1,reset,-0.00021804892210980364,0.0038322038149625204,0.004050252737072324,-0.00022803227694490985,0.004278285014017233,8.673617379884035e-19
val_L_L_s0_m4_b1__val_L_L_s0_m4_b2,val_L|L|s0|m4,val_L_L_s0_m4_b1,val_L_L_s0_m4_b2,adapted,oracle,False,False,1,persistence,-0.00021804892210980364,0.0,0.00021804892210980364,0.0008623899516548722,-0.000644341029545073,4.445228907190568e-18
val_L_L_s0_m4_b1__val_L_L_s0_m4_b2,val_L|L|s0|m4,val_L_L_s0_m4_b1,val_L_L_s0_m4_b2,adapted,oracle,False,False,2,free,0.0008146008134652782,-0.0003347594161599663,-0.0011493602296252445,0.0003544497103667428,-0.0015038099399919862,-1.0842021724855044e-18
val_L_L_s0_m4_b1__val_L_L_s0_m4_b2,val_L|L|s0|m4,val_L_L_s0_m4_b1,val_L_L_s0_m4_b2,adapted,oracle,False,False,2,teacher,0.0008146008134652782,0.0005127742128125615,-0.00030182660065271663,-0.00015017527813486839,-0.00015165132251784751,-7.318364664277155e-19
val_L_L_s0_m4_b1__val_L_L_s0_m4_b2,val_L|L|s0|m4,val_L_L_s0_m4_b1,val_L_L_s0_m4_b2,adapted,oracle,False,False,2,reset,0.0008146008134652782,-0.00016967311970131002,-0.0009842739331665882,0.0004671492646891781,-0.0014514231978557633,-3.0357660829594124e-18
val_L_L_s0_m4_b1__val_L_L_s0_m4_b2,val_L|L|s0|m4,val_L_L_s0_m4_b1,val_L_L_s0_m4_b2,adapted,oracle,False,False,2,persistence,0.0008146008134652782,-0.00021804892210980364,-0.0010326497355750818,0.0038586341514788213,-0.004891283887053899,-4.336808689942018e-18
val_L_L_s0_m4_b1__val_L_L_s0_m4_b2,val_L|L|s0|m4,val_L_L_s0_m4_b1,val_L_L_s0_m4_b2,adapted,oracle,False,False,3,free,0.00030850685255989427,8.009128900888021e-06,-0.00030049772365900625,-2.7225403624320962e-05,-0.0002732723200346851,-2.168404344971009e-19
val_L_L_s0_m4_b1__val_L_L_s0_m4_b2,val_L|L|s0|m4,val_L_L_s0_m4_b1,val_L_L_s0_m4_b2,adapted,oracle,False,False,3,teacher,0.00030850685255989427,-0.0009818761794130448,-0.001290383031972939,-0.0007982996745857962,-0.000492083357387143,2.168404344971009e-19
val_L_L_s0_m4_b1__val_L_L_s0_m4_b2,val_L|L|s0|m4,val_L_L_s0_m4_b1,val_L_L_s0_m4_b2,adapted,oracle,False,False,3,reset,0.00030850685255989427,-0.0007809369477149875,-0.0010894438002748818,-0.0005256311037151464,-0.0005638126965597369,1.5178830414797062e-18
val_L_L_s0_m4_b1__val_L_L_s0_m4_b2,val_L|L|s0|m4,val_L_L_s0_m4_b1,val_L_L_s0_m4_b2,adapted,oracle,False,False,3,persistence,0.00030850685255989427,0.0008146008134652782,0.0005060939609053839,-8.26316501768519e-05,0.0005887256110822347,1.0842021724855044e-18
val_L_L_s0_m4_b1__val_L_L_s0_m4_b2,val_L|L|s0|m4,val_L_L_s0_m4_b1,val_L_L_s0_m4_b2,adapted,oracle,False,False,4,free,0.0007407475130278961,1.9064004278153412e-06,-0.0007388411126000808,-0.00014146978941899263,-0.0005973713231810911,2.927345865710862e-18
val_L_L_s0_m4_b1__val_L_L_s0_m4_b2,val_L|L|s0|m4,val_L_L_s0_m4_b1,val_L_L_s0_m4_b2,adapted,oracle,False,False,4,teacher,0.0007407475130278961,-0.00010656686516779049,-0.0008473143781956866,-0.00029862684860377045,-0.0005486875295919193,3.144186300207963e-18
val_L_L_s0_m4_b1__val_L_L_s0_m4_b2,val_L|L|s0|m4,val_L_L_s0_m4_b1,val_L_L_s0_m4_b2,adapted,oracle,False,False,4,reset,0.0007407475130278961,-6.573639661284873e-05,-0.0008064839096407449,-0.0002881450018571334,-0.0005183389077836122,7.589415207398531e-19
val_L_L_s0_m4_b1__val_L_L_s0_m4_b2,val_L|L|s0|m4,val_L_L_s0_m4_b1,val_L_L_s0_m4_b2,adapted,oracle,False,False,4,persistence,0.0007407475130278961,0.00030850685255989427,-0.00043224066046800187,-1.8455762247397954e-05,-0.0004137848982206062,2.2768245622195593e-18
val_L_L_s0_m4_b1__val_L_L_s0_m4_b2,val_L|L|s0|m4,val_L_L_s0_m4_b1,val_L_L_s0_m4_b2,adapted,oracle,False,False,5,free,0.000215133851533841,2.963859729702284e-06,-0.00021216999180413872,-0.00024078187191674009,2.861188011260104e-05,3.2864878353466853e-19
val_L_L_s0_m4_b1__val_L_L_s0_m4_b2,val_L|L|s0|m4,val_L_L_s0_m4_b1,val_L_L_s0_m4_b2,adapted,oracle,False,False,5,teacher,0.000215133851533841,-0.00024408715021585932,-0.0004592210017497003,-0.00018278299264357372,-0.0002764380091061255,-1.0842021724855044e-18
val_L_L_s0_m4_b1__val_L_L_s0_m4_b2,val_L|L|s0|m4,val_L_L_s0_m4_b1,val_L_L_s0_m4_b2,adapted,oracle,False,False,5,reset,0.000215133851533841,-0.00022572455990813728,-0.0004408584114419783,-0.00039871537429291796,-4.214303714906057e-05,2.439454888092385e-19
val_L_L_s0_m4_b1__val_L_L_s0_m4_b2,val_L|L|s0|m4,val_L_L_s0_m4_b1,val_L_L_s0_m4_b2,adapted,oracle,False,False,5,persistence,0.000215133851533841,0.0007407475130278961,0.0005256136614940551,1.1359340834433301e-05,0.0005142543206596239,-2.0599841277224584e-18
val_L_L_s1_m4_b0__val_L_L_s1_m4_b1,val_L|L|s1|m4,val_L_L_s1_m4_b0,val_L_L_s1_m4_b1,frozen,adapted,True,True,1,free,1.1404118110958095e-07,5.613831201289887e-07,4.473419390194078e-07,-2.889490049260461e-08,4.7623683947084825e-07,4.116410717066449e-17
val_L_L_s1_m4_b0__val_L_L_s1_m4_b1,val_L|L|s1|m4,val_L_L_s1_m4_b0,val_L_L_s1_m4_b1,frozen,adapted,True,True,1,teacher,1.1404118110958095e-07,5.613831201289887e-07,4.473419390194078e-07,-2.889490049260461e-08,4.7623683947084825e-07,4.116410717066449e-17
val_L_L_s1_m4_b0__val_L_L_s1_m4_b1,val_L|L|s1|m4,val_L_L_s1_m4_b0,val_L_L_s1_m4_b1,frozen,adapted,True,True,1,reset,1.1404118110958095e-07,5.613831201289887e-07,4.473419390194078e-07,-2.889490049260461e-08,4.7623683947084825e-07,4.116410717066449e-17
val_L_L_s1_m4_b0__val_L_L_s1_m4_b1,val_L|L|s1|m4,val_L_L_s1_m4_b0,val_L_L_s1_m4_b1,frozen,adapted,True,True,1,persistence,1.1404118110958095e-07,0.0,-1.1404118110958095e-07,5.2703089120765693e-08,-1.6674427023830777e-07,7.96113032234516e-18
val_L_L_s1_m4_b0__val_L_L_s1_m4_b1,val_L|L|s1|m4,val_L_L_s1_m4_b0,val_L_L_s1_m4_b1,frozen,adapted,True,True,2,free,4.971520368990401e-08,7.693651696283332e-08,2.7221313272929315e-08,-1.8525254764167546e-08,4.574656803702787e-08,6.899348053182293e-20
val_L_L_s1_m4_b0__val_L_L_s1_m4_b1,val_L|L|s1|m4,val_L_L_s1_m4_b0,val_L_L_s1_m4_b1,frozen,adapted,True,True,2,teacher,4.971520368990401e-08,1.518924322013726e-07,1.021772285114686e-07,-7.512315143107472e-08,1.7730037994679175e-07,-4.2484525656315535e-18
val_L_L_s1_m4_b0__val_L_L_s1_m4_b1,val_L|L|s1|m4,val_L_L_s1_m4_b0,val_L_L_s1_m4_b1,frozen,adapted,True,True,2,reset,4.971520368990401e-08,1.0553858356687762e-08,-3.9161345333216246e-08,-1.5196877614964102e-08,-2.3964467712173472e-08,-6.0786723889663826e-18
val_L_L_s1_m4_b0__val_L_L_s1_m4_b1,val_L|L|s1|m4,val_L_L_s1_m4_b0,val_L_L_s1_m4_b1,frozen,adapted,True,True,2,persistence,4.971520368990401e-08,1.1404118110958095e-07,6.432597741967694e-08,4.61669738011733e-08,1.815900362620084e-08,-7.69720014993664e-18
val_L_L_s1_m4_b0__val_L_L_s1_m4_b1,val_L|L|s1|m4,val_L_L_s1_m4_b0,val_L_L_s1_m4_b1,frozen,adapted,True,True,3,free,-1.3236943971484116e-09,2.648141605304799e-09,3.971836002453211e-09,-2.6134933143479275e-09,6.585329320112999e-09,-3.311860773456137e-18
val_L_L_s1_m4_b0__val_L_L_s1_m4_b1,val_L|L|s1|m4,val_L_L_s1_m4_b0,val_L_L_s1_m4_b1,frozen,adapted,True,True,3,teacher,-1.3236943971484116e-09,-5.659106239175316e-10,7.577837732308801e-10,-4.467033122862708e-08,4.542811500173907e-08,1.1888901508102156e-19
val_L_L_s1_m4_b0__val_L_L_s1_m4_b1,val_L|L|s1|m4,val_L_L_s1_m4_b0,val_L_L_s1_m4_b1,frozen,adapted,True,True,3,reset,-1.3236943971484116e-09,-3.800302055684268e-09,-2.4766076585358565e-09,1.4274491445572688e-10,-2.619352574198482e-09,1.2068982863358013e-18
val_L_L_s1_m4_b0__val_L_L_s1_m4_b1,val_L|L|s1|m4,val_L_L_s1_m4_b0,val_L_L_s1_m4_b1,frozen,adapted,True,True,3,persistence,-1.3236943971484116e-09,4.971520368990401e-08,5.103889808705242e-08,2.0121479051358793e-08,3.091741903619735e-08,-5.037199058202917e-19
val_L_L_s1_m4_b0__val_L_L_s1_m4_b1,val_L|L|s1|m4,val_L_L_s1_m4_b0,val_L_L_s1_m4_b1,frozen,adapted,True,True,4,free,-1.0774403057245419e-08,-6.305880442120104e-08,-5.2284401363955624e-08,-1.1473817058245538e-08,-4.0810584304178684e-08,-1.5314024814112729e-18
val_L_L_s1_m4_b0__val_L_L_s1_m4_b1,val_L|L|s1|m4,val_L_L_s1_m4_b0,val_L_L_s1_m4_b1,frozen,adapted,True,True,4,teacher,-1.0774403057245419e-08,-5.482490389105421e-08,-4.405050083380879e-08,-6.0742907786824525e-09,-3.797621005761165e-08,2.485313781252325e-18
val_L_L_s1_m4_b0__val_L_L_s1_m4_b1,val_L|L|s1|m4,val_L_L_s1_m4_b0,val_L_L_s1_m4_b1,frozen,adapted,True,True,4,reset,-1.0774403057245419e-08,-2.71002630752859e-09,8.064376749716828e-09,8.049660685019629e-09,1.4716066554546037e-11,-1.857346384342893e-18
val_L_L_s1_m4_b0__val_L_L_s1_m4_b1,val_L|L|s1|m4,val_L_L_s1_m4_b0,val_L_L_s1_m4_b1,frozen,adapted,True,True,4,persistence,-1.0774403057245419e-08,-1.3236943971484116e-09,9.450708660097007e-09,5.281992628407119e-09,4.168716031675931e-09,1.3957018475607236e-20
val_L_L_s1_m4_b0__val_L_L_s1_m4_b1,val_L|L|s1|m4,val_L_L_s1_m4_b0,val_L_L_s1_m4_b1,frozen,adapted,True,True,5,free,2.299070050310048e-08,-2.4373312548786608e-08,-4.736401305188709e-08,-2.1155781989845446e-08,-2.6208231056541017e-08,-5.500625342024526e-18
val_L_L_s1_m4_b0__val_L_L_s1_m4_b1,val_L|L|s1|m4,val_L_L_s1_m4_b0,val_L_L_s1_m4_b1,frozen,adapted,True,True,5,teacher,2.299070050310048e-08,-5.7840681799703475e-08,-8.083138230280396e-08,-2.653417042335609e-08,-5.429721188328826e-08,3.840394443291794e-18
val_L_L_s1_m4_b0__val_L_L_s1_m4_b1,val_L|L|s1|m4,val_L_L_s1_m4_b0,val_L_L_s1_m4_b1,frozen,adapted,True,True,5,reset,2.299070050310048e-08,2.591002627727601e-08,2.9193257741755296e-09,-2.7819957046013592e-09,5.70132147583892e-09,2.937968519137268e-18
val_L_L_s1_m4_b0__val_L_L_s1_m4_b1,val_L|L|s1|m4,val_L_L_s1_m4_b0,val_L_L_s1_m4_b1,frozen,adapted,True,True,5,persistence,2.299070050310048e-08,-1.0774403057245419e-08,-3.37651035603459e-08,-2.0605802363050406e-10,-3.3559045538390083e-08,1.6746900158401586e-18
val_L_L_s1_m4_b0__val_L_L_s1_m4_b2,val_L|L|s1|m4,val_L_L_s1_m4_b0,val_L_L_s1_m4_b2,frozen,oracle,True,False,1,free,0.023133065258156144,0.028748609915422413,0.005615544657266269,-0.0028042052204061904,0.00841974987767243,2.949029909160572e-17
val_L_L_s1_m4_b0__val_L_L_s1_m4_b2,val_L|L|s1|m4,val_L_L_s1_m4_b0,val_L_L_s1_m4_b2,frozen,oracle,True,False,1,teacher,0.023133065258156144,0.028748609915422413,0.005615544657266269,-0.0028042052204061904,0.00841974987767243,2.949029909160572e-17
val_L_L_s1_m4_b0__val_L_L_s1_m4_b2,val_L|L|s1|m4,val_L_L_s1_m4_b0,val_L_L_s1_m4_b2,frozen,oracle,True,False,1,reset,0.023133065258156144,0.028748609915422413,0.005615544657266269,-0.0028042052204061904,0.00841974987767243,2.949029909160572e-17
val_L_L_s1_m4_b0__val_L_L_s1_m4_b2,val_L|L|s1|m4,val_L_L_s1_m4_b0,val_L_L_s1_m4_b2,frozen,oracle,True,False,1,persistence,0.023133065258156144,0.0,-0.023133065258156144,0.009699697213413742,-0.032832762471569875,-6.938893903907228e-18
val_L_L_s1_m4_b0__val_L_L_s1_m4_b2,val_L|L|s1|m4,val_L_L_s1_m4_b0,val_L_L_s1_m4_b2,frozen,oracle,True,False,2,free,-0.0012734702904484418,0.004817838975327365,0.006091309265775807,-0.00035894876343220736,0.006450258029208009,6.071532165918825e-18
val_L_L_s1_m4_b0__val_L_L_s1_m4_b2,val_L|L|s1|m4,val_L_L_s1_m4_b0,val_L_L_s1_m4_b2,frozen,oracle,True,False,2,teacher,-0.0012734702904484418,0.006002693526421701,0.007276163816870143,-0.0001433096469156377,0.007419473463785787,-6.071532165918825e-18
val_L_L_s1_m4_b0__val_L_L_s1_m4_b2,val_L|L|s1|m4,val_L_L_s1_m4_b0,val_L_L_s1_m4_b2,frozen,oracle,True,False,2,reset,-0.0012734702904484418,0.005384030192530448,0.00665750048297889,-0.00013163654790279686,0.006789137030881692,-5.204170427930421e-18
val_L_L_s1_m4_b0__val_L_L_s1_m4_b2,val_L|L|s1|m4,val_L_L_s1_m4_b0,val_L_L_s1_m4_b2,frozen,oracle,True,False,2,persistence,-0.0012734702904484418,0.023133065258156144,0.024406535548604585,0.007126759183494696,0.017279776365109873,1.734723475976807e-17
val_L_L_s1_m4_b0__val_L_L_s1_m4_b2,val_L|L|s1|m4,val_L_L_s1_m4_b0,val_L_L_s1_m4_b2,frozen,oracle,True,False,3,free,0.011895961500163272,-2.571639897555253e-05,-0.011921677899138824,0.00019842846080714847,-0.012120106359945971,-1.734723475976807e-18
val_L_L_s1_m4_b0__val_L_L_s1_m4_b2,val_L|L|s1|m4,val_L_L_s1_m4_b0,val_L_L_s1_m4_b2,frozen,oracle,True,False,3,teacher,0.011895961500163272,0.0013739255115520106,-0.010522035988611261,-0.0030596604614098488,-0.007462375527201417,4.336808689942018e-18
val_L_L_s1_m4_b0__val_L_L_s1_m4_b2,val_L|L|s1|m4,val_L_L_s1_m4_b0,val_L_L_s1_m4_b2,frozen,oracle,True,False,3,reset,0.011895961500163272,-0.00013739284131877513,-0.012033354341482047,0.001295166546404664,-0.013328520887886712,0.0
val_L_L_s1_m4_b0__val_L_L_s1_m4_b2,val_L|L|s1|m4,val_L_L_s1_m4_b0,val_L_L_s1_m4_b2,frozen,oracle,True,False,3,persistence,0.011895961500163272,-0.0012734702904484418,-0.013169431790611714,0.0090808822297973,-0.022250314020409015,0.0
val_L_L_s1_m4_b0__val_L_L_s1_m4_b2,val_L|L|s1|m4,val_L_L_s1_m4_b0,val_L_L_s1_m4_b2,frozen,oracle,True,False,4,free,0.0054604552739862255,-0.0017224033739377635,-0.007182858647923989,-0.004407679935931822,-0.0027751787119921576,-9.540979117872439e-18
val_L_L_s1_m4_b0__val_L_L_s1_m4_b2,val_L|L|s1|m4,val_L_L_s1_m4_b0,val_L_L_s1_m4_b2,frozen,oracle,True,False,4,teacher,0.0054604552739862255,-0.005563101421915129,-0.011023556695901354,-0.011472137208823278,0.0004485805129219297,-5.5294310796760726e-18
val_L_L_s1_m4_b0__val_L_L_s1_m4_b2,val_L|L|s1|m4,val_L_L_s1_m4_b0,val_L_L_s1_m4_b2,frozen,oracle,True,False,4,reset,0.0054604552739862255,0.0014839876966441755,-0.00397646757734205,-0.0024169261816579623,-0.0015595413956840751,-1.2576745200831851e-17
val_L_L_s1_m4_b0__val_L_L_s1_m4_b2,val_L|L|s1|m4,val_L_L_s1_m4_b0,val_L_L_s1_m4_b2,frozen,oracle,True,False,4,persistence,0.0054604552739862255,0.011895961500163272,0.006435506226177046,0.008194438138619014,-0.0017589319124419567,-1.0842021724855044e-17
val_L_L_s1_m4_b0__val_L_L_s1_m4_b2,val_L|L|s1|m4,val_L_L_s1_m4_b0,val_L_L_s1_m4_b2,frozen,oracle,True,False,5,free,0.0023526019013338714,0.0001505695833089668,-0.0022020323180249046,-0.00047081433440818073,-0.0017312179836167251,1.3010426069826053e-18
val_L_L_s1_m4_b0__val_L_L_s1_m4_b2,val_L|L|s1|m4,val_L_L_s1_m4_b0,val_L_L_s1_m4_b2,frozen,oracle,True,False,5,teacher,0.0023526019013338714,0.008751022092536032,0.00639842019120216,0.009913391441686837,-0.0035149712504846725,-4.336808689942018e-18
val_L_L_s1_m4_b0__val_L_L_s1_m4_b2,val_L|L|s1|m4,val_L_L_s1_m4_b0,val_L_L_s1_m4_b2,frozen,oracle,True,False,5,reset,0.0023526019013338714,0.0033603024706658977,0.0010077005693320262,-0.00366117982409352,0.004668880393425545,8.673617379884035e-19
val_L_L_s1_m4_b0__val_L_L_s1_m4_b2,val_L|L|s1|m4,val_L_L_s1_m4_b0,val_L_L_s1_m4_b2,frozen,oracle,True,False,5,persistence,0.0023526019013338714,0.0054604552739862255,0.003107853372652354,-0.0011436084753600924,0.004251461848012436,1.0408340855860843e-17
val_L_L_s1_m4_b1__val_L_L_s1_m4_b2,val_L|L|s1|m4,val_L_L_s1_m4_b1,val_L_L_s1_m4_b2,adapted,oracle,False,False,1,free,0.023132951216975034,0.028748048532302284,0.00561509731532725,-0.0028041957279069736,0.008419293043234235,-1.214306433183765e-17
val_L_L_s1_m4_b1__val_L_L_s1_m4_b2,val_L|L|s1|m4,val_L_L_s1_m4_b1,val_L_L_s1_m4_b2,adapted,oracle,False,False,1,teacher,0.023132951216975034,0.028748048532302284,0.00561509731532725,-0.0028041957279069736,0.008419293043234235,-1.214306433183765e-17
val_L_L_s1_m4_b1__val_L_L_s1_m4_b2,val_L|L|s1|m4,val_L_L_s1_m4_b1,val_L_L_s1_m4_b2,adapted,oracle,False,False,1,reset,0.023132951216975034,0.028748048532302284,0.00561509731532725,-0.0028041957279069736,0.008419293043234235,-1.214306433183765e-17
val_L_L_s1_m4_b1__val_L_L_s1_m4_b2,val_L|L|s1|m4,val_L_L_s1_m4_b1,val_L_L_s1_m4_b2,adapted,oracle,False,False,1,persistence,0.023132951216975034,0.0,-0.023132951216975034,0.009699644510324623,-0.03283259572729963,-2.7755575615628914e-17
val_L_L_s1_m4_b1__val_L_L_s1_m4_b2,val_L|L|s1|m4,val_L_L_s1_m4_b1,val_L_L_s1_m4_b2,adapted,oracle,False,False,2,free,-0.0012735200056521317,0.0048177620388104025,0.006091282044462534,-0.00035892976031068455,0.006450211804773213,5.204170427930421e-18
val_L_L_s1_m4_b1__val_L_L_s1_m4_b2,val_L|L|s1|m4,val_L_L_s1_m4_b1,val_L_L_s1_m4_b2,adapted,oracle,False,False,2,teacher,-0.0012735200056521317,0.0060025416339895,0.007276061639641632,-0.00014322744015322637,0.007419289079794861,-2.6020852139652106e-18
val_L_L_s1_m4_b1__val_L_L_s1_m4_b2,val_L|L|s1|m4,val_L_L_s1_m4_b1,val_L_L_s1_m4_b2,adapted,oracle,False,False,2,reset,-0.0012735200056521317,0.005384019638672091,0.006657539644324223,-0.00013162025191314013,0.0067891598962373624,8.673617379884035e-19
val_L_L_s1_m4_b1__val_L_L_s1_m4_b2,val_L|L|s1|m4,val_L_L_s1_m4_b1,val_L_L_s1_m4_b2,adapted,oracle,False,False,2,persistence,-0.0012735200056521317,0.023132951216975034,0.024406471222627166,0.0071267175199543455,0.017279753702672797,2.42861286636753e-17
val_L_L_s1_m4_b1__val_L_L_s1_m4_b2,val_L|L|s1|m4,val_L_L_s1_m4_b1,val_L_L_s1_m4_b2,adapted,oracle,False,False,3,free,0.011895962823857669,-2.5719047117157834e-05,-0.011921681870974827,0.0001984282902406191,-0.012120110161215449,3.469446951953614e-18
val_L_L_s1_m4_b1__val_L_L_s1_m4_b2,val_L|L|s1|m4,val_L_L_s1_m4_b1,val_L_L_s1_m4_b2,adapted,oracle,False,False,3,teacher,0.011895962823857669,0.0013739260774626345,-0.010522036746395035,-0.0030596344773070857,-0.007462402269087953,4.336808689942018e-18
val_L_L_s1_m4_b1__val_L_L_s1_m4_b2,val_L|L|s1|m4,val_L_L_s1_m4_b1,val_L_L_s1_m4_b2,adapted,oracle,False,False,3,reset,0.011895962823857669,-0.00013738904101671945,-0.012033351864874389,0.0012951680405930395,-0.013328519905467427,0.0
val_L_L_s1_m4_b1__val_L_L_s1_m4_b2,val_L|L|s1|m4,val_L_L_s1_m4_b1,val_L_L_s1_m4_b2,adapted,oracle,False,False,3,persistence,0.011895962823857669,-0.0012735200056521317,-0.0131694828295098,0.009080862645215368,-0.022250345474725174,6.938893903907228e-18
val_L_L_s1_m4_b1__val_L_L_s1_m4_b2,val_L|L|s1|m4,val_L_L_s1_m4_b1,val_L_L_s1_m4_b2,adapted,oracle,False,False,4,free,0.005460466048389283,-0.0017223403151333423,-0.007182806363522625,-0.004407665138099325,-0.0027751412254232925,-7.37257477290143e-18
val_L_L_s1_m4_b1__val_L_L_s1_m4_b2,val_L|L|s1|m4,val_L_L_s1_m4_b1,val_L_L_s1_m4_b2,adapted,oracle,False,False,4,teacher,0.005460466048389283,-0.005563046597011238,-0.01102351264540052,-0.01147213416148115,0.0004486215160806402,-1.0842021724855044e-17
val_L_L_s1_m4_b1__val_L_L_s1_m4_b2,val_L|L|s1|m4,val_L_L_s1_m4_b1,val_L_L_s1_m4_b2,adapted,oracle,False,False,4,reset,0.005460466048389283,0.001483990406670483,-0.0039764756417188,-0.002416933473225736,-0.001559542168493053,-1.0842021724855044e-17
val_L_L_s1_m4_b1__val_L_L_s1_m4_b2,val_L|L|s1|m4,val_L_L_s1_m4_b1,val_L_L_s1_m4_b2,adapted,oracle,False,False,4,persistence,0.005460466048389283,0.011895962823857669,0.006435496775468386,0.008194434002982384,-0.0017589372275139867,-1.0842021724855044e-17
val_L_L_s1_m4_b1__val_L_L_s1_m4_b2,val_L|L|s1|m4,val_L_L_s1_m4_b1,val_L_L_s1_m4_b2,adapted,oracle,False,False,5,free,0.0023525789106333683,0.0001505939566215156,-0.0022019849540118527,-0.0004707968673042488,-0.0017311880867076127,8.673617379884035e-18
val_L_L_s1_m4_b1__val_L_L_s1_m4_b2,val_L|L|s1|m4,val_L_L_s1_m4_b1,val_L_L_s1_m4_b2,adapted,oracle,False,False,5,teacher,0.0023525789106333683,0.008751079933217831,0.006398501022584463,0.009913430500155387,-0.0035149294775709185,-5.204170427930421e-18
val_L_L_s1_m4_b1__val_L_L_s1_m4_b2,val_L|L|s1|m4,val_L_L_s1_m4_b1,val_L_L_s1_m4_b2,adapted,oracle,False,False,5,reset,0.0023525789106333683,0.0033602765606396204,0.001007697650006252,-0.0036611793349758466,0.0046688769849820965,1.734723475976807e-18
val_L_L_s1_m4_b1__val_L_L_s1_m4_b2,val_L|L|s1|m4,val_L_L_s1_m4_b1,val_L_L_s1_m4_b2,adapted,oracle,False,False,5,persistence,0.0023525789106333683,0.005460466048389283,0.0031078871377559145,-0.0011436082653178332,0.0042514954030737385,8.673617379884035e-18
val_L_L_s2_m4_b0__val_L_L_s2_m4_b1,val_L|L|s2|m4,val_L_L_s2_m4_b0,val_L_L_s2_m4_b1,frozen,adapted,True,True,1,free,2.7564523330525503e-08,7.685264274970294e-08,4.9288119419177434e-08,-8.666390169173495e-09,5.7954509631001784e-08,-4.26508551338877e-17
val_L_L_s2_m4_b0__val_L_L_s2_m4_b1,val_L|L|s2|m4,val_L_L_s2_m4_b0,val_L_L_s2_m4_b1,frozen,adapted,True,True,1,teacher,2.7564523330525503e-08,7.685264274970294e-08,4.9288119419177434e-08,-8.666390169173495e-09,5.7954509631001784e-08,-4.26508551338877e-17
val_L_L_s2_m4_b0__val_L_L_s2_m4_b1,val_L|L|s2|m4,val_L_L_s2_m4_b0,val_L_L_s2_m4_b1,frozen,adapted,True,True,1,reset,2.7564523330525503e-08,7.685264274970294e-08,4.9288119419177434e-08,-8.666390169173495e-09,5.7954509631001784e-08,-4.26508551338877e-17
val_L_L_s2_m4_b0__val_L_L_s2_m4_b1,val_L|L|s2|m4,val_L_L_s2_m4_b0,val_L_L_s2_m4_b1,frozen,adapted,True,True,1,persistence,2.7564523330525503e-08,0.0,-2.7564523330525503e-08,-2.1414571490779435e-09,-2.5423066133488677e-08,-4.795888305080783e-17
val_L_L_s2_m4_b0__val_L_L_s2_m4_b1,val_L|L|s2|m4,val_L_L_s2_m4_b0,val_L_L_s2_m4_b1,frozen,adapted,True,True,2,free,-5.706192574006508e-09,6.829796349999695e-09,1.2535988924006203e-08,-3.0034783885883353e-09,1.553946731626918e-08,-3.6746406834259684e-18
val_L_L_s2_m4_b0__val_L_L_s2_m4_b1,val_L|L|s2|m4,val_L_L_s2_m4_b0,val_L_L_s2_m4_b1,frozen,adapted,True,True,2,teacher,-5.706192574006508e-09,8.313318786840052e-09,1.401951136084656e-08,-6.471414344984909e-09,2.0490925713734122e-08,-7.902651961760112e-18
val_L_L_s2_m4_b0__val_L_L_s2_m4_b1,val_L|L|s2|m4,val_L_L_s2_m4_b0,val_L_L_s2_m4_b1,frozen,adapted,True,True,2,reset,-5.706192574006508e-09,-8.998905579038485e-10,4.806302016102659e-09,7.46318597605932e-10,4.059983424150682e-09,-5.6539548490898054e-18
val_L_L_s2_m4_b0__val_L_L_s2_m4_b1,val_L|L|s2|m4,val_L_L_s2_m4_b0,val_L_L_s2_m4_b1,frozen,adapted,True,True,2,persistence,-5.706192574006508e-09,2.7564523330525503e-08,3.327071590453201e-08,6.270720784705774e-09,2.6999995078936508e-08,4.08897280527582e-17
val_L_L_s2_m4_b0__val_L_L_s2_m4_b1,val_L|L|s2|m4,val_L_L_s2_m4_b0,val_L_L_s2_m4_b1,frozen,adapted,True,True,3,free,-3.591994968826784e-09,-1.3224129687128272e-08,-9.632134718301488e-09,-2.1595949586577697e-09,-7.472539760648423e-09,1.0047051525354832e-18
val_L_L_s2_m4_b0__val_L_L_s2_m4_b1,val_L|L|s2|m4,val_L_L_s2_m4_b0,val_L_L_s2_m4_b1,frozen,adapted,True,True,3,teacher,-3.591994968826784e-09,-2.5020736146158518e-08,-2.1428741177331734e-08,-1.2528258496413566e-08,-8.90048267663586e-09,-4.282307413742124e-18
val_L_L_s2_m4_b0__val_L_L_s2_m4_b1,val_L|L|s2|m4,val_L_L_s2_m4_b0,val_L_L_s2_m4_b1,frozen,adapted,True,True,3,reset,-3.591994968826784e-09,-9.694456432063348e-09,-6.102461463236564e-09,4.0338262180656214e-10,-6.505844087328496e-09,2.2853701651278446e-18
val_L_L_s2_m4_b0__val_L_L_s2_m4_b1,val_L|L|s2|m4,val_L_L_s2_m4_b0,val_L_L_s2_m4_b1,frozen,adapted,True,True,3,persistence,-3.591994968826784e-09,-5.706192574006508e-09,-2.114197605179724e-09,2.2560830087469557e-09,-4.370280620859124e-09,6.9324443766711524e-18
val_L_L_s2_m4_b0__val_L_L_s2_m4_b1,val_L|L|s2|m4,val_L_L_s2_m4_b0,val_L_L_s2_m4_b1,frozen,adapted,True,True,4,free,3.4056744056820687e-09,-8.008100814416164e-10,-4.206484487123685e-09,1.1796950025564735e-09,-5.386179493758079e-09,4.077920183367009e-18
val_L_L_s2_m4_b0__val_L_L_s2_m4_b1,val_L|L|s2|m4,val_L_L_s2_m4_b0,val_L_L_s2_m4_b1,frozen,adapted,True,True,4,teacher,3.4056744056820687e-09,-1.1525288549918411e-08,-1.493096295560048e-08,-5.466992835581593e-09,-9.463970123663847e-09,3.644961443047566e-18
val_L_L_s2_m4_b0__val_L_L_s2_m4_b1,val_L|L|s2|m4,val_L_L_s2_m4_b0,val_L_L_s2_m4_b1,frozen,adapted,True,True,4,reset,3.4056744056820687e-09,-1.2061457017181754e-08,-1.5467131422863822e-08,2.051530902384716e-09,-1.75186623273212e-08,2.072659843429221e-18
val_L_L_s2_m4_b0__val_L_L_s2_m4_b1,val_L|L|s2|m4,val_L_L_s2_m4_b0,val_L_L_s2_m4_b1,frozen,adapted,True,True,4,persistence,3.4056744056820687e-09,-3.591994968826784e-09,-6.9976693745088525e-09,-5.843690108999167e-09,-1.1539792671246694e-09,1.614984119226081e-18
val_L_L_s2_m4_b0__val_L_L_s2_m4_b1,val_L|L|s2|m4,val_L_L_s2_m4_b0,val_L_L_s2_m4_b1,frozen,adapted,True,True,5,free,7.530989880322192e-09,1.2118967322727325e-09,-6.3190931480494594e-09,-2.4024502403989285e-09,-3.916642907310558e-09,-3.399728861205195e-19
val_L_L_s2_m4_b0__val_L_L_s2_m4_b1,val_L|L|s2|m4,val_L_L_s2_m4_b0,val_L_L_s2_m4_b1,frozen,adapted,True,True,5,teacher,7.530989880322192e-09,-1.68429508881629e-08,-2.4373940768485092e-08,-1.6151739533564467e-08,-8.222201230437565e-09,-4.483059185325068e-18
val_L_L_s2_m4_b0__val_L_L_s2_m4_b1,val_L|L|s2|m4,val_L_L_s2_m4_b0,val_L_L_s2_m4_b1,frozen,adapted,True,True,5,reset,7.530989880322192e-09,5.130288718152576e-09,-2.400701162169616e-09,-6.555435386568317e-09,4.154734224987036e-09,-5.883355194007911e-19
val_L_L_s2_m4_b0__val_L_L_s2_m4_b1,val_L|L|s2|m4,val_L_L_s2_m4_b0,val_L_L_s2_m4_b1,frozen,adapted,True,True,5,persistence,7.530989880322192e-09,3.4056744056820687e-09,-4.125315474640123e-09,-1.106893686934694e-10,-4.0146261034171375e-09,-2.5295166588259335e-18
val_L_L_s2_m4_b0__val_L_L_s2_m4_b2,val_L|L|s2|m4,val_L_L_s2_m4_b0,val_L_L_s2_m4_b2,frozen,oracle,True,False,1,free,0.0057580664410128435,-0.0010615029671968146,-0.006819569408209658,-0.00022429777072861974,-0.0065952716374810556,1.734723475976807e-17
val_L_L_s2_m4_b0__val_L_L_s2_m4_b2,val_L|L|s2|m4,val_L_L_s2_m4_b0,val_L_L_s2_m4_b2,frozen,oracle,True,False,1,teacher,0.0057580664410128435,-0.0010615029671968146,-0.006819569408209658,-0.00022429777072861974,-0.0065952716374810556,1.734723475976807e-17
val_L_L_s2_m4_b0__val_L_L_s2_m4_b2,val_L|L|s2|m4,val_L_L_s2_m4_b0,val_L_L_s2_m4_b2,frozen,oracle,True,False,1,reset,0.0057580664410128435,-0.0010615029671968146,-0.006819569408209658,-0.00022429777072861974,-0.0065952716374810556,1.734723475976807e-17
val_L_L_s2_m4_b0__val_L_L_s2_m4_b2,val_L|L|s2|m4,val_L_L_s2_m4_b0,val_L_L_s2_m4_b2,frozen,oracle,True,False,1,persistence,0.0057580664410128435,0.0,-0.0057580664410128435,-0.00821509563134289,0.0024570291903300437,2.6020852139652106e-18
val_L_L_s2_m4_b0__val_L_L_s2_m4_b2,val_L|L|s2|m4,val_L_L_s2_m4_b0,val_L_L_s2_m4_b2,frozen,oracle,True,False,2,free,-0.00010764773223459478,-0.0012363586506287418,-0.001128710918394147,0.0007556291790020873,-0.0018843400973962347,4.336808689942018e-19
val_L_L_s2_m4_b0__val_L_L_s2_m4_b2,val_L|L|s2|m4,val_L_L_s2_m4_b0,val_L_L_s2_m4_b2,frozen,oracle,True,False,2,teacher,-0.00010764773223459478,-0.000895989704996155,-0.0007883419727615602,0.0008729210641908175,-0.0016612630369523755,-2.3852447794681098e-18
val_L_L_s2_m4_b0__val_L_L_s2_m4_b2,val_L|L|s2|m4,val_L_L_s2_m4_b0,val_L_L_s2_m4_b2,frozen,oracle,True,False,2,reset,-0.00010764773223459478,-0.0003592875127247652,-0.00025163978049017044,0.0001949832980013834,-0.0004466230784915564,2.6020852139652106e-18
val_L_L_s2_m4_b0__val_L_L_s2_m4_b2,val_L|L|s2|m4,val_L_L_s2_m4_b0,val_L_L_s2_m4_b2,frozen,oracle,True,False,2,persistence,-0.00010764773223459478,0.0057580664410128435,0.005865714173247438,0.00012711704745335225,0.005738597125794088,-1.734723475976807e-18
val_L_L_s2_m4_b0__val_L_L_s2_m4_b2,val_L|L|s2|m4,val_L_L_s2_m4_b0,val_L_L_s2_m4_b2,frozen,oracle,True,False,3,free,0.0016825117189687364,0.0006553268602710119,-0.0010271848586977245,0.00022340604426137218,-0.0012505909029590985,1.951563910473908e-18
val_L_L_s2_m4_b0__val_L_L_s2_m4_b2,val_L|L|s2|m4,val_L_L_s2_m4_b0,val_L_L_s2_m4_b2,frozen,oracle,True,False,3,teacher,0.0016825117189687364,0.0018310468579245433,0.00014853513895580692,0.0005726029397722048,-0.00042406780081639966,1.7889335846010823e-18
val_L_L_s2_m4_b0__val_L_L_s2_m4_b2,val_L|L|s2|m4,val_L_L_s2_m4_b0,val_L_L_s2_m4_b2,frozen,oracle,True,False,3,reset,0.0016825117189687364,0.0013361964048864347,-0.00034631531408230165,0.00026035628425730075,-0.0006066715983396041,1.734723475976807e-18
val_L_L_s2_m4_b0__val_L_L_s2_m4_b2,val_L|L|s2|m4,val_L_L_s2_m4_b0,val_L_L_s2_m4_b2,frozen,oracle,True,False,3,persistence,0.0016825117189687364,-0.00010764773223459478,-0.0017901594512033311,-0.000825452701893432,-0.0009647067493098986,-5.421010862427522e-19
val_L_L_s2_m4_b0__val_L_L_s2_m4_b2,val_L|L|s2|m4,val_L_L_s2_m4_b0,val_L_L_s2_m4_b2,frozen,oracle,True,False,4,free,0.0011307073404647205,-0.000370668825245786,-0.0015013761657105065,-0.0013689704814729966,-0.0001324056842375138,3.903127820947816e-18
val_L_L_s2_m4_b0__val_L_L_s2_m4_b2,val_L|L|s2|m4,val_L_L_s2_m4_b0,val_L_L_s2_m4_b2,frozen,oracle,True,False,4,teacher,0.0011307073404647205,-6.794000681727835e-05,-0.001198647347281999,-0.0017618552371931376,0.0005632078899111344,4.336808689942018e-18
val_L_L_s2_m4_b0__val_L_L_s2_m4_b2,val_L|L|s2|m4,val_L_L_s2_m4_b0,val_L_L_s2_m4_b2,frozen,oracle,True,False,4,reset,0.0011307073404647205,-9.830146420591185e-05,-0.0012290088046706324,-0.00047394138881765366,-0.0007550674158529815,2.8189256484623115e-18
val_L_L_s2_m4_b0__val_L_L_s2_m4_b2,val_L|L|s2|m4,val_L_L_s2_m4_b0,val_L_L_s2_m4_b2,frozen,oracle,True,False,4,persistence,0.0011307073404647205,0.0016825117189687364,0.0005518043785040158,9.07928503416393e-05,0.0004610115281623732,3.3068166260807885e-18
val_L_L_s2_m4_b0__val_L_L_s2_m4_b2,val_L|L|s2|m4,val_L_L_s2_m4_b0,val_L_L_s2_m4_b2,frozen,oracle,True,False,5,free,-0.0009596143151989547,-0.0002209692121381314,0.0007386451030608233,0.0003942666908134483,0.0003443784122473799,-4.87890977618477e-18
val_L_L_s2_m4_b0__val_L_L_s2_m4_b2,val_L|L|s2|m4,val_L_L_s2_m4_b0,val_L_L_s2_m4_b2,frozen,oracle,True,False,5,teacher,-0.0009596143151989547,-0.002012472497546533,-0.0010528581823475783,-0.0033239170817727973,0.002271058899425222,-3.0357660829594124e-18
val_L_L_s2_m4_b0__val_L_L_s2_m4_b2,val_L|L|s2|m4,val_L_L_s2_m4_b0,val_L_L_s2_m4_b2,frozen,oracle,True,False,5,reset,-0.0009596143151989547,-0.0013575057401532184,-0.00039789142495426366,0.00041402983849002915,-0.0008119212634442901,-2.710505431213761e-18
val_L_L_s2_m4_b0__val_L_L_s2_m4_b2,val_L|L|s2|m4,val_L_L_s2_m4_b0,val_L_L_s2_m4_b2,frozen,oracle,True,False,5,persistence,-0.0009596143151989547,0.0011307073404647205,0.0020903216556636753,0.0010659768164884321,0.0010243448391752496,-6.5052130349130266e-18
val_L_L_s2_m4_b1__val_L_L_s2_m4_b2,val_L|L|s2|m4,val_L_L_s2_m4_b1,val_L_L_s2_m4_b2,adapted,oracle,False,False,1,free,0.005758038876489513,-0.0010615798198395643,-0.006819618696329077,-0.00022429168937257438,-0.006595327006956564,6.071532165918825e-17
val_L_L_s2_m4_b1__val_L_L_s2_m4_b2,val_L|L|s2|m4,val_L_L_s2_m4_b1,val_L_L_s2_m4_b2,adapted,oracle,False,False,1,teacher,0.005758038876489513,-0.0010615798198395643,-0.006819618696329077,-0.00022429168937257438,-0.006595327006956564,6.071532165918825e-17
val_L_L_s2_m4_b1__val_L_L_s2_m4_b2,val_L|L|s2|m4,val_L_L_s2_m4_b1,val_L_L_s2_m4_b2,adapted,oracle,False,False,1,reset,0.005758038876489513,-0.0010615798198395643,-0.006819618696329077,-0.00022429168937257438,-0.006595327006956564,6.071532165918825e-17
val_L_L_s2_m4_b1__val_L_L_s2_m4_b2,val_L|L|s2|m4,val_L_L_s2_m4_b1,val_L_L_s2_m4_b2,adapted,oracle,False,False,1,persistence,0.005758038876489513,0.0,-0.005758038876489513,-0.008215093489885743,0.0024570546133961765,5.334274688628682e-17
val_L_L_s2_m4_b1__val_L_L_s2_m4_b2,val_L|L|s2|m4,val_L_L_s2_m4_b1,val_L_L_s2_m4_b2,adapted,oracle,False,False,2,free,-0.00010764202604202078,-0.0012363654804250918,-0.001128723454383071,0.0007556323682635425,-0.0018843558226466174,3.903127820947816e-18
val_L_L_s2_m4_b1__val_L_L_s2_m4_b2,val_L|L|s2|m4,val_L_L_s2_m4_b1,val_L_L_s2_m4_b2,adapted,oracle,False,False,2,teacher,-0.00010764202604202078,-0.0008959980183149419,-0.0007883559922729211,0.0008729281034637879,-0.0016612840957367148,5.854691731421724e-18
val_L_L_s2_m4_b1__val_L_L_s2_m4_b2,val_L|L|s2|m4,val_L_L_s2_m4_b1,val_L_L_s2_m4_b2,adapted,oracle,False,False,2,reset,-0.00010764202604202078,-0.0003592866128342073,-0.00025164458679218654,0.00019498219591897097,-0.0004466267827111653,7.806255641895632e-18
val_L_L_s2_m4_b1__val_L_L_s2_m4_b2,val_L|L|s2|m4,val_L_L_s2_m4_b1,val_L_L_s2_m4_b2,adapted,oracle,False,False,2,persistence,-0.00010764202604202078,0.005758038876489513,0.005865680902531534,0.00012711069593968432,0.005738570206591894,-4.423544863740858e-17
val_L_L_s2_m4_b1__val_L_L_s2_m4_b2,val_L|L|s2|m4,val_L_L_s2_m4_b1,val_L_L_s2_m4_b2,adapted,oracle,False,False,3,free,0.0016825153109637052,0.000655340084400699,-0.0010271752265630062,0.00022340785963291293,-0.0012505830861959197,6.505213034913027e-19
val_L_L_s2_m4_b1__val_L_L_s2_m4_b2,val_L|L|s2|m4,val_L_L_s2_m4_b1,val_L_L_s2_m4_b2,adapted,oracle,False,False,3,teacher,0.0016825153109637052,0.0018310718786606894,0.00014855656769698425,0.0005726161689610596,-0.00042405960126408167,6.288372600415926e-18
val_L_L_s2_m4_b1__val_L_L_s2_m4_b2,val_L|L|s2|m4,val_L_L_s2_m4_b1,val_L_L_s2_m4_b2,adapted,oracle,False,False,3,reset,0.0016825153109637052,0.0013362060993428668,-0.0003463092116208384,0.0002603558687213535,-0.0006066650803421914,-5.421010862427522e-19
val_L_L_s2_m4_b1__val_L_L_s2_m4_b2,val_L|L|s2|m4,val_L_L_s2_m4_b1,val_L_L_s2_m4_b2,adapted,oracle,False,False,3,persistence,0.0016825153109637052,-0.00010764202604202078,-0.001790157337005726,-0.0008254549917017303,-0.0009647023453039885,-7.15573433840433e-18
val_L_L_s2_m4_b1__val_L_L_s2_m4_b2,val_L|L|s2|m4,val_L_L_s2_m4_b1,val_L_L_s2_m4_b2,adapted,oracle,False,False,4,free,0.0011307039347903149,-0.00037066802443570454,-0.0015013719592260194,-0.0013689712892761593,-0.00013240066994985999,-1.0842021724855044e-19
val_L_L_s2_m4_b1__val_L_L_s2_m4_b2,val_L|L|s2|m4,val_L_L_s2_m4_b1,val_L_L_s2_m4_b2,adapted,oracle,False,False,4,teacher,0.0011307039347903149,-6.792848152872843e-05,-0.0011986324163190433,-0.0017618494735827848,0.0005632170572637399,1.5178830414797062e-18
val_L_L_s2_m4_b1__val_L_L_s2_m4_b2,val_L|L|s2|m4,val_L_L_s2_m4_b1,val_L_L_s2_m4_b2,adapted,oracle,False,False,4,reset,0.0011307039347903149,-9.828940274889467e-05,-0.0012289933375392095,-0.00047394188547204835,-0.0007550514520671621,9.75781955236954e-19
val_L_L_s2_m4_b1__val_L_L_s2_m4_b2,val_L|L|s2|m4,val_L_L_s2_m4_b1,val_L_L_s2_m4_b2,adapted,oracle,False,False,4,persistence,0.0011307039347903149,0.0016825153109637052,0.0005518113761733903,9.079850727420556e-05,0.00046101286889918287,1.8973538018496328e-18
val_L_L_s2_m4_b1__val_L_L_s2_m4_b2,val_L|L|s2|m4,val_L_L_s2_m4_b1,val_L_L_s2_m4_b2,adapted,oracle,False,False,5,free,-0.0009596218461888351,-0.00022097042403486367,0.0007386514221539714,0.00039427579377070414,0.0003443756283832695,-2.2768245622195593e-18
val_L_L_s2_m4_b1__val_L_L_s2_m4_b2,val_L|L|s2|m4,val_L_L_s2_m4_b1,val_L_L_s2_m4_b2,adapted,oracle,False,False,5,teacher,-0.0009596218461888351,-0.002012455654595645,-0.0010528338084068098,-0.0033239033904920545,0.002271069582085241,3.903127820947816e-18
val_L_L_s2_m4_b1__val_L_L_s2_m4_b2,val_L|L|s2|m4,val_L_L_s2_m4_b1,val_L_L_s2_m4_b2,adapted,oracle,False,False,5,reset,-0.0009596218461888351,-0.0013575108704419366,-0.0003978890242531015,0.0004140324470099999,-0.0008119214712631038,2.3852447794681098e-18
val_L_L_s2_m4_b1__val_L_L_s2_m4_b2,val_L|L|s2|m4,val_L_L_s2_m4_b1,val_L_L_s2_m4_b2,adapted,oracle,False,False,5,persistence,-0.0009596218461888351,0.0011307039347903149,0.00209032578097915,0.001065971981556466,0.001024353799422686,-2.168404344971009e-18
val_T_T_s0_m4_b0__val_T_T_s0_m4_b1,val_T|T|s0|m4,val_T_T_s0_m4_b0,val_T_T_s0_m4_b1,frozen,adapted,True,True,1,free,0.005465063793850797,0.006029595578085717,0.0005645317842349201,0.0001828119067914938,0.0003817198774434086,1.7726705520137997e-17
val_T_T_s0_m4_b0__val_T_T_s0_m4_b1,val_T|T|s0|m4,val_T_T_s0_m4_b0,val_T_T_s0_m4_b1,frozen,adapted,True,True,1,teacher,0.005465063793850797,0.006029595578085717,0.0005645317842349201,0.0001828119067914938,0.0003817198774434086,1.7726705520137997e-17
val_T_T_s0_m4_b0__val_T_T_s0_m4_b1,val_T|T|s0|m4,val_T_T_s0_m4_b0,val_T_T_s0_m4_b1,frozen,adapted,True,True,1,reset,0.005465063793850797,0.006029595578085717,0.0005645317842349201,0.0001828119067914938,0.0003817198774434086,1.7726705520137997e-17
val_T_T_s0_m4_b0__val_T_T_s0_m4_b1,val_T|T|s0|m4,val_T_T_s0_m4_b0,val_T_T_s0_m4_b1,frozen,adapted,True,True,1,persistence,0.005465063793850797,0.0,-0.005465063793850797,0.0004494861922944431,-0.005914549986145272,3.209238430557093e-17
val_T_T_s0_m4_b0__val_T_T_s0_m4_b1,val_T|T|s0|m4,val_T_T_s0_m4_b0,val_T_T_s0_m4_b1,frozen,adapted,True,True,2,free,0.000665695247459068,0.000740426321185296,7.4731073726228e-05,3.896265512522981e-05,3.576841860099371e-05,4.47911022508074e-18
val_T_T_s0_m4_b0__val_T_T_s0_m4_b1,val_T|T|s0|m4,val_T_T_s0_m4_b0,val_T_T_s0_m4_b1,frozen,adapted,True,True,2,teacher,0.000665695247459068,0.0012685090529504575,0.0006028138054913895,3.0826439006440934e-05,0.0005719873664849415,7.047314121155779e-18
val_T_T_s0_m4_b0__val_T_T_s0_m4_b1,val_T|T|s0|m4,val_T_T_s0_m4_b0,val_T_T_s0_m4_b1,frozen,adapted,True,True,2,reset,0.000665695247459068,0.000596933900217294,-6.876134724177405e-05,-1.4362303647997231e-06,-6.732511687698362e-05,9.2970336290632e-18
val_T_T_s0_m4_b0__val_T_T_s0_m4_b1,val_T|T|s0|m4,val_T_T_s0_m4_b0,val_T_T_s0_m4_b1,frozen,adapted,True,True,2,persistence,0.000665695247459068,0.005465063793850797,0.004799368546391729,0.0019281156264094558,0.0028712529199823,-2.688821387764051e-17
val_T_T_s0_m4_b0__val_T_T_s0_m4_b1,val_T|T|s0|m4,val_T_T_s0_m4_b0,val_T_T_s0_m4_b1,frozen,adapted,True,True,3,free,-0.0002815989829493132,-1.6315955626951956e-05,0.0002652830273223612,0.00018800122961519915,7.728179770716747e-05,-5.3939058081153846e-18
val_T_T_s0_m4_b0__val_T_T_s0_m4_b1,val_T|T|s0|m4,val_T_T_s0_m4_b0,val_T_T_s0_m4_b1,frozen,adapted,True,True,3,teacher,-0.0002815989829493132,0.00022778131304974046,0.0005093802959990536,3.655396659612936e-05,0.0004728263294029339,-9.595189226496714e-18
val_T_T_s0_m4_b0__val_T_T_s0_m4_b1,val_T|T|s0|m4,val_T_T_s0_m4_b0,val_T_T_s0_m4_b1,frozen,adapted,True,True,3,reset,-0.0002815989829493132,0.00013627949071957218,0.00041787847366888536,6.548422830955808e-06,0.0004113300508379329,-3.3068166260807885e-18
val_T_T_s0_m4_b0__val_T_T_s0_m4_b1,val_T|T|s0|m4,val_T_T_s0_m4_b0,val_T_T_s0_m4_b1,frozen,adapted,True,True,3,persistence,-0.0002815989829493132,0.000665695247459068,0.0009472942304083812,0.0002604761440672647,0.0006868180863411295,-1.3010426069826053e-17
val_T_T_s0_m4_b0__val_T_T_s0_m4_b1,val_T|T|s0|m4,val_T_T_s0_m4_b0,val_T_T_s0_m4_b1,frozen,adapted,True,True,4,free,-0.001138075452989995,-0.00016303353207172341,0.0009750419209182716,0.0007351329267667182,0.00023990899415155442,-9.75781955236954e-19
val_T_T_s0_m4_b0__val_T_T_s0_m4_b1,val_T|T|s0|m4,val_T_T_s0_m4_b0,val_T_T_s0_m4_b1,frozen,adapted,True,True,4,teacher,-0.001138075452989995,0.00018697762660934564,0.0013250530795993407,0.0005146155297328166,0.0008104375498665278,-3.686287386450715e-18
val_T_T_s0_m4_b0__val_T_T_s0_m4_b1,val_T|T|s0|m4,val_T_T_s0_m4_b0,val_T_T_s0_m4_b1,frozen,adapted,True,True,4,reset,-0.001138075452989995,2.377649475598584e-05,0.0011618519477459809,0.00013007991755197799,0.0010317720301940049,-1.951563910473908e-18
val_T_T_s0_m4_b0__val_T_T_s0_m4_b1,val_T|T|s0|m4,val_T_T_s0_m4_b0,val_T_T_s0_m4_b1,frozen,adapted,True,True,4,persistence,-0.001138075452989995,-0.0002815989829493132,0.0008564764700406818,-7.224242138545357e-05,0.0009287188914261298,5.637851296924623e-18
val_T_T_s0_m4_b0__val_T_T_s0_m4_b1,val_T|T|s0|m4,val_T_T_s0_m4_b0,val_T_T_s0_m4_b1,frozen,adapted,True,True,5,free,-0.00031011089282896587,-0.00018805376742356966,0.0001220571254053962,0.0005471566359925711,-0.00042509951058716724,-7.697835424647081e-18
val_T_T_s0_m4_b0__val_T_T_s0_m4_b1,val_T|T|s0|m4,val_T_T_s0_m4_b0,val_T_T_s0_m4_b1,frozen,adapted,True,True,5,teacher,-0.00031011089282896587,0.0002311751100079005,0.0005412860028368664,0.00019931749689260236,0.0003419685059442675,-3.469446951953614e-18
val_T_T_s0_m4_b0__val_T_T_s0_m4_b1,val_T|T|s0|m4,val_T_T_s0_m4_b0,val_T_T_s0_m4_b1,frozen,adapted,True,True,5,reset,-0.00031011089282896587,-0.0002463398376536807,6.377105517528514e-05,0.00017349303907442917,-0.00010972198389913845,-5.583641188300348e-18
val_T_T_s0_m4_b0__val_T_T_s0_m4_b1,val_T|T|s0|m4,val_T_T_s0_m4_b0,val_T_T_s0_m4_b1,frozen,adapted,True,True,5,persistence,-0.00031011089282896587,-0.001138075452989995,-0.0008279645601610292,0.000117052166940151,-0.0009450167271011789,-1.3010426069826053e-18
val_T_T_s0_m4_b0__val_T_T_s0_m4_b2,val_T|T|s0|m4,val_T_T_s0_m4_b0,val_T_T_s0_m4_b2,frozen,oracle,True,False,1,free,0.014408801411360764,0.015143670658287409,0.0007348692469266449,0.0004240928680894628,0.00031077637883716077,2.1304572689340162e-17
val_T_T_s0_m4_b0__val_T_T_s0_m4_b2,val_T|T|s0|m4,val_T_T_s0_m4_b0,val_T_T_s0_m4_b2,frozen,oracle,True,False,1,teacher,0.014408801411360764,0.015143670658287409,0.0007348692469266449,0.0004240928680894628,0.00031077637883716077,2.1304572689340162e-17
val_T_T_s0_m4_b0__val_T_T_s0_m4_b2,val_T|T|s0|m4,val_T_T_s0_m4_b0,val_T_T_s0_m4_b2,frozen,oracle,True,False,1,reset,0.014408801411360764,0.015143670658287409,0.0007348692469266449,0.0004240928680894628,0.00031077637883716077,2.1304572689340162e-17
val_T_T_s0_m4_b0__val_T_T_s0_m4_b2,val_T|T|s0|m4,val_T_T_s0_m4_b0,val_T_T_s0_m4_b2,frozen,oracle,True,False,1,persistence,0.014408801411360764,0.0,-0.014408801411360764,0.0014349554522888998,-0.01584375686364968,1.734723475976807e-17
val_T_T_s0_m4_b0__val_T_T_s0_m4_b2,val_T|T|s0|m4,val_T_T_s0_m4_b0,val_T_T_s0_m4_b2,frozen,oracle,True,False,2,free,0.0009301704892765023,0.001720340389835165,0.0007901699005586627,-0.0001162900113754645,0.0009064599119341198,7.37257477290143e-18
val_T_T_s0_m4_b0__val_T_T_s0_m4_b2,val_T|T|s0|m4,val_T_T_s0_m4_b0,val_T_T_s0_m4_b2,frozen,oracle,True,False,2,teacher,0.0009301704892765023,0.0028268389297639272,0.001896668440487425,-0.00013815111067950222,0.002034819551166925,2.6020852139652106e-18
val_T_T_s0_m4_b0__val_T_T_s0_m4_b2,val_T|T|s0|m4,val_T_T_s0_m4_b0,val_T_T_s0_m4_b2,frozen,oracle,True,False,2,reset,0.0009301704892765023,0.0017455440116716167,0.0008153735223951145,-8.73042838522743e-06,0.000824103950780332,9.86623976961809e-18
val_T_T_s0_m4_b0__val_T_T_s0_m4_b2,val_T|T|s0|m4,val_T_T_s0_m4_b0,val_T_T_s0_m4_b2,frozen,oracle,True,False,2,persistence,0.0009301704892765023,0.014408801411360764,0.013478630922084262,0.004152873294881744,0.009325757627202528,-1.0408340855860843e-17
val_T_T_s0_m4_b0__val_T_T_s0_m4_b2,val_T|T|s0|m4,val_T_T_s0_m4_b0,val_T_T_s0_m4_b2,frozen,oracle,True,False,3,free,0.00043863598465546105,-6.83562362218948e-05,-0.0005069922208773558,-0.00012602551596567398,-0.00038096670491167704,-4.824699667560495e-18
val_T_T_s0_m4_b0__val_T_T_s0_m4_b2,val_T|T|s0|m4,val_T_T_s0_m4_b0,val_T_T_s0_m4_b2,frozen,oracle,True,False,3,teacher,0.00043863598465546105,0.0008334929331361689,0.0003948569484807079,-0.00046945825667604177,0.0008643152051567556,-5.854691731421724e-18
val_T_T_s0_m4_b0__val_T_T_s0_m4_b2,val_T|T|s0|m4,val_T_T_s0_m4_b0,val_T_T_s0_m4_b2,frozen,oracle,True,False,3,reset,0.00043863598465546105,0.00017401435626403922,-0.00026462162839142184,-8.094335648540057e-05,-0.00018367827190602203,7.589415207398531e-19
val_T_T_s0_m4_b0__val_T_T_s0_m4_b2,val_T|T|s0|m4,val_T_T_s0_m4_b0,val_T_T_s0_m4_b2,frozen,oracle,True,False,3,persistence,0.00043863598465546105,0.0009301704892765023,0.0004915345046210412,0.00037969262085914453,0.00011184188376191028,-1.360673726469308e-17
val_T_T_s0_m4_b0__val_T_T_s0_m4_b2,val_T|T|s0|m4,val_T_T_s0_m4_b0,val_T_T_s0_m4_b2,frozen,oracle,True,False,4,free,0.00028286399045700933,0.0003498424015288444,6.697841107183508e-05,6.985000175436958e-05,-2.8715906825385194e-06,4.025100565352435e-18
val_T_T_s0_m4_b0__val_T_T_s0_m4_b2,val_T|T|s0|m4,val_T_T_s0_m4_b0,val_T_T_s0_m4_b2,frozen,oracle,True,False,4,teacher,0.00028286399045700933,0.00022282232255365492,-6.004166790335441e-05,-0.0004646317776514159,0.0004045901097480618,-3.2526065174565133e-19
val_T_T_s0_m4_b0__val_T_T_s0_m4_b2,val_T|T|s0|m4,val_T_T_s0_m4_b0,val_T_T_s0_m4_b2,frozen,oracle,True,False,4,reset,0.00028286399045700933,2.3744306164072415e-05,-0.0002591196842929369,-2.795329205865013e-05,-0.0002311663922342896,2.8189256484623115e-18
val_T_T_s0_m4_b0__val_T_T_s0_m4_b2,val_T|T|s0|m4,val_T_T_s0_m4_b0,val_T_T_s0_m4_b2,frozen,oracle,True,False,4,persistence,0.00028286399045700933,0.00043863598465546105,0.00015577199419845172,-4.213835781313905e-05,0.0001979103520115831,7.670730370334944e-18
val_T_T_s0_m4_b0__val_T_T_s0_m4_b2,val_T|T|s0|m4,val_T_T_s0_m4_b0,val_T_T_s0_m4_b2,frozen,oracle,True,False,5,free,-0.0014456031504592182,-0.0010502353240578466,0.0003953678264013716,-0.0002941253608211175,0.0006894931872224957,-6.613633252161577e-18
val_T_T_s0_m4_b0__val_T_T_s0_m4_b2,val_T|T|s0|m4,val_T_T_s0_m4_b0,val_T_T_s0_m4_b2,frozen,oracle,True,False,5,teacher,-0.0014456031504592182,-0.00037913755291409633,0.0010664655975451218,0.00043051595025188854,0.0006359496472932357,-2.3852447794681098e-18
val_T_T_s0_m4_b0__val_T_T_s0_m4_b2,val_T|T|s0|m4,val_T_T_s0_m4_b0,val_T_T_s0_m4_b2,frozen,oracle,True,False,5,reset,-0.0014456031504592182,-0.0002165859384424089,0.0012290172120168093,0.0001276327005199883,0.0011013845114968216,-6.505213034913027e-19
val_T_T_s0_m4_b0__val_T_T_s0_m4_b2,val_T|T|s0|m4,val_T_T_s0_m4_b0,val_T_T_s0_m4_b2,frozen,oracle,True,False,5,persistence,-0.0014456031504592182,0.00028286399045700933,0.0017284671409162275,4.9380214284890116e-05,0.0016790869266313404,-3.0357660829594124e-18
val_T_T_s0_m4_b1__val_T_T_s0_m4_b2,val_T|T|s0|m4,val_T_T_s0_m4_b1,val_T_T_s0_m4_b2,adapted,oracle,False,False,1,free,0.008943737617509967,0.009114075080201692,0.00017033746269172478,0.0002327589782940551,-6.242151560233519e-05,4.87890977618477e-18
val_T_T_s0_m4_b1__val_T_T_s0_m4_b2,val_T|T|s0|m4,val_T_T_s0_m4_b1,val_T_T_s0_m4_b2,adapted,oracle,False,False,1,teacher,0.008943737617509967,0.009114075080201692,0.00017033746269172478,0.0002327589782940551,-6.242151560233519e-05,4.87890977618477e-18
val_T_T_s0_m4_b1__val_T_T_s0_m4_b2,val_T|T|s0|m4,val_T_T_s0_m4_b1,val_T_T_s0_m4_b2,adapted,oracle,False,False,1,reset,0.008943737617509967,0.009114075080201692,0.00017033746269172478,0.0002327589782940551,-6.242151560233519e-05,4.87890977618477e-18
val_T_T_s0_m4_b1__val_T_T_s0_m4_b2,val_T|T|s0|m4,val_T_T_s0_m4_b1,val_T_T_s0_m4_b2,adapted,oracle,False,False,1,persistence,0.008943737617509967,0.0,-0.008943737617509967,0.0009854692599944566,-0.009929206877504409,-1.3877787807814457e-17
val_T_T_s0_m4_b1__val_T_T_s0_m4_b2,val_T|T|s0|m4,val_T_T_s0_m4_b1,val_T_T_s0_m4_b2,adapted,oracle,False,False,2,free,0.00026447524181743426,0.000979914068649869,0.0007154388268324346,-0.00014433535349945228,0.000859774180331884,2.927345865710862e-18
val_T_T_s0_m4_b1__val_T_T_s0_m4_b2,val_T|T|s0|m4,val_T_T_s0_m4_b1,val_T_T_s0_m4_b2,adapted,oracle,False,False,2,teacher,0.00026447524181743426,0.0015583298768134697,0.0012938546349960355,-0.0001551311916782636,0.001448985826674304,-4.9873299934333204e-18
val_T_T_s0_m4_b1__val_T_T_s0_m4_b2,val_T|T|s0|m4,val_T_T_s0_m4_b1,val_T_T_s0_m4_b2,adapted,oracle,False,False,2,reset,0.00026447524181743426,0.0011486101114543228,0.0008841348696368885,1.3175965072182794e-05,0.0008709589045647052,5.421010862427522e-19
val_T_T_s0_m4_b1__val_T_T_s0_m4_b2,val_T|T|s0|m4,val_T_T_s0_m4_b1,val_T_T_s0_m4_b2,adapted,oracle,False,False,2,persistence,0.00026447524181743426,0.008943737617509967,0.008679262375692533,0.002255163381896453,0.006424098993796063,1.6479873021779667e-17
val_T_T_s0_m4_b1__val_T_T_s0_m4_b2,val_T|T|s0|m4,val_T_T_s0_m4_b1,val_T_T_s0_m4_b2,adapted,oracle,False,False,3,free,0.0007202349676047742,-5.204028059494284e-05,-0.0007722752481997171,-0.0003210492944789776,-0.00045122595372074016,7.047314121155779e-19
val_T_T_s0_m4_b1__val_T_T_s0_m4_b2,val_T|T|s0|m4,val_T_T_s0_m4_b1,val_T_T_s0_m4_b2,adapted,oracle,False,False,3,teacher,0.0007202349676047742,0.0006057116200864285,-0.00011452334751834575,-0.0005112301466491017,0.0003967067991307525,3.469446951953614e-18
val_T_T_s0_m4_b1__val_T_T_s0_m4_b2,val_T|T|s0|m4,val_T_T_s0_m4_b1,val_T_T_s0_m4_b2,adapted,oracle,False,False,3,reset,0.0007202349676047742,3.773486554446703e-05,-0.0006825001020603072,-8.397092227389777e-05,-0.0005985291797864133,3.7947076036992655e-18
val_T_T_s0_m4_b1__val_T_T_s0_m4_b2,val_T|T|s0|m4,val_T_T_s0_m4_b1,val_T_T_s0_m4_b2,adapted,oracle,False,False,3,persistence,0.0007202349676047742,0.00026447524181743426,-0.00045575972578734,0.00011888023243776141,-0.0005746399582251008,-6.505213034913027e-19
val_T_T_s0_m4_b1__val_T_T_s0_m4_b2,val_T|T|s0|m4,val_T_T_s0_m4_b1,val_T_T_s0_m4_b2,adapted,oracle,False,False,4,free,0.0014209394434470043,0.0005128759336005678,-0.0009080635098464365,-0.0006802614158721242,-0.00022780209397431768,5.366800753803247e-18
val_T_T_s0_m4_b1__val_T_T_s0_m4_b2,val_T|T|s0|m4,val_T_T_s0_m4_b1,val_T_T_s0_m4_b2,adapted,oracle,False,False,4,teacher,0.0014209394434470043,3.584469594430928e-05,-0.001385094747502695,-0.00098835335876561,-0.00039674138873708857,3.577867169202165e-18
val_T_T_s0_m4_b1__val_T_T_s0_m4_b2,val_T|T|s0|m4,val_T_T_s0_m4_b1,val_T_T_s0_m4_b2,adapted,oracle,False,False,4,reset,0.0014209394434470043,-3.218859191342349e-08,-0.0014209716320389178,-0.00015795399796820402,-0.0012630176340707186,4.7704895589362195e-18
val_T_T_s0_m4_b1__val_T_T_s0_m4_b2,val_T|T|s0|m4,val_T_T_s0_m4_b1,val_T_T_s0_m4_b2,adapted,oracle,False,False,4,persistence,0.0014209394434470043,0.0007202349676047742,-0.0007007044758422301,3.967152298116905e-05,-0.0007403759988234013,2.168404344971009e-18
val_T_T_s0_m4_b1__val_T_T_s0_m4_b2,val_T|T|s0|m4,val_T_T_s0_m4_b1,val_T_T_s0_m4_b2,adapted,oracle,False,False,5,free,-0.0011354922576302523,-0.0008621815566342769,0.0002733107009959754,-0.0008593636853903746,0.0011326743863863489,1.0842021724855044e-18
val_T_T_s0_m4_b1__val_T_T_s0_m4_b2,val_T|T|s0|m4,val_T_T_s0_m4_b1,val_T_T_s0_m4_b2,adapted,oracle,False,False,5,teacher,-0.0011354922576302523,-0.0006103126629219968,0.0005251795947082555,0.00021296281742983804,0.00031221677727841663,8.131516293641283e-19
val_T_T_s0_m4_b1__val_T_T_s0_m4_b2,val_T|T|s0|m4,val_T_T_s0_m4_b1,val_T_T_s0_m4_b2,adapted,oracle,False,False,5,reset,-0.0011354922576302523,2.9753899211271834e-05,0.0011652461568415241,-4.0266515455758714e-05,0.0012055126722972781,4.7704895589362195e-18
val_T_T_s0_m4_b1__val_T_T_s0_m4_b2,val_T|T|s0|m4,val_T_T_s0_m4_b1,val_T_T_s0_m4_b2,adapted,oracle,False,False,5,persistence,-0.0011354922576302523,0.0014209394434470043,0.0025564317010772566,-4.6278094035473045e-05,0.0026027097951127317,-2.168404344971009e-18
val_T_T_s1_m4_b0__val_T_T_s1_m4_b1,val_T|T|s1|m4,val_T_T_s1_m4_b0,val_T_T_s1_m4_b1,frozen;oracle,adapted,True,True,1,free,1.828293193995023e-05,8.270170007444039e-05,6.441876813449016e-05,1.9790018016253022e-05,4.4628750118231656e-05,5.4752209710517974e-18
val_T_T_s1_m4_b0__val_T_T_s1_m4_b1,val_T|T|s1|m4,val_T_T_s1_m4_b0,val_T_T_s1_m4_b1,frozen;oracle,adapted,True,True,1,teacher,1.828293193995023e-05,8.270170007444039e-05,6.441876813449016e-05,1.9790018016253022e-05,4.4628750118231656e-05,5.4752209710517974e-18
val_T_T_s1_m4_b0__val_T_T_s1_m4_b1,val_T|T|s1|m4,val_T_T_s1_m4_b0,val_T_T_s1_m4_b1,frozen;oracle,adapted,True,True,1,reset,1.828293193995023e-05,8.270170007444039e-05,6.441876813449016e-05,1.9790018016253022e-05,4.4628750118231656e-05,5.4752209710517974e-18
val_T_T_s1_m4_b0__val_T_T_s1_m4_b1,val_T|T|s1|m4,val_T_T_s1_m4_b0,val_T_T_s1_m4_b1,frozen;oracle,adapted,True,True,1,persistence,1.828293193995023e-05,0.0,-1.828293193995023e-05,1.4638038577707236e-05,-3.2920970517656844e-05,-6.2341624917916505e-19
val_T_T_s1_m4_b0__val_T_T_s1_m4_b1,val_T|T|s1|m4,val_T_T_s1_m4_b0,val_T_T_s1_m4_b1,frozen;oracle,adapted,True,True,2,free,4.2650725844460904e-06,7.199837782136467e-06,2.934765197690377e-06,-5.533785259327938e-07,3.4881437236245725e-06,-1.401839527705867e-18
val_T_T_s1_m4_b0__val_T_T_s1_m4_b1,val_T|T|s1|m4,val_T_T_s1_m4_b0,val_T_T_s1_m4_b1,frozen;oracle,adapted,True,True,2,teacher,4.2650725844460904e-06,2.253875439694325e-05,1.827368181249716e-05,2.3401252246983552e-06,1.5933556587801186e-05,-2.3818566476790926e-18
val_T_T_s1_m4_b0__val_T_T_s1_m4_b1,val_T|T|s1|m4,val_T_T_s1_m4_b0,val_T_T_s1_m4_b1,frozen;oracle,adapted,True,True,2,reset,4.2650725844460904e-06,3.7337851742993977e-06,-5.312874101466927e-07,-7.613510920989469e-07,2.3006368195491985e-07,-2.66571856412769e-18
val_T_T_s1_m4_b0__val_T_T_s1_m4_b1,val_T|T|s1|m4,val_T_T_s1_m4_b0,val_T_T_s1_m4_b1,frozen;oracle,adapted,True,True,2,persistence,4.2650725844460904e-06,1.828293193995023e-05,1.401785935550414e-05,7.026809678345944e-06,6.991049677157983e-06,2.1345230270808369e-19
val_T_T_s1_m4_b0__val_T_T_s1_m4_b1,val_T|T|s1|m4,val_T_T_s1_m4_b0,val_T_T_s1_m4_b1,frozen;oracle,adapted,True,True,3,free,1.2486228122563295e-06,-1.7862501074444523e-06,-3.0348729197007818e-06,-5.99453051474195e-07,-2.4354198682267644e-06,1.7745340244977592e-19
val_T_T_s1_m4_b0__val_T_T_s1_m4_b1,val_T|T|s1|m4,val_T_T_s1_m4_b0,val_T_T_s1_m4_b1,frozen;oracle,adapted,True,True,3,teacher,1.2486228122563295e-06,1.0465237879368414e-05,9.216615067112084e-06,3.661729546584924e-06,5.554885520529375e-06,-2.2149911570699954e-18
val_T_T_s1_m4_b0__val_T_T_s1_m4_b1,val_T|T|s1|m4,val_T_T_s1_m4_b0,val_T_T_s1_m4_b1,frozen;oracle,adapted,True,True,3,reset,1.2486228122563295e-06,2.423680164655162e-07,-1.0062547957908133e-06,8.898792261123233e-07,-1.8961340219034506e-06,3.1403746519453185e-19
val_T_T_s1_m4_b0__val_T_T_s1_m4_b1,val_T|T|s1|m4,val_T_T_s1_m4_b0,val_T_T_s1_m4_b1,frozen;oracle,adapted,True,True,3,persistence,1.2486228122563295e-06,4.2650725844460904e-06,3.016449772189761e-06,1.7336898429307823e-06,1.2827599292586748e-06,3.0387306982748025e-19
val_T_T_s1_m4_b0__val_T_T_s1_m4_b1,val_T|T|s1|m4,val_T_T_s1_m4_b0,val_T_T_s1_m4_b1,frozen;oracle,adapted,True,True,4,free,6.413662567280806e-07,-2.180672286588442e-06,-2.8220385433165227e-06,-5.874049529957364e-07,-2.2346335903220807e-06,1.294266343404571e-18
val_T_T_s1_m4_b0__val_T_T_s1_m4_b1,val_T|T|s1|m4,val_T_T_s1_m4_b0,val_T_T_s1_m4_b1,frozen;oracle,adapted,True,True,4,teacher,6.413662567280806e-07,8.520809933727433e-06,7.879443676999352e-06,3.8120014211573284e-06,4.067442255841141e-06,8.82608331038981e-19
val_T_T_s1_m4_b0__val_T_T_s1_m4_b1,val_T|T|s1|m4,val_T_T_s1_m4_b0,val_T_T_s1_m4_b1,frozen;oracle,adapted,True,True,4,reset,6.413662567280806e-07,-9.396420892239521e-09,-6.507626776203201e-07,7.541200223623247e-07,-1.404882699983756e-06,1.1110954685608285e-18
val_T_T_s1_m4_b0__val_T_T_s1_m4_b1,val_T|T|s1|m4,val_T_T_s1_m4_b0,val_T_T_s1_m4_b1,frozen;oracle,adapted,True,True,4,persistence,6.413662567280806e-07,1.2486228122563295e-06,6.072565555282489e-07,3.463757168641002e-07,2.6088083866360644e-07,5.42206965361159e-19
val_T_T_s1_m4_b0__val_T_T_s1_m4_b1,val_T|T|s1|m4,val_T_T_s1_m4_b0,val_T_T_s1_m4_b1,frozen;oracle,adapted,True,True,5,free,3.604371974197905e-07,-1.6983752068652075e-06,-2.058812404284998e-06,-3.109054671552699e-07,-1.7479069371286473e-06,-1.0808140406964872e-18
val_T_T_s1_m4_b0__val_T_T_s1_m4_b1,val_T|T|s1|m4,val_T_T_s1_m4_b0,val_T_T_s1_m4_b1,frozen;oracle,adapted,True,True,5,teacher,3.604371974197905e-07,7.72517498173926e-06,7.36473778431947e-06,4.421760384973762e-06,2.9429773993466253e-06,-9.169131654027801e-19
val_T_T_s1_m4_b0__val_T_T_s1_m4_b1,val_T|T|s1|m4,val_T_T_s1_m4_b0,val_T_T_s1_m4_b1,frozen;oracle,adapted,True,True,5,reset,3.604371974197905e-07,-1.286182850753284e-07,-4.890554824951189e-07,5.708410153692987e-07,-1.059896497864924e-06,5.065257024580716e-19
val_T_T_s1_m4_b0__val_T_T_s1_m4_b1,val_T|T|s1|m4,val_T_T_s1_m4_b0,val_T_T_s1_m4_b1,frozen;oracle,adapted,True,True,5,persistence,3.604371974197905e-07,6.413662567280806e-07,2.809290593082901e-07,1.3771066398324723e-07,1.432183953257324e-07,-6.895112888446022e-19
val_T_T_s2_m4_b0__val_T_T_s2_m4_b1,val_T|T|s2|m4,val_T_T_s2_m4_b0,val_T_T_s2_m4_b1,frozen,adapted,True,True,1,free,0.003676680326103701,5.259594444431692e-06,-0.0036714207316592695,-0.00020474983162852722,-0.0034666709000307303,-1.214306433183765e-17
val_T_T_s2_m4_b0__val_T_T_s2_m4_b1,val_T|T|s2|m4,val_T_T_s2_m4_b0,val_T_T_s2_m4_b1,frozen,adapted,True,True,1,teacher,0.003676680326103701,5.259594444431692e-06,-0.0036714207316592695,-0.00020474983162852722,-0.0034666709000307303,-1.214306433183765e-17
val_T_T_s2_m4_b0__val_T_T_s2_m4_b1,val_T|T|s2|m4,val_T_T_s2_m4_b0,val_T_T_s2_m4_b1,frozen,adapted,True,True,1,reset,0.003676680326103701,5.259594444431692e-06,-0.0036714207316592695,-0.00020474983162852722,-0.0034666709000307303,-1.214306433183765e-17
val_T_T_s2_m4_b0__val_T_T_s2_m4_b1,val_T|T|s2|m4,val_T_T_s2_m4_b0,val_T_T_s2_m4_b1,frozen,adapted,True,True,1,persistence,0.003676680326103701,0.0,-0.003676680326103701,0.002210411684297932,-0.005887092010401639,6.071532165918825e-18
val_T_T_s2_m4_b0__val_T_T_s2_m4_b1,val_T|T|s2|m4,val_T_T_s2_m4_b0,val_T_T_s2_m4_b1,frozen,adapted,True,True,2,free,-0.002229714716386215,-0.00010798501207672645,0.0021217297043094885,0.000663838778741631,0.0014578909255678531,4.336808689942018e-18
val_T_T_s2_m4_b0__val_T_T_s2_m4_b1,val_T|T|s2|m4,val_T_T_s2_m4_b0,val_T_T_s2_m4_b1,frozen,adapted,True,True,2,teacher,-0.002229714716386215,-7.853420413869022e-05,0.0021511805122475247,0.0007308158521629287,0.0014203646600845876,8.456776945386935e-18
val_T_T_s2_m4_b0__val_T_T_s2_m4_b1,val_T|T|s2|m4,val_T_T_s2_m4_b0,val_T_T_s2_m4_b1,frozen,adapted,True,True,2,reset,-0.002229714716386215,0.000303810825621878,0.002533525542008093,0.0005758308306355995,0.0019576947113724885,4.7704895589362195e-18
val_T_T_s2_m4_b0__val_T_T_s2_m4_b1,val_T|T|s2|m4,val_T_T_s2_m4_b0,val_T_T_s2_m4_b1,frozen,adapted,True,True,2,persistence,-0.002229714716386215,0.003676680326103701,0.005906395042489916,-0.00021136531331944418,0.006117760355809361,-8.673617379884035e-19
val_T_T_s2_m4_b0__val_T_T_s2_m4_b1,val_T|T|s2|m4,val_T_T_s2_m4_b0,val_T_T_s2_m4_b1,frozen,adapted,True,True,3,free,0.0006276061513013562,8.908847462437558e-05,-0.0005385176766769806,-0.00019749551129920215,-0.00034102216537777833,-1.0842021724855044e-19
val_T_T_s2_m4_b0__val_T_T_s2_m4_b1,val_T|T|s2|m4,val_T_T_s2_m4_b0,val_T_T_s2_m4_b1,frozen,adapted,True,True,3,teacher,0.0006276061513013562,1.8520518456580787e-05,-0.0006090856328447754,-0.00029601846768475084,-0.00031306716516002063,-3.903127820947816e-18
val_T_T_s2_m4_b0__val_T_T_s2_m4_b1,val_T|T|s2|m4,val_T_T_s2_m4_b0,val_T_T_s2_m4_b1,frozen,adapted,True,True,3,reset,0.0006276061513013562,-0.00020687334264259463,-0.0008344794939439508,-0.00020563620322700638,-0.0006288432907169431,-1.4094628242311558e-18
val_T_T_s2_m4_b0__val_T_T_s2_m4_b1,val_T|T|s2|m4,val_T_T_s2_m4_b0,val_T_T_s2_m4_b1,frozen,adapted,True,True,3,persistence,0.0006276061513013562,-0.002229714716386215,-0.002857320867687571,-0.00010565932809119875,-0.002751661539596366,-6.071532165918825e-18
val_T_T_s2_m4_b0__val_T_T_s2_m4_b1,val_T|T|s2|m4,val_T_T_s2_m4_b0,val_T_T_s2_m4_b1,frozen,adapted,True,True,4,free,-0.000765327229579036,9.907007653413985e-05,0.0008643973061131759,0.0006033299154676883,0.00026106739064549363,-6.071532165918825e-18
val_T_T_s2_m4_b0__val_T_T_s2_m4_b1,val_T|T|s2|m4,val_T_T_s2_m4_b0,val_T_T_s2_m4_b1,frozen,adapted,True,True,4,teacher,-0.000765327229579036,-0.0002958230992160249,0.0004695041303630111,0.0006117615668876647,-0.00014225743652464826,-5.312590645178972e-18
val_T_T_s2_m4_b0__val_T_T_s2_m4_b1,val_T|T|s2|m4,val_T_T_s2_m4_b0,val_T_T_s2_m4_b1,frozen,adapted,True,True,4,reset,-0.000765327229579036,-0.00022418055277760585,0.0005411466768014302,0.00027961663967483155,0.0002615300371266077,-9.107298248878237e-18
val_T_T_s2_m4_b0__val_T_T_s2_m4_b1,val_T|T|s2|m4,val_T_T_s2_m4_b0,val_T_T_s2_m4_b1,frozen,adapted,True,True,4,persistence,-0.000765327229579036,0.0006276061513013562,0.0013929333808803922,4.0312462243728066e-05,0.0013526209186366673,-3.2526065174565133e-18
val_T_T_s2_m4_b0__val_T_T_s2_m4_b1,val_T|T|s2|m4,val_T_T_s2_m4_b0,val_T_T_s2_m4_b1,frozen,adapted,True,True,5,free,-0.0006402881248963738,8.507977186640245e-05,0.0007253678967627762,0.0005479326819513702,0.00017743521481140644,-3.7947076036992655e-19
val_T_T_s2_m4_b0__val_T_T_s2_m4_b1,val_T|T|s2|m4,val_T_T_s2_m4_b0,val_T_T_s2_m4_b1,frozen,adapted,True,True,5,teacher,-0.0006402881248963738,-0.0002744588270059082,0.0003658292978904656,0.0008661774205045026,-0.0005003481226140387,1.6263032587282567e-18
val_T_T_s2_m4_b0__val_T_T_s2_m4_b1,val_T|T|s2|m4,val_T_T_s2_m4_b0,val_T_T_s2_m4_b1,frozen,adapted,True,True,5,reset,-0.0006402881248963738,-0.00031208697848759265,0.0003282011464087811,0.0005111540482387148,-0.00018295290182993306,-5.963111948670274e-19
val_T_T_s2_m4_b0__val_T_T_s2_m4_b1,val_T|T|s2|m4,val_T_T_s2_m4_b0,val_T_T_s2_m4_b1,frozen,adapted,True,True,5,persistence,-0.0006402881248963738,-0.000765327229579036,-0.00012503910468266224,-3.970579078135872e-05,-8.533331390130887e-05,5.353248226647178e-18
val_T_T_s2_m4_b0__val_T_T_s2_m4_b2,val_T|T|s2|m4,val_T_T_s2_m4_b0,val_T_T_s2_m4_b2,frozen,oracle,True,False,1,free,0.007192847463747834,0.010256648098117951,0.0030638006343701174,0.000572176490291527,0.0024916241440785794,1.1275702593849246e-17
val_T_T_s2_m4_b0__val_T_T_s2_m4_b2,val_T|T|s2|m4,val_T_T_s2_m4_b0,val_T_T_s2_m4_b2,frozen,oracle,True,False,1,teacher,0.007192847463747834,0.010256648098117951,0.0030638006343701174,0.000572176490291527,0.0024916241440785794,1.1275702593849246e-17
val_T_T_s2_m4_b0__val_T_T_s2_m4_b2,val_T|T|s2|m4,val_T_T_s2_m4_b0,val_T_T_s2_m4_b2,frozen,oracle,True,False,1,reset,0.007192847463747834,0.010256648098117951,0.0030638006343701174,0.000572176490291527,0.0024916241440785794,1.1275702593849246e-17
val_T_T_s2_m4_b0__val_T_T_s2_m4_b2,val_T|T|s2|m4,val_T_T_s2_m4_b0,val_T_T_s2_m4_b2,frozen,oracle,True,False,1,persistence,0.007192847463747834,0.0,-0.007192847463747834,-0.00576106485485761,-0.0014317826088902463,2.211772431870429e-17
val_T_T_s2_m4_b0__val_T_T_s2_m4_b2,val_T|T|s2|m4,val_T_T_s2_m4_b0,val_T_T_s2_m4_b2,frozen,oracle,True,False,2,free,0.013474738275406628,0.0028803583442007924,-0.010594379931205836,-0.0033901530591013687,-0.0072042268721044704,3.469446951953614e-18
val_T_T_s2_m4_b0__val_T_T_s2_m4_b2,val_T|T|s2|m4,val_T_T_s2_m4_b0,val_T_T_s2_m4_b2,frozen,oracle,True,False,2,teacher,0.013474738275406628,0.0022631860561513617,-0.011211552219255266,-0.005287803597023643,-0.005923748622231635,1.1275702593849246e-17
val_T_T_s2_m4_b0__val_T_T_s2_m4_b2,val_T|T|s2|m4,val_T_T_s2_m4_b0,val_T_T_s2_m4_b2,frozen,oracle,True,False,2,reset,0.013474738275406628,0.003330398548766024,-0.010144339726640604,-0.003931238532771804,-0.006213101193868809,9.540979117872439e-18
val_T_T_s2_m4_b0__val_T_T_s2_m4_b2,val_T|T|s2|m4,val_T_T_s2_m4_b0,val_T_T_s2_m4_b2,frozen,oracle,True,False,2,persistence,0.013474738275406628,0.007192847463747834,-0.006281890811658794,0.0068744244111723085,-0.013156315222831085,-1.734723475976807e-17
val_T_T_s2_m4_b0__val_T_T_s2_m4_b2,val_T|T|s2|m4,val_T_T_s2_m4_b0,val_T_T_s2_m4_b2,frozen,oracle,True,False,3,free,0.0024619781767009734,-0.002377207798640684,-0.0048391859753416575,-0.0008425692960642403,-0.00399661667927741,-6.938893903907228e-18
val_T_T_s2_m4_b0__val_T_T_s2_m4_b2,val_T|T|s2|m4,val_T_T_s2_m4_b0,val_T_T_s2_m4_b2,frozen,oracle,True,False,3,teacher,0.0024619781767009734,-0.0004981505336276275,-0.002960128710328601,-0.0012580941701897733,-0.0017020345401388213,-6.288372600415926e-18
val_T_T_s2_m4_b0__val_T_T_s2_m4_b2,val_T|T|s2|m4,val_T_T_s2_m4_b0,val_T_T_s2_m4_b2,frozen,oracle,True,False,3,reset,0.0024619781767009734,0.0004319581249832283,-0.002030020051717745,-0.0009479009878481023,-0.001082119063869637,-5.854691731421724e-18
val_T_T_s2_m4_b0__val_T_T_s2_m4_b2,val_T|T|s2|m4,val_T_T_s2_m4_b0,val_T_T_s2_m4_b2,frozen,oracle,True,False,3,persistence,0.0024619781767009734,0.013474738275406628,0.011012760098705655,-0.0009431235989243808,0.011955883697630044,-8.673617379884035e-18
val_T_T_s2_m4_b0__val_T_T_s2_m4_b2,val_T|T|s2|m4,val_T_T_s2_m4_b0,val_T_T_s2_m4_b2,frozen,oracle,True,False,4,free,0.003567346748616928,-0.0017447414785650463,-0.005312088227181974,-0.003830601173060711,-0.0014814870541212687,5.637851296924623e-18
val_T_T_s2_m4_b0__val_T_T_s2_m4_b2,val_T|T|s2|m4,val_T_T_s2_m4_b0,val_T_T_s2_m4_b2,frozen,oracle,True,False,4,teacher,0.003567346748616928,-0.003731738033839943,-0.007299084782456871,-0.004687345538988712,-0.0026117392434681598,8.673617379884035e-19
val_T_T_s2_m4_b0__val_T_T_s2_m4_b2,val_T|T|s2|m4,val_T_T_s2_m4_b0,val_T_T_s2_m4_b2,frozen,oracle,True,False,4,reset,0.003567346748616928,0.0001663470117146057,-0.003400999736902322,-0.003654061304384169,0.0002530615674818463,5.421010862427522e-19
val_T_T_s2_m4_b0__val_T_T_s2_m4_b2,val_T|T|s2|m4,val_T_T_s2_m4_b0,val_T_T_s2_m4_b2,frozen,oracle,True,False,4,persistence,0.003567346748616928,0.0024619781767009734,-0.0011053685719159545,-0.0003486206083624584,-0.0007567479635535058,9.64939933512099e-18
val_T_T_s2_m4_b0__val_T_T_s2_m4_b2,val_T|T|s2|m4,val_T_T_s2_m4_b0,val_T_T_s2_m4_b2,frozen,oracle,True,False,5,free,0.00405751676662594,-0.001318104117672067,-0.0053756208842980074,-0.002720805690378141,-0.0026548151939198676,1.3010426069826053e-18
val_T_T_s2_m4_b0__val_T_T_s2_m4_b2,val_T|T|s2|m4,val_T_T_s2_m4_b0,val_T_T_s2_m4_b2,frozen,oracle,True,False,5,teacher,0.00405751676662594,-0.001316298249417855,-0.005373815016043795,-0.003872385251970167,-0.0015014297640736256,-2.8189256484623115e-18
val_T_T_s2_m4_b0__val_T_T_s2_m4_b2,val_T|T|s2|m4,val_T_T_s2_m4_b0,val_T_T_s2_m4_b2,frozen,oracle,True,False,5,reset,0.00405751676662594,0.0015274013112106105,-0.00253011545541533,-0.0030482398640970894,0.0005181244086817584,1.0842021724855044e-18
val_T_T_s2_m4_b0__val_T_T_s2_m4_b2,val_T|T|s2|m4,val_T_T_s2_m4_b0,val_T_T_s2_m4_b2,frozen,oracle,True,False,5,persistence,0.00405751676662594,0.003567346748616928,-0.0004901700180090125,-0.00020996025490060507,-0.0002802097631084026,-4.824699667560495e-18
val_T_T_s2_m4_b1__val_T_T_s2_m4_b2,val_T|T|s2|m4,val_T_T_s2_m4_b1,val_T_T_s2_m4_b2,adapted,oracle,False,False,1,free,0.003516167137644133,0.01025138850367352,0.006735221366029387,0.0009387317757806377,0.005796489590248726,2.3418766925686896e-17
val_T_T_s2_m4_b1__val_T_T_s2_m4_b2,val_T|T|s2|m4,val_T_T_s2_m4_b1,val_T_T_s2_m4_b2,adapted,oracle,False,False,1,teacher,0.003516167137644133,0.01025138850367352,0.006735221366029387,0.0009387317757806377,0.005796489590248726,2.3418766925686896e-17
val_T_T_s2_m4_b1__val_T_T_s2_m4_b2,val_T|T|s2|m4,val_T_T_s2_m4_b1,val_T_T_s2_m4_b2,adapted,oracle,False,False,1,reset,0.003516167137644133,0.01025138850367352,0.006735221366029387,0.0009387317757806377,0.005796489590248726,2.3418766925686896e-17
val_T_T_s2_m4_b1__val_T_T_s2_m4_b2,val_T|T|s2|m4,val_T_T_s2_m4_b1,val_T_T_s2_m4_b2,adapted,oracle,False,False,1,persistence,0.003516167137644133,0.0,-0.003516167137644133,-0.007971476539155541,0.004455309401511392,1.6479873021779667e-17
val_T_T_s2_m4_b1__val_T_T_s2_m4_b2,val_T|T|s2|m4,val_T_T_s2_m4_b1,val_T_T_s2_m4_b2,adapted,oracle,False,False,2,free,0.015704452991792843,0.002988343356277519,-0.012716109635515324,-0.004107381901353433,-0.008608727734161895,3.469446951953614e-18
val_T_T_s2_m4_b1__val_T_T_s2_m4_b2,val_T|T|s2|m4,val_T_T_s2_m4_b1,val_T_T_s2_m4_b2,adapted,oracle,False,False,2,teacher,0.015704452991792843,0.002341720260290052,-0.013362732731502791,-0.006151340257090396,-0.007211392474412398,2.6020852139652106e-18
val_T_T_s2_m4_b1__val_T_T_s2_m4_b2,val_T|T|s2|m4,val_T_T_s2_m4_b1,val_T_T_s2_m4_b2,adapted,oracle,False,False,2,reset,0.015704452991792843,0.003026587723144146,-0.012677865268648697,-0.004710130773961806,-0.007967734494686896,5.204170427930421e-18
val_T_T_s2_m4_b1__val_T_T_s2_m4_b2,val_T|T|s2|m4,val_T_T_s2_m4_b1,val_T_T_s2_m4_b2,adapted,oracle,False,False,2,persistence,0.015704452991792843,0.003516167137644133,-0.01218828585414871,0.006681889544793279,-0.018870175398941973,-1.734723475976807e-17
val_T_T_s2_m4_b1__val_T_T_s2_m4_b2,val_T|T|s2|m4,val_T_T_s2_m4_b1,val_T_T_s2_m4_b2,adapted,oracle,False,False,3,free,0.0018343720253996172,-0.0024662962732650597,-0.004300668298664677,-0.0006963731748841774,-0.0036042951237804923,-6.938893903907228e-18
val_T_T_s2_m4_b1__val_T_T_s2_m4_b2,val_T|T|s2|m4,val_T_T_s2_m4_b1,val_T_T_s2_m4_b2,adapted,oracle,False,False,3,teacher,0.0018343720253996172,-0.0005166710520842083,-0.0023510430774838255,-0.0008619674859396869,-0.0014890755915441373,-1.3010426069826053e-18
val_T_T_s2_m4_b1__val_T_T_s2_m4_b2,val_T|T|s2|m4,val_T_T_s2_m4_b1,val_T_T_s2_m4_b2,adapted,oracle,False,False,3,reset,0.0018343720253996172,0.0006388314676258229,-0.0011955405577737943,-0.0007911374654796645,-0.00040440309229412575,-4.065758146820642e-18
val_T_T_s2_m4_b1__val_T_T_s2_m4_b2,val_T|T|s2|m4,val_T_T_s2_m4_b1,val_T_T_s2_m4_b2,adapted,oracle,False,False,3,persistence,0.0018343720253996172,0.015704452991792843,0.013870080966393226,-0.0008582659618859348,0.014728346928279167,-6.938893903907228e-18
val_T_T_s2_m4_b1__val_T_T_s2_m4_b2,val_T|T|s2|m4,val_T_T_s2_m4_b1,val_T_T_s2_m4_b2,adapted,oracle,False,False,4,free,0.004332673978195964,-0.0018438115550991861,-0.00617648553329515,-0.004423181556031553,-0.0017533039772636106,1.3877787807814457e-17
val_T_T_s2_m4_b1__val_T_T_s2_m4_b2,val_T|T|s2|m4,val_T_T_s2_m4_b1,val_T_T_s2_m4_b2,adapted,oracle,False,False,4,teacher,0.004332673978195964,-0.003435914934623918,-0.007768588912819882,-0.005235315928180145,-0.002533272984639746,8.673617379884035e-18
val_T_T_s2_m4_b1__val_T_T_s2_m4_b2,val_T|T|s2|m4,val_T_T_s2_m4_b1,val_T_T_s2_m4_b2,adapted,oracle,False,False,4,reset,0.004332673978195964,0.00039052756449221154,-0.003942146413703752,-0.003941020806693547,-1.1256070102178743e-06,1.2495430037895439e-17
val_T_T_s2_m4_b1__val_T_T_s2_m4_b2,val_T|T|s2|m4,val_T_T_s2_m4_b1,val_T_T_s2_m4_b2,adapted,oracle,False,False,4,persistence,0.004332673978195964,0.0018343720253996172,-0.0024983019527963467,-0.0006134993211745184,-0.0018848026316218426,1.431146867680866e-17
val_T_T_s2_m4_b1__val_T_T_s2_m4_b2,val_T|T|s2|m4,val_T_T_s2_m4_b1,val_T_T_s2_m4_b2,adapted,oracle,False,False,5,free,0.004697804891522314,-0.0014031838895384695,-0.006100988781060784,-0.003299522790626414,-0.002801465990434372,2.6020852139652106e-18
val_T_T_s2_m4_b1__val_T_T_s2_m4_b2,val_T|T|s2|m4,val_T_T_s2_m4_b1,val_T_T_s2_m4_b2,adapted,oracle,False,False,5,teacher,0.004697804891522314,-0.0010418394224119467,-0.005739644313934261,-0.004667121970781661,-0.001072522343152598,-1.5178830414797062e-18
val_T_T_s2_m4_b1__val_T_T_s2_m4_b2,val_T|T|s2|m4,val_T_T_s2_m4_b1,val_T_T_s2_m4_b2,adapted,oracle,False,False,5,reset,0.004697804891522314,0.0018394882896982032,-0.002858316601824111,-0.003550064488771508,0.0006917478869473921,4.87890977618477e-18
val_T_T_s2_m4_b1__val_T_T_s2_m4_b2,val_T|T|s2|m4,val_T_T_s2_m4_b1,val_T_T_s2_m4_b2,adapted,oracle,False,False,5,persistence,0.004697804891522314,0.004332673978195964,-0.0003651309133263503,-0.0003369803108770221,-2.8150602449316948e-05,-1.1221492485224971e-17
