pair_id,anchor_id,mode,depth,frozen_nonfrozen,frozen_adapted,real_norm,predicted_norm,pointwise_ratio,ratio_defined
val_L_L_s0_m4_b0__val_L_L_s0_m4_b1,val_L|L|s0|m4,reset,1,True,True,0.02846875599577608,0.0029461812826370383,0.10348823401606183,True
val_L_L_s0_m4_b0__val_L_L_s0_m4_b1,val_L|L|s0|m4,persistence,1,True,True,0.02846875599577608,0.0,0.0,True
val_L_L_s0_m4_b0__val_L_L_s0_m4_b1,val_L|L|s0|m4,reset,2,True,True,0.010988026275108857,0.006396425490186473,0.5821268833945434,True
val_L_L_s0_m4_b0__val_L_L_s0_m4_b1,val_L|L|s0|m4,persistence,2,True,True,0.010988026275108857,0.02846875599577608,2.590888962494226,True
val_L_L_s0_m4_b0__val_L_L_s0_m4_b1,val_L|L|s0|m4,reset,3,True,True,0.016485474323005116,0.0037395367022913834,0.22683828375340964,True
val_L_L_s0_m4_b0__val_L_L_s0_m4_b1,val_L|L|s0|m4,persistence,3,True,True,0.016485474323005116,0.010988026275108857,0.6665277601248821,True
val_L_L_s0_m4_b0__val_L_L_s0_m4_b1,val_L|L|s0|m4,reset,4,True,True,0.01682028410533508,0.008395904286540896,0.4991535359309343,True
val_L_L_s0_m4_b0__val_L_L_s0_m4_b1,val_L|L|s0|m4,persistence,4,True,True,0.01682028410533508,0.016485474323005116,0.9800948794780602,True
val_L_L_s0_m4_b0__val_L_L_s0_m4_b1,val_L|L|s0|m4,reset,5,True,True,0.016257649051820415,0.007367021089840072,0.4531418451928734,True
val_L_L_s0_m4_b0__val_L_L_s0_m4_b1,val_L|L|s0|m4,persistence,5,True,True,0.016257649051820415,0.01682028410533508,1.0346074055185528,True
val_L_L_s0_m4_b0__val_L_L_s0_m4_b2,val_L|L|s0|m4,reset,1,True,False,0.023443646123507193,0.015023315222272066,0.6408267358722852,True
val_L_L_s0_m4_b0__val_L_L_s0_m4_b2,val_L|L|s0|m4,persistence,1,True,False,0.023443646123507193,0.0,0.0,True
val_L_L_s0_m4_b0__val_L_L_s0_m4_b2,val_L|L|s0|m4,reset,2,True,False,0.02042868245694423,0.004069183585059078,0.19918972227579262,True
val_L_L_s0_m4_b0__val_L_L_s0_m4_b2,val_L|L|s0|m4,persistence,2,True,False,0.02042868245694423,0.023443646123507193,1.1475848319105915,True
val_L_L_s0_m4_b0__val_L_L_s0_m4_b2,val_L|L|s0|m4,reset,3,True,False,0.017022091690630146,0.011275901452082092,0.6624274887609106,True
val_L_L_s0_m4_b0__val_L_L_s0_m4_b2,val_L|L|s0|m4,persistence,3,True,False,0.017022091690630146,0.02042868245694423,1.200127624044538,True
val_L_L_s0_m4_b0__val_L_L_s0_m4_b2,val_L|L|s0|m4,reset,4,True,False,0.014265512538973204,0.00860419191692831,0.6031463568814485,True
val_L_L_s0_m4_b0__val_L_L_s0_m4_b2,val_L|L|s0|m4,persistence,4,True,False,0.014265512538973204,0.017022091690630146,1.1932337968317648,True
val_L_L_s0_m4_b0__val_L_L_s0_m4_b2,val_L|L|s0|m4,reset,5,True,False,0.013771283680449676,0.005297448996205351,0.3846735801199015,True
val_L_L_s0_m4_b0__val_L_L_s0_m4_b2,val_L|L|s0|m4,persistence,5,True,False,0.013771283680449676,0.014265512538973204,1.0358883652382498,True
val_L_L_s0_m4_b1__val_L_L_s0_m4_b2,val_L|L|s0|m4,reset,1,False,False,0.016295044093763464,0.01229276781878197,0.7543869011981829,True
val_L_L_s0_m4_b1__val_L_L_s0_m4_b2,val_L|L|s0|m4,persistence,1,False,False,0.016295044093763464,0.0,0.0,True
val_L_L_s0_m4_b1__val_L_L_s0_m4_b2,val_L|L|s0|m4,reset,2,False,False,0.026708907686221882,0.004264656802771088,0.15967170401996872,True
val_L_L_s0_m4_b1__val_L_L_s0_m4_b2,val_L|L|s0|m4,persistence,2,False,False,0.026708907686221882,0.016295044093763464,0.6100977353772301,True
val_L_L_s0_m4_b1__val_L_L_s0_m4_b2,val_L|L|s0|m4,reset,3,False,False,0.0210802484696977,0.013847471357600602,0.6568931755005628,True
val_L_L_s0_m4_b1__val_L_L_s0_m4_b2,val_L|L|s0|m4,persistence,3,False,False,0.0210802484696977,0.026708907686221882,1.2670110470763771,True
val_L_L_s0_m4_b1__val_L_L_s0_m4_b2,val_L|L|s0|m4,reset,4,False,False,0.02057821350525837,0.009354780652130835,0.4545963452920925,True
val_L_L_s0_m4_b1__val_L_L_s0_m4_b2,val_L|L|s0|m4,persistence,4,False,False,0.02057821350525837,0.0210802484696977,1.0243964309297813,True
val_L_L_s0_m4_b1__val_L_L_s0_m4_b2,val_L|L|s0|m4,reset,5,False,False,0.021720696998668347,0.01007620438670457,0.4638987592029078,True
val_L_L_s0_m4_b1__val_L_L_s0_m4_b2,val_L|L|s0|m4,persistence,5,False,False,0.021720696998668347,0.02057821350525837,0.9474011587436619,True
val_L_L_s1_m4_b0__val_L_L_s1_m4_b1,val_L|L|s1|m4,reset,1,True,True,4.719694350923779e-07,1.1460999896831285e-06,2.4283351939067916,True
val_L_L_s1_m4_b0__val_L_L_s1_m4_b1,val_L|L|s1|m4,persistence,1,True,True,4.719694350923779e-07,0.0,0.0,True
val_L_L_s1_m4_b0__val_L_L_s1_m4_b1,val_L|L|s1|m4,reset,2,True,True,3.967180560673865e-07,2.2024115352716045e-07,0.5551578763779542,True
val_L_L_s1_m4_b0__val_L_L_s1_m4_b1,val_L|L|s1|m4,persistence,2,True,True,3.967180560673865e-07,4.719694350923779e-07,1.1896847846325633,True
val_L_L_s1_m4_b0__val_L_L_s1_m4_b1,val_L|L|s1|m4,reset,3,True,True,2.2877650427814395e-07,1.3085371332787706e-07,0.571971819137452,True
val_L_L_s1_m4_b0__val_L_L_s1_m4_b1,val_L|L|s1|m4,persistence,3,True,True,2.2877650427814395e-07,3.967180560673865e-07,1.734085662857498,True
val_L_L_s1_m4_b0__val_L_L_s1_m4_b1,val_L|L|s1|m4,reset,4,True,True,1.5840151627690715e-07,1.830530829585029e-07,1.1556270878019974,True
val_L_L_s1_m4_b0__val_L_L_s1_m4_b1,val_L|L|s1|m4,persistence,4,True,True,1.5840151627690715e-07,2.2877650427814395e-07,1.4442822875395451,True
val_L_L_s1_m4_b0__val_L_L_s1_m4_b1,val_L|L|s1|m4,reset,5,True,True,2.2284585679245585e-07,2.2581249019009967e-07,1.0133124907070037,True
val_L_L_s1_m4_b0__val_L_L_s1_m4_b1,val_L|L|s1|m4,persistence,5,True,True,2.2284585679245585e-07,1.5840151627690715e-07,0.7108120319438204,True
val_L_L_s1_m4_b0__val_L_L_s1_m4_b2,val_L|L|s1|m4,reset,1,True,False,0.05632079731759873,0.06955760618395707,1.2350252392862022,True
val_L_L_s1_m4_b0__val_L_L_s1_m4_b2,val_L|L|s1|m4,persistence,1,True,False,0.05632079731759873,0.0,0.0,True
val_L_L_s1_m4_b0__val_L_L_s1_m4_b2,val_L|L|s1|m4,reset,2,True,False,0.03864061663721529,0.03151267823679029,0.8155324883309448,True
val_L_L_s1_m4_b0__val_L_L_s1_m4_b2,val_L|L|s1|m4,persistence,2,True,False,0.03864061663721529,0.05632079731759873,1.4575543099215302,True
val_L_L_s1_m4_b0__val_L_L_s1_m4_b2,val_L|L|s1|m4,reset,3,True,False,0.13099993827967457,0.011700941530291435,0.0893202064363637,True
val_L_L_s1_m4_b0__val_L_L_s1_m4_b2,val_L|L|s1|m4,persistence,3,True,False,0.13099993827967457,0.03864061663721529,0.2949666781882035,True
val_L_L_s1_m4_b0__val_L_L_s1_m4_b2,val_L|L|s1|m4,reset,4,True,False,0.15037404970405072,0.08537503863011875,0.567751143220152,True
val_L_L_s1_m4_b0__val_L_L_s1_m4_b2,val_L|L|s1|m4,persistence,4,True,False,0.15037404970405072,0.13099993827967457,0.8711605395844157,True
val_L_L_s1_m4_b0__val_L_L_s1_m4_b2,val_L|L|s1|m4,reset,5,True,False,0.1268649462822979,0.09170321778267083,0.7228412612780701,True
val_L_L_s1_m4_b0__val_L_L_s1_m4_b2,val_L|L|s1|m4,persistence,5,True,False,0.1268649462822979,0.15037404970405072,1.18530811000732,True
val_L_L_s1_m4_b1__val_L_L_s1_m4_b2,val_L|L|s1|m4,reset,1,False,False,0.056320567609422396,0.06955648083110308,1.2350102952347788,True
val_L_L_s1_m4_b1__val_L_L_s1_m4_b2,val_L|L|s1|m4,persistence,1,False,False,0.056320567609422396,0.0,0.0,True
val_L_L_s1_m4_b1__val_L_L_s1_m4_b2,val_L|L|s1|m4,reset,2,False,False,0.03864055718711309,0.03151259678551109,0.8155316351395878,True
val_L_L_s1_m4_b1__val_L_L_s1_m4_b2,val_L|L|s1|m4,persistence,2,False,False,0.03864055718711309,0.056320567609422396,1.4575506076865197,True
val_L_L_s1_m4_b1__val_L_L_s1_m4_b2,val_L|L|s1|m4,reset,3,False,False,0.13099992694052,0.01170091388651015,0.08932000314643612,True
val_L_L_s1_m4_b1__val_L_L_s1_m4_b2,val_L|L|s1|m4,persistence,3,False,False,0.13099992694052,0.03864055718711309,0.2949662499022437,True
val_L_L_s1_m4_b1__val_L_L_s1_m4_b2,val_L|L|s1|m4,reset,4,False,False,0.15037407111027945,0.08537504821030123,0.5677511261079707,True
val_L_L_s1_m4_b1__val_L_L_s1_m4_b2,val_L|L|s1|m4,persistence,4,False,False,0.15037407111027945,0.13099992694052,0.8711603401656189,True
val_L_L_s1_m4_b1__val_L_L_s1_m4_b2,val_L|L|s1|m4,reset,5,False,False,0.12686495889163873,0.09170316354783234,0.7228407619330116,True
val_L_L_s1_m4_b1__val_L_L_s1_m4_b2,val_L|L|s1|m4,persistence,5,False,False,0.12686495889163873,0.15037407111027945,1.1853081609297722,True
val_L_L_s2_m4_b0__val_L_L_s2_m4_b1,val_L|L|s2|m4,reset,1,True,True,1.6753040935229428e-07,2.4691693200095834e-07,1.4738633598257658,True
val_L_L_s2_m4_b0__val_L_L_s2_m4_b1,val_L|L|s2|m4,persistence,1,True,True,1.6753040935229428e-07,0.0,0.0,True
val_L_L_s2_m4_b0__val_L_L_s2_m4_b1,val_L|L|s2|m4,reset,2,True,True,1.926807150049397e-07,1.420538823219343e-07,0.737250130706088,True
val_L_L_s2_m4_b0__val_L_L_s2_m4_b1,val_L|L|s2|m4,persistence,2,True,True,1.926807150049397e-07,1.6753040935229428e-07,0.8694715988987239,True
val_L_L_s2_m4_b0__val_L_L_s2_m4_b1,val_L|L|s2|m4,reset,3,True,True,9.973764733275951e-08,1.5221937402005112e-07,1.5261977607331594,True
val_L_L_s2_m4_b0__val_L_L_s2_m4_b1,val_L|L|s2|m4,persistence,3,True,True,9.973764733275951e-08,1.926807150049397e-07,1.931875476890785,True
val_L_L_s2_m4_b0__val_L_L_s2_m4_b1,val_L|L|s2|m4,reset,4,True,True,2.3428492553571795e-07,2.372239977734331e-07,1.0125448627605667,True
val_L_L_s2_m4_b0__val_L_L_s2_m4_b1,val_L|L|s2|m4,persistence,4,True,True,2.3428492553571795e-07,9.973764733275951e-08,0.4257109035278242,True
val_L_L_s2_m4_b0__val_L_L_s2_m4_b1,val_L|L|s2|m4,reset,5,True,True,2.2774902786192268e-07,1.8226262535381494e-07,0.8002783900544912,True
val_L_L_s2_m4_b0__val_L_L_s2_m4_b1,val_L|L|s2|m4,persistence,5,True,True,2.2774902786192268e-07,2.3428492553571795e-07,1.0286978071219597,True
val_L_L_s2_m4_b0__val_L_L_s2_m4_b2,val_L|L|s2|m4,reset,1,True,False,0.044836986895741664,0.03245008389875924,0.7237347142486317,True
val_L_L_s2_m4_b0__val_L_L_s2_m4_b2,val_L|L|s2|m4,persistence,1,True,False,0.044836986895741664,0.0,0.0,True
val_L_L_s2_m4_b0__val_L_L_s2_m4_b2,val_L|L|s2|m4,reset,2,True,False,0.016363143131520354,0.013555848635239912,0.8284379428990788,True
val_L_L_s2_m4_b0__val_L_L_s2_m4_b2,val_L|L|s2|m4,persistence,2,True,False,0.016363143131520354,0.044836986895741664,2.740120680688302,True
val_L_L_s2_m4_b0__val_L_L_s2_m4_b2,val_L|L|s2|m4,reset,3,True,False,0.01898562753705664,0.008649278311600086,0.4555697879734657,True
val_L_L_s2_m4_b0__val_L_L_s2_m4_b2,val_L|L|s2|m4,persistence,3,True,False,0.01898562753705664,0.016363143131520354,0.8618700171791713,True
val_L_L_s2_m4_b0__val_L_L_s2_m4_b2,val_L|L|s2|m4,reset,4,True,False,0.032392511156050845,0.012014732018404604,0.3709107935634771,True
val_L_L_s2_m4_b0__val_L_L_s2_m4_b2,val_L|L|s2|m4,persistence,4,True,False,0.032392511156050845,0.01898562753705664,0.58611163072827,True
val_L_L_s2_m4_b0__val_L_L_s2_m4_b2,val_L|L|s2|m4,reset,5,True,False,0.06463400940980339,0.05577028560329366,0.8628628505728236,True
val_L_L_s2_m4_b0__val_L_L_s2_m4_b2,val_L|L|s2|m4,persistence,5,True,False,0.06463400940980339,0.032392511156050845,0.5011682154927201,True
val_L_L_s2_m4_b1__val_L_L_s2_m4_b2,val_L|L|s2|m4,reset,1,False,False,0.04483696646508191,0.03244999420103597,0.7237330434989919,True
val_L_L_s2_m4_b1__val_L_L_s2_m4_b2,val_L|L|s2|m4,persistence,1,False,False,0.04483696646508191,0.0,0.0,True
val_L_L_s2_m4_b1__val_L_L_s2_m4_b2,val_L|L|s2|m4,reset,2,False,False,0.016363157208853552,0.013555821616126697,0.8284355789720153,True
val_L_L_s2_m4_b1__val_L_L_s2_m4_b2,val_L|L|s2|m4,persistence,2,False,False,0.016363157208853552,0.04483696646508191,2.74011707476734,True
val_L_L_s2_m4_b1__val_L_L_s2_m4_b2,val_L|L|s2|m4,reset,3,False,False,0.018985638951768576,0.008649324030900423,0.4555719221709264,True
val_L_L_s2_m4_b1__val_L_L_s2_m4_b2,val_L|L|s2|m4,persistence,3,False,False,0.018985638951768576,0.016363157208853552,0.8618702404708517,True
val_L_L_s2_m4_b1__val_L_L_s2_m4_b2,val_L|L|s2|m4,reset,4,False,False,0.03239245300059639,0.012014765392293875,0.3709124897726228,True
val_L_L_s2_m4_b1__val_L_L_s2_m4_b2,val_L|L|s2|m4,persistence,4,False,False,0.03239245300059639,0.018985638951768576,0.5861130353857124,True
val_L_L_s2_m4_b1__val_L_L_s2_m4_b2,val_L|L|s2|m4,reset,5,False,False,0.06463411668442529,0.05577030726441776,0.8628617535954751,True
val_L_L_s2_m4_b1__val_L_L_s2_m4_b2,val_L|L|s2|m4,persistence,5,False,False,0.06463411668442529,0.03239245300059639,0.5011664839290968,True
val_T_T_s0_m4_b0__val_T_T_s0_m4_b1,val_T|T|s0|m4,reset,1,True,True,0.019918053623494678,0.017620189415971904,0.8846340987448549,True
val_T_T_s0_m4_b0__val_T_T_s0_m4_b1,val_T|T|s0|m4,persistence,1,True,True,0.019918053623494678,0.0,0.0,True
val_T_T_s0_m4_b0__val_T_T_s0_m4_b1,val_T|T|s0|m4,reset,2,True,True,0.01175831647746457,0.0045074294110587845,0.38333969150239405,True
val_T_T_s0_m4_b0__val_T_T_s0_m4_b1,val_T|T|s0|m4,persistence,2,True,True,0.01175831647746457,0.019918053623494678,1.693954543719645,True
val_T_T_s0_m4_b0__val_T_T_s0_m4_b1,val_T|T|s0|m4,reset,3,True,True,0.007393654890234757,0.006129638581394764,0.829040396447303,True
val_T_T_s0_m4_b0__val_T_T_s0_m4_b1,val_T|T|s0|m4,persistence,3,True,True,0.007393654890234757,0.01175831647746457,1.590325306229059,True
val_T_T_s0_m4_b0__val_T_T_s0_m4_b1,val_T|T|s0|m4,reset,4,True,True,0.0177514355153639,0.004824471914506788,0.2717792547161157,True
val_T_T_s0_m4_b0__val_T_T_s0_m4_b1,val_T|T|s0|m4,persistence,4,True,True,0.0177514355153639,0.007393654890234757,0.4165102525841099,True
val_T_T_s0_m4_b0__val_T_T_s0_m4_b1,val_T|T|s0|m4,reset,5,True,True,0.011406370028395606,0.01297163897113255,1.137227613942059,True
val_T_T_s0_m4_b0__val_T_T_s0_m4_b1,val_T|T|s0|m4,persistence,5,True,True,0.011406370028395606,0.0177514355153639,1.5562738602353388,True
val_T_T_s0_m4_b0__val_T_T_s0_m4_b2,val_T|T|s0|m4,reset,1,True,False,0.05068184055257414,0.04653728806505533,0.9182241125750058,True
val_T_T_s0_m4_b0__val_T_T_s0_m4_b2,val_T|T|s0|m4,persistence,1,True,False,0.05068184055257414,0.0,0.0,True
val_T_T_s0_m4_b0__val_T_T_s0_m4_b2,val_T|T|s0|m4,reset,2,True,False,0.013332078284519391,0.011906012237250003,0.8930349779804945,True
val_T_T_s0_m4_b0__val_T_T_s0_m4_b2,val_T|T|s0|m4,persistence,2,True,False,0.013332078284519391,0.05068184055257414,3.8014958711593834,True
val_T_T_s0_m4_b0__val_T_T_s0_m4_b2,val_T|T|s0|m4,reset,3,True,False,0.004763359194562865,0.005780496482545257,1.2135336107223245,True
val_T_T_s0_m4_b0__val_T_T_s0_m4_b2,val_T|T|s0|m4,persistence,3,True,False,0.004763359194562865,0.013332078284519391,2.798881574947631,True
val_T_T_s0_m4_b0__val_T_T_s0_m4_b2,val_T|T|s0|m4,reset,4,True,False,0.014757995462909086,0.0007768791046426494,0.052641234820485,True
val_T_T_s0_m4_b0__val_T_T_s0_m4_b2,val_T|T|s0|m4,persistence,4,True,False,0.014757995462909086,0.004763359194562865,0.32276464690170836,True
val_T_T_s0_m4_b0__val_T_T_s0_m4_b2,val_T|T|s0|m4,reset,5,True,False,0.011837617658260337,0.006508332566934552,0.5498008767324066,True
val_T_T_s0_m4_b0__val_T_T_s0_m4_b2,val_T|T|s0|m4,persistence,5,True,False,0.011837617658260337,0.014757995462909086,1.2467031702625484,True
val_T_T_s0_m4_b1__val_T_T_s0_m4_b2,val_T|T|s0|m4,reset,1,False,False,0.032007596189085816,0.029184260553174215,0.9117917003441101,True
val_T_T_s0_m4_b1__val_T_T_s0_m4_b2,val_T|T|s0|m4,persistence,1,False,False,0.032007596189085816,0.0,0.0,True
val_T_T_s0_m4_b1__val_T_T_s0_m4_b2,val_T|T|s0|m4,reset,2,False,False,0.004011679389097059,0.007901560212353722,1.969639007999637,True
val_T_T_s0_m4_b1__val_T_T_s0_m4_b2,val_T|T|s0|m4,persistence,2,False,False,0.004011679389097059,0.032007596189085816,7.978602745791712,True
val_T_T_s0_m4_b1__val_T_T_s0_m4_b2,val_T|T|s0|m4,reset,3,False,False,0.006495675699361957,0.0007793132162594869,0.11997415701280094,True
val_T_T_s0_m4_b1__val_T_T_s0_m4_b2,val_T|T|s0|m4,persistence,3,False,False,0.006495675699361957,0.004011679389097059,0.6175923144517682,True
val_T_T_s0_m4_b1__val_T_T_s0_m4_b2,val_T|T|s0|m4,reset,4,False,False,0.012071198662152742,0.004280075794545119,0.3545692448890426,True
val_T_T_s0_m4_b1__val_T_T_s0_m4_b2,val_T|T|s0|m4,persistence,4,False,False,0.012071198662152742,0.006495675699361957,0.5381135611435242,True
val_T_T_s0_m4_b1__val_T_T_s0_m4_b2,val_T|T|s0|m4,reset,5,False,False,0.013022007040618282,0.011021998198528374,0.8464131653552732,True
val_T_T_s0_m4_b1__val_T_T_s0_m4_b2,val_T|T|s0|m4,persistence,5,False,False,0.013022007040618282,0.012071198662152742,0.926984498203712,True
val_T_T_s1_m4_b0__val_T_T_s1_m4_b1,val_T|T|s1|m4,reset,1,True,True,0.000587475054793402,0.0006602550891682816,1.1238861697718796,True
val_T_T_s1_m4_b0__val_T_T_s1_m4_b1,val_T|T|s1|m4,persistence,1,True,True,0.000587475054793402,0.0,0.0,True
val_T_T_s1_m4_b0__val_T_T_s1_m4_b1,val_T|T|s1|m4,reset,2,True,True,0.00011382117308751315,6.640095260215615e-05,0.5833796191074464,True
val_T_T_s1_m4_b0__val_T_T_s1_m4_b1,val_T|T|s1|m4,persistence,2,True,True,0.00011382117308751315,0.000587475054793402,5.161386399889876,True
val_T_T_s1_m4_b0__val_T_T_s1_m4_b1,val_T|T|s1|m4,reset,3,True,True,7.982155799330833e-05,2.9394573233340536e-05,0.36825356422891126,True
val_T_T_s1_m4_b0__val_T_T_s1_m4_b1,val_T|T|s1|m4,persistence,3,True,True,7.982155799330833e-05,0.00011382117308751315,1.4259452702871962,True
val_T_T_s1_m4_b0__val_T_T_s1_m4_b1,val_T|T|s1|m4,reset,4,True,True,6.10428901029848e-05,2.3253196265209484e-05,0.38093209915158455,True
val_T_T_s1_m4_b0__val_T_T_s1_m4_b1,val_T|T|s1|m4,persistence,4,True,True,6.10428901029848e-05,7.982155799330833e-05,1.3076307143820065,True
val_T_T_s1_m4_b0__val_T_T_s1_m4_b1,val_T|T|s1|m4,reset,5,True,True,4.708660175823901e-05,1.778976326807747e-05,0.3778094533008998,True
val_T_T_s1_m4_b0__val_T_T_s1_m4_b1,val_T|T|s1|m4,persistence,5,True,True,4.708660175823901e-05,6.10428901029848e-05,1.2963961684133167,True
val_T_T_s2_m4_b0__val_T_T_s2_m4_b1,val_T|T|s2|m4,reset,1,True,True,0.016136319501707512,0.002397952127302627,0.14860589039829564,True
val_T_T_s2_m4_b0__val_T_T_s2_m4_b1,val_T|T|s2|m4,persistence,1,True,True,0.016136319501707512,0.0,0.0,True
val_T_T_s2_m4_b0__val_T_T_s2_m4_b1,val_T|T|s2|m4,reset,2,True,True,0.012296022761114172,0.00458049560498058,0.37251847153912804,True
val_T_T_s2_m4_b0__val_T_T_s2_m4_b1,val_T|T|s2|m4,persistence,2,True,True,0.012296022761114172,0.016136319501707512,1.3123202368117088,True
val_T_T_s2_m4_b0__val_T_T_s2_m4_b1,val_T|T|s2|m4,reset,3,True,True,0.011097817501073947,0.005157634646372134,0.46474314844995646,True
val_T_T_s2_m4_b0__val_T_T_s2_m4_b1,val_T|T|s2|m4,persistence,3,True,True,0.011097817501073947,0.012296022761114172,1.1079676485871455,True
val_T_T_s2_m4_b0__val_T_T_s2_m4_b1,val_T|T|s2|m4,reset,4,True,True,0.01438060498898035,0.009825947038332637,0.6832777234241618,True
val_T_T_s2_m4_b0__val_T_T_s2_m4_b1,val_T|T|s2|m4,persistence,4,True,True,0.01438060498898035,0.011097817501073947,0.771721183467458,True
val_T_T_s2_m4_b0__val_T_T_s2_m4_b1,val_T|T|s2|m4,reset,5,True,True,0.016462900284903024,0.01491113269214665,0.9057415421400935,True
val_T_T_s2_m4_b0__val_T_T_s2_m4_b1,val_T|T|s2|m4,persistence,5,True,True,0.016462900284903024,0.01438060498898035,0.8735158896739355,True
val_T_T_s2_m4_b0__val_T_T_s2_m4_b2,val_T|T|s2|m4,reset,1,True,False,0.07202294466895204,0.055413998139384635,0.7693936757805564,True
val_T_T_s2_m4_b0__val_T_T_s2_m4_b2,val_T|T|s2|m4,persistence,1,True,False,0.07202294466895204,0.0,0.0,True
val_T_T_s2_m4_b0__val_T_T_s2_m4_b2,val_T|T|s2|m4,reset,2,True,False,0.08297988694505165,0.0598949139563856,0.721800380326468,True
val_T_T_s2_m4_b0__val_T_T_s2_m4_b2,val_T|T|s2|m4,persistence,2,True,False,0.08297988694505165,0.07202294466895204,0.8679566497438689,True
val_T_T_s2_m4_b0__val_T_T_s2_m4_b2,val_T|T|s2|m4,reset,3,True,False,0.07822056058724736,0.03971266506841271,0.5077011053138276,True
val_T_T_s2_m4_b0__val_T_T_s2_m4_b2,val_T|T|s2|m4,persistence,3,True,False,0.07822056058724736,0.08297988694505165,1.0608449533226718,True
val_T_T_s2_m4_b0__val_T_T_s2_m4_b2,val_T|T|s2|m4,reset,4,True,False,0.08411206022735072,0.07887833483733403,0.9377767542981328,True
val_T_T_s2_m4_b0__val_T_T_s2_m4_b2,val_T|T|s2|m4,persistence,4,True,False,0.08411206022735072,0.07822056058724736,0.9299565410218352,True
val_T_T_s2_m4_b0__val_T_T_s2_m4_b2,val_T|T|s2|m4,reset,5,True,False,0.07210378510323454,0.06620614512319319,0.9182062360305023,True
val_T_T_s2_m4_b0__val_T_T_s2_m4_b2,val_T|T|s2|m4,persistence,5,True,False,0.07210378510323454,0.08411206022735072,1.1665415360223232,True
val_T_T_s2_m4_b1__val_T_T_s2_m4_b2,val_T|T|s2|m4,reset,1,False,False,0.07209269775317702,0.057380825649946024,0.7959311752543944,True
val_T_T_s2_m4_b1__val_T_T_s2_m4_b2,val_T|T|s2|m4,persistence,1,False,False,0.07209269775317702,0.0,0.0,True
val_T_T_s2_m4_b1__val_T_T_s2_m4_b2,val_T|T|s2|m4,reset,2,False,False,0.0909902245023053,0.05764415192924223,0.6335202736837051,True
val_T_T_s2_m4_b1__val_T_T_s2_m4_b2,val_T|T|s2|m4,persistence,2,False,False,0.0909902245023053,0.07209269775317702,0.792312560470169,True
val_T_T_s2_m4_b1__val_T_T_s2_m4_b2,val_T|T|s2|m4,reset,3,False,False,0.08465499136546187,0.0393162943291402,0.46442972463854904,True
val_T_T_s2_m4_b1__val_T_T_s2_m4_b2,val_T|T|s2|m4,persistence,3,False,False,0.08465499136546187,0.0909902245023053,1.0748359078969574,True
val_T_T_s2_m4_b1__val_T_T_s2_m4_b2,val_T|T|s2|m4,reset,4,False,False,0.09422009422425268,0.08798367448089427,0.9338100880209783,True
val_T_T_s2_m4_b1__val_T_T_s2_m4_b2,val_T|T|s2|m4,persistence,4,False,False,0.09422009422425268,0.08465499136546187,0.8984812853612206,True
val_T_T_s2_m4_b1__val_T_T_s2_m4_b2,val_T|T|s2|m4,reset,5,False,False,0.08384492828369418,0.07876783877646988,0.9394466712399625,True
val_T_T_s2_m4_b1__val_T_T_s2_m4_b2,val_T|T|s2|m4,persistence,5,False,False,0.08384492828369418,0.09422009422425268,1.1237423199344094,True
