case_id,anchor_id,mpc,candidate_id,variant,model_cost,true_cost,anchor_shift,true_error
val_T|T|s0,val_T|T|s0|m2,2,g0_before,frozen,0.01677333563566208,0.02916865609586239,-2.7939677238464355e-06,0.01239532046020031
val_T|T|s0,val_T|T|s0|m2,2,g0_after,frozen,0.031096968799829483,0.08128388226032257,6.6123902797698975e-06,0.05018691346049309
val_T|T|s0,val_T|T|s0|m2,2,g24_before,frozen,0.004476700443774462,0.018234284594655037,-1.8258579075336456e-06,0.013757584150880575
val_T|T|s0,val_T|T|s0|m2,2,g24_after,frozen,0.004051839001476765,0.01956035941839218,-4.5355409383773804e-07,0.015508520416915417
val_T|T|s0,val_T|T|s0|m2,2,g49_before,frozen,0.003951876424252987,0.019693050533533096,3.3248215913772583e-07,0.01574117410928011
val_T|T|s0,val_T|T|s0|m2,2,g49_after,frozen,0.003921763971447945,0.018965603783726692,1.9790604710578918e-07,0.015043839812278748
val_T|T|s0,val_T|T|s0|m2,2,g74_before,frozen,0.003859196323901415,0.018635181710124016,7.194466888904572e-08,0.014775985386222601
val_T|T|s0,val_T|T|s0|m2,2,g74_after,frozen,0.003859272925183177,0.01865268498659134,8.591450750827789e-08,0.014793412061408162
val_T|T|s0,val_T|T|s0|m2,2,g99_before,frozen,0.0038529138546437025,0.018755385652184486,-7.2177499532699585e-09,0.014902471797540784
val_T|T|s0,val_T|T|s0|m2,2,g99_after,frozen,0.0038529124576598406,0.018755394965410233,-9.313225746154785e-09,0.014902482507750392
val_T|T|s0,val_T|T|s0|m2,2,g0_before,predictor_official_shadow,0.022979913279414177,0.02916865609586239,-1.5683472156524658e-06,0.006188742816448212
val_T|T|s0,val_T|T|s0|m2,2,g0_after,predictor_official_shadow,0.034595705568790436,0.08128388226032257,9.104609489440918e-06,0.046688176691532135
val_T|T|s0,val_T|T|s0|m2,2,g24_before,predictor_official_shadow,0.008929165080189705,0.018234284594655037,-6.379559636116028e-07,0.009305119514465332
val_T|T|s0,val_T|T|s0|m2,2,g24_after,predictor_official_shadow,0.008083166554570198,0.01956035941839218,9.452924132347107e-07,0.011477192863821983
val_T|T|s0,val_T|T|s0|m2,2,g49_before,predictor_official_shadow,0.007313759997487068,0.019693050533533096,1.8533319234848022e-06,0.012379290536046028
val_T|T|s0,val_T|T|s0|m2,2,g49_after,predictor_official_shadow,0.007359177805483341,0.018965603783726692,1.6945414245128632e-06,0.011606425978243351
val_T|T|s0,val_T|T|s0|m2,2,g74_before,predictor_official_shadow,0.007339716888964176,0.018635181710124016,1.5767291188240051e-06,0.01129546482115984
val_T|T|s0,val_T|T|s0|m2,2,g74_after,predictor_official_shadow,0.0073302327655255795,0.01865268498659134,1.6009435057640076e-06,0.01132245222106576
val_T|T|s0,val_T|T|s0|m2,2,g99_before,predictor_official_shadow,0.00737903593108058,0.018755385652184486,1.4738179743289948e-06,0.011376349721103907
val_T|T|s0,val_T|T|s0|m2,2,g99_after,predictor_official_shadow,0.007379025686532259,0.018755394965410233,1.4905817806720734e-06,0.011376369278877974
val_T|T|s0,val_T|T|s0|m4,4,g0_before,frozen,0.017078429460525513,0.03916049748659134,-4.1909515857696533e-07,0.022082068026065826
val_T|T|s0,val_T|T|s0|m4,4,g0_after,frozen,0.04820343106985092,0.056379284709692,-1.9744038581848145e-06,0.00817585363984108
val_T|T|s0,val_T|T|s0|m4,4,g24_before,frozen,0.007273819297552109,0.014493242837488651,-4.225410521030426e-06,0.0072194235399365425
val_T|T|s0,val_T|T|s0|m4,4,g24_after,frozen,0.006747658830136061,0.0155390789732337,-3.6670826375484467e-06,0.008791420143097639
val_T|T|s0,val_T|T|s0|m4,4,g49_before,frozen,0.004869054537266493,0.01822931505739689,-1.3308599591255188e-06,0.013360260520130396
val_T|T|s0,val_T|T|s0|m4,4,g49_after,frozen,0.004872801247984171,0.018165094777941704,-1.430511474609375e-06,0.013292293529957533
val_T|T|s0,val_T|T|s0|m4,4,g74_before,frozen,0.0046217539347708225,0.01846747100353241,-4.498288035392761e-07,0.013845717068761587
val_T|T|s0,val_T|T|s0|m4,4,g74_after,frozen,0.004618824925273657,0.018504532054066658,-4.1816383600234985e-07,0.013885707128793001
val_T|T|s0,val_T|T|s0|m4,4,g99_before,frozen,0.004593521356582642,0.01939822919666767,-5.08967787027359e-07,0.01480470784008503
val_T|T|s0,val_T|T|s0|m4,4,g99_after,frozen,0.0045935180969536304,0.019398214295506477,-5.094334483146667e-07,0.014804696198552847
val_T|T|s0,val_T|T|s0|m4,4,g0_before,predictor_official_shadow,0.01673729717731476,0.03916049748659134,1.7024576663970947e-06,0.02242320030927658
val_T|T|s0,val_T|T|s0|m4,4,g0_after,predictor_official_shadow,0.0634228065609932,0.056379284709692,-3.0547380447387695e-07,-0.007043521851301193
val_T|T|s0,val_T|T|s0|m4,4,g24_before,predictor_official_shadow,0.0069550881162285805,0.014493242837488651,-1.9869767129421234e-06,0.007538154721260071
val_T|T|s0,val_T|T|s0|m4,4,g24_after,predictor_official_shadow,0.0063354261219501495,0.0155390789732337,-1.4598481357097626e-06,0.00920365285128355
val_T|T|s0,val_T|T|s0|m4,4,g49_before,predictor_official_shadow,0.0062940241768956184,0.01822931505739689,8.507631719112396e-07,0.01193529088050127
val_T|T|s0,val_T|T|s0|m4,4,g49_after,predictor_official_shadow,0.006345782428979874,0.018165094777941704,7.576309144496918e-07,0.01181931234896183
val_T|T|s0,val_T|T|s0|m4,4,g74_before,predictor_official_shadow,0.007010865490883589,0.01846747100353241,1.7737038433551788e-06,0.011456605512648821
val_T|T|s0,val_T|T|s0|m4,4,g74_after,predictor_official_shadow,0.006998856086283922,0.018504532054066658,1.812819391489029e-06,0.011505675967782736
val_T|T|s0,val_T|T|s0|m4,4,g99_before,predictor_official_shadow,0.006860990542918444,0.01939822919666767,1.7308630049228668e-06,0.012537238653749228
val_T|T|s0,val_T|T|s0|m4,4,g99_after,predictor_official_shadow,0.006861015222966671,0.019398214295506477,1.7397105693817139e-06,0.012537199072539806
val_T|T|s1,val_T|T|s1|m2,2,g0_before,frozen,0.01317069586366415,0.015174226835370064,1.0943040251731873e-06,0.0020035309717059135
val_T|T|s1,val_T|T|s1|m2,2,g0_after,frozen,0.024417374283075333,0.019386664032936096,-4.284083843231201e-06,-0.0050307102501392365
val_T|T|s1,val_T|T|s1|m2,2,g24_before,frozen,0.004369789268821478,0.0033333725295960903,-7.795169949531555e-07,-0.0010364167392253876
val_T|T|s1,val_T|T|s1|m2,2,g24_after,frozen,0.004979367833584547,0.0038453724700957537,-5.294568836688995e-07,-0.0011339953634887934
val_T|T|s1,val_T|T|s1|m2,2,g49_before,frozen,0.003941782750189304,0.0038992445915937424,-5.606561899185181e-07,-4.253815859556198e-05
val_T|T|s1,val_T|T|s1|m2,2,g49_after,frozen,0.003941148519515991,0.0032696889247745275,-5.83939254283905e-07,-0.0006714595947414637
val_T|T|s1,val_T|T|s1|m2,2,g74_before,frozen,0.003818962024524808,0.005489774513989687,-5.392357707023621e-07,0.001670812489464879
val_T|T|s1,val_T|T|s1|m2,2,g74_after,frozen,0.003817041404545307,0.0054828752763569355,-5.403999239206314e-07,0.0016658338718116283
val_T|T|s1,val_T|T|s1|m2,2,g99_before,frozen,0.00380686460994184,0.0054366253316402435,-5.21540641784668e-07,0.0016297607216984034
val_T|T|s1,val_T|T|s1|m2,2,g99_after,frozen,0.0038068611174821854,0.005436629522591829,-5.187466740608215e-07,0.001629768405109644
val_T|T|s1,val_T|T|s1|m2,2,g0_before,predictor_official_shadow,0.015074027702212334,0.015174226835370064,-1.1734664440155029e-07,0.0001001991331577301
val_T|T|s1,val_T|T|s1|m2,2,g0_after,predictor_official_shadow,0.023206576704978943,0.019386664032936096,-5.241483449935913e-06,-0.0038199126720428467
val_T|T|s1,val_T|T|s1|m2,2,g24_before,predictor_official_shadow,0.005557437427341938,0.0033333725295960903,-2.1420419216156006e-06,-0.0022240648977458477
val_T|T|s1,val_T|T|s1|m2,2,g24_after,predictor_official_shadow,0.006766050588339567,0.0038453724700957537,-1.8919818103313446e-06,-0.0029206781182438135
val_T|T|s1,val_T|T|s1|m2,2,g49_before,predictor_official_shadow,0.004685545805841684,0.0038992445915937424,-1.930631697177887e-06,-0.000786301214247942
val_T|T|s1,val_T|T|s1|m2,2,g49_after,predictor_official_shadow,0.0046938383020460606,0.0032696889247745275,-1.9436702132225037e-06,-0.001424149377271533
val_T|T|s1,val_T|T|s1|m2,2,g74_before,predictor_official_shadow,0.004154674243181944,0.005489774513989687,-1.914333552122116e-06,0.001335100270807743
val_T|T|s1,val_T|T|s1|m2,2,g74_after,predictor_official_shadow,0.004165217746049166,0.0054828752763569355,-1.914333552122116e-06,0.0013176575303077698
val_T|T|s1,val_T|T|s1|m2,2,g99_before,predictor_official_shadow,0.004244509618729353,0.0054366253316402435,-1.8915161490440369e-06,0.0011921157129108906
val_T|T|s1,val_T|T|s1|m2,2,g99_after,predictor_official_shadow,0.004244479350745678,0.005436629522591829,-1.8943101167678833e-06,0.0011921501718461514
val_T|T|s1,val_T|T|s1|m4,4,g0_before,frozen,0.013251150958240032,0.0142543725669384,-5.504116415977478e-07,0.001003221608698368
val_T|T|s1,val_T|T|s1|m4,4,g0_after,frozen,0.04900941252708435,0.023844124749302864,6.258487701416016e-07,-0.025165287777781487
val_T|T|s1,val_T|T|s1|m4,4,g24_before,frozen,0.0055865515023469925,0.010251272469758987,-1.3345852494239807e-06,0.004664720967411995
val_T|T|s1,val_T|T|s1|m4,4,g24_after,frozen,0.006483363453298807,0.011277105659246445,-1.4095567166805267e-06,0.0047937422059476376
val_T|T|s1,val_T|T|s1|m4,4,g49_before,frozen,0.004381331615149975,0.0055662356317043304,-1.3243407011032104e-06,0.0011849040165543556
val_T|T|s1,val_T|T|s1|m4,4,g49_after,frozen,0.004380176309496164,0.005543322768062353,-1.3010576367378235e-06,0.0011631464585661888
val_T|T|s1,val_T|T|s1|m4,4,g74_before,frozen,0.004191247280687094,0.005563897080719471,-1.1757947504520416e-06,0.0013726498000323772
val_T|T|s1,val_T|T|s1|m4,4,g74_after,frozen,0.0041886670514941216,0.00557114789262414,-1.1753290891647339e-06,0.0013824808411300182
val_T|T|s1,val_T|T|s1|m4,4,g99_before,frozen,0.004173422697931528,0.005218757316470146,-1.1986121535301208e-06,0.001045334618538618
val_T|T|s1,val_T|T|s1|m4,4,g99_after,frozen,0.004173420835286379,0.005218733102083206,-1.2014061212539673e-06,0.0010453122667968273
val_T|T|s1,val_T|T|s1|m4,4,g0_before,predictor_official_shadow,0.02139129489660263,0.0142543725669384,-3.1515955924987793e-06,-0.00713692232966423
val_T|T|s1,val_T|T|s1|m4,4,g0_after,predictor_official_shadow,0.028568889945745468,0.023844124749302864,-2.175569534301758e-06,-0.004724765196442604
val_T|T|s1,val_T|T|s1|m4,4,g24_before,predictor_official_shadow,0.016367943957448006,0.010251272469758987,-4.032626748085022e-06,-0.006116671487689018
val_T|T|s1,val_T|T|s1|m4,4,g24_after,predictor_official_shadow,0.018682772293686867,0.011277105659246445,-4.082918167114258e-06,-0.007405666634440422
val_T|T|s1,val_T|T|s1|m4,4,g49_before,predictor_official_shadow,0.012456432916224003,0.0055662356317043304,-3.97954136133194e-06,-0.006890197284519672
val_T|T|s1,val_T|T|s1|m4,4,g49_after,predictor_official_shadow,0.012516899034380913,0.005543322768062353,-3.96091490983963e-06,-0.00697357626631856
val_T|T|s1,val_T|T|s1|m4,4,g74_before,predictor_official_shadow,0.010699820704758167,0.005563897080719471,-3.85381281375885e-06,-0.005135923624038696
val_T|T|s1,val_T|T|s1|m4,4,g74_after,predictor_official_shadow,0.010727956891059875,0.00557114789262414,-3.8603320717811584e-06,-0.005156808998435736
val_T|T|s1,val_T|T|s1|m4,4,g99_before,predictor_official_shadow,0.011033677496016026,0.005218757316470146,-3.869645297527313e-06,-0.005814920179545879
val_T|T|s1,val_T|T|s1|m4,4,g99_after,predictor_official_shadow,0.01103358156979084,0.005218733102083206,-3.871507942676544e-06,-0.005814848467707634
val_T|T|s2,val_T|T|s2|m2,2,g0_before,frozen,0.020517170429229736,0.024001052603125572,-3.3527612686157227e-08,0.003483882173895836
val_T|T|s2,val_T|T|s2|m2,2,g0_after,frozen,0.050227660685777664,0.02598019316792488,-2.4028122425079346e-06,-0.024247467517852783
val_T|T|s2,val_T|T|s2|m2,2,g24_before,frozen,0.007543363142758608,0.021191010251641273,4.810281097888947e-07,0.013647647108882666
val_T|T|s2,val_T|T|s2|m2,2,g24_after,frozen,0.008148143999278545,0.02059609442949295,7.012858986854553e-07,0.012447950430214405
val_T|T|s2,val_T|T|s2|m2,2,g49_before,frozen,0.006389806512743235,0.016128746792674065,-1.862645149230957e-08,0.00973894027993083
val_T|T|s2,val_T|T|s2|m2,2,g49_after,frozen,0.006396072916686535,0.01582283526659012,-1.3504177331924438e-08,0.009426762349903584
val_T|T|s2,val_T|T|s2|m2,2,g74_before,frozen,0.0062370505183935165,0.013976049609482288,-2.0116567611694336e-07,0.007738999091088772
val_T|T|s2,val_T|T|s2|m2,2,g74_after,frozen,0.006234943401068449,0.014246569946408272,-1.9744038581848145e-07,0.008011626545339823
val_T|T|s2,val_T|T|s2|m2,2,g99_before,frozen,0.00622001476585865,0.01565917767584324,-1.3969838619232178e-07,0.009439162909984589
val_T|T|s2,val_T|T|s2|m2,2,g99_after,frozen,0.006220013834536076,0.015659168362617493,-1.4435499906539917e-07,0.009439154528081417
val_T|T|s2,val_T|T|s2|m2,2,g0_before,predictor_official_shadow,0.01864853873848915,0.024001052603125572,-3.166496753692627e-07,0.005352513864636421
val_T|T|s2,val_T|T|s2|m2,2,g0_after,predictor_official_shadow,0.055260058492422104,0.02598019316792488,-2.1941959857940674e-06,-0.029279865324497223
val_T|T|s2,val_T|T|s2|m2,2,g24_before,predictor_official_shadow,0.007649898529052734,0.021191010251641273,2.0349398255348206e-07,0.013541111722588539
val_T|T|s2,val_T|T|s2|m2,2,g24_after,predictor_official_shadow,0.007736347150057554,0.02059609442949295,3.869645297527313e-07,0.012859747279435396
val_T|T|s2,val_T|T|s2|m2,2,g49_before,predictor_official_shadow,0.006613417062908411,0.016128746792674065,-2.584420144557953e-07,0.009515329729765654
val_T|T|s2,val_T|T|s2|m2,2,g49_after,predictor_official_shadow,0.006551526486873627,0.01582283526659012,-2.561137080192566e-07,0.009271308779716492
val_T|T|s2,val_T|T|s2|m2,2,g74_before,predictor_official_shadow,0.006737742107361555,0.013976049609482288,-4.367902874946594e-07,0.007238307502120733
val_T|T|s2,val_T|T|s2|m2,2,g74_after,predictor_official_shadow,0.0067377518862485886,0.014246569946408272,-4.237517714500427e-07,0.007508818060159683
val_T|T|s2,val_T|T|s2|m2,2,g99_before,predictor_official_shadow,0.006643281783908606,0.01565917767584324,-3.7904828786849976e-07,0.009015895891934633
val_T|T|s2,val_T|T|s2|m2,2,g99_after,predictor_official_shadow,0.006643296219408512,0.015659168362617493,-3.80445271730423e-07,0.00901587214320898
val_T|T|s2,val_T|T|s2|m4,4,g0_before,frozen,0.019513383507728577,0.020342854782938957,-1.948326826095581e-06,0.0008294712752103806
val_T|T|s2,val_T|T|s2|m4,4,g0_after,frozen,0.03398170322179794,0.03879866003990173,8.646398782730103e-06,0.00481695681810379
val_T|T|s2,val_T|T|s2|m4,4,g24_before,frozen,0.007357746362686157,0.03195580095052719,2.1080486476421356e-06,0.024598054587841034
val_T|T|s2,val_T|T|s2|m4,4,g24_after,frozen,0.007413255982100964,0.0314444862306118,7.497146725654602e-07,0.024031230248510838
val_T|T|s2,val_T|T|s2|m4,4,g49_before,frozen,0.005957742687314749,0.02639785408973694,-4.4750049710273743e-07,0.02044011140242219
val_T|T|s2,val_T|T|s2|m4,4,g49_after,frozen,0.0059611499309539795,0.0258827805519104,-4.1117891669273376e-07,0.01992163062095642
val_T|T|s2,val_T|T|s2|m4,4,g74_before,frozen,0.005868569947779179,0.029147740453481674,1.0244548320770264e-07,0.023279170505702496
val_T|T|s2,val_T|T|s2|m4,4,g74_after,frozen,0.005867107771337032,0.02813611924648285,1.3364478945732117e-07,0.022269011475145817
val_T|T|s2,val_T|T|s2|m4,4,g99_before,frozen,0.005857035983353853,0.028392072767019272,-2.468004822731018e-08,0.02253503678366542
val_T|T|s2,val_T|T|s2|m4,4,g99_after,frozen,0.005857034120708704,0.028392072767019272,-2.6542693376541138e-08,0.022535038646310568
val_T|T|s2,val_T|T|s2|m4,4,g0_before,predictor_official_shadow,0.021431125700473785,0.020342854782938957,-4.541128873825073e-06,-0.0010882709175348282
val_T|T|s2,val_T|T|s2|m4,4,g0_after,predictor_official_shadow,0.03141127526760101,0.03879866003990173,4.582107067108154e-06,0.00738738477230072
val_T|T|s2,val_T|T|s2|m4,4,g24_before,predictor_official_shadow,0.00809856690466404,0.03195580095052719,-6.724148988723755e-07,0.02385723404586315
val_T|T|s2,val_T|T|s2|m4,4,g24_after,predictor_official_shadow,0.009083450771868229,0.0314444862306118,-2.0312145352363586e-06,0.022361035458743572
val_T|T|s2,val_T|T|s2|m4,4,g49_before,predictor_official_shadow,0.0072565097361803055,0.02639785408973694,-2.909451723098755e-06,0.019141344353556633
val_T|T|s2,val_T|T|s2|m4,4,g49_after,predictor_official_shadow,0.007334757596254349,0.0258827805519104,-2.9085204005241394e-06,0.01854802295565605
val_T|T|s2,val_T|T|s2|m4,4,g74_before,predictor_official_shadow,0.006968802772462368,0.029147740453481674,-2.4489127099514008e-06,0.022178937681019306
val_T|T|s2,val_T|T|s2|m4,4,g74_after,predictor_official_shadow,0.0069410004653036594,0.02813611924648285,-2.4177134037017822e-06,0.02119511878117919
val_T|T|s2,val_T|T|s2|m4,4,g99_before,predictor_official_shadow,0.006977376528084278,0.028392072767019272,-2.562999725341797e-06,0.021414696238934994
val_T|T|s2,val_T|T|s2|m4,4,g99_after,predictor_official_shadow,0.006977339740842581,0.028392072767019272,-2.566725015640259e-06,0.02141473302617669
val_L|L|s0,val_L|L|s0|m2,2,g0_before,frozen,0.021274248138070107,0.026301439851522446,-2.421438694000244e-08,0.005027191713452339
val_L|L|s0,val_L|L|s0|m2,2,g0_after,frozen,0.04771339148283005,0.14225240051746368,-2.8908252716064453e-06,0.09453900903463364
val_L|L|s0,val_L|L|s0|m2,2,g24_before,frozen,0.0039609745144844055,0.009708764031529427,-4.5262277126312256e-07,0.005747789517045021
val_L|L|s0,val_L|L|s0|m2,2,g24_after,frozen,0.004446967504918575,0.025025703012943268,-7.860362529754639e-07,0.020578735508024693
val_L|L|s0,val_L|L|s0|m2,2,g49_before,frozen,0.0032951203174889088,0.011729149147868156,-2.1420419216156006e-07,0.008434028830379248
val_L|L|s0,val_L|L|s0|m2,2,g49_after,frozen,0.00324835954234004,0.00985931046307087,-1.648440957069397e-07,0.006610950920730829
val_L|L|s0,val_L|L|s0|m2,2,g74_before,frozen,0.003189738607034087,0.009059426374733448,-3.888271749019623e-08,0.005869687767699361
val_L|L|s0,val_L|L|s0|m2,2,g74_after,frozen,0.003190364222973585,0.010125887580215931,-4.0512531995773315e-08,0.006935523357242346
val_L|L|s0,val_L|L|s0|m2,2,g99_before,frozen,0.0031870552338659763,0.009054005146026611,-9.313225746154785e-09,0.005866949912160635
val_L|L|s0,val_L|L|s0|m2,2,g99_after,frozen,0.003187054069712758,0.009054004214704037,-8.149072527885437e-09,0.005866950144991279
val_L|L|s0,val_L|L|s0|m2,2,g0_before,predictor_official_shadow,0.02157406136393547,0.026301439851522446,-2.551823854446411e-07,0.004727378487586975
val_L|L|s0,val_L|L|s0|m2,2,g0_after,predictor_official_shadow,0.059010133147239685,0.14225240051746368,-3.952533006668091e-06,0.083242267370224
val_L|L|s0,val_L|L|s0|m2,2,g24_before,predictor_official_shadow,0.005066273733973503,0.009708764031529427,-9.653158485889435e-07,0.0046424902975559235
val_L|L|s0,val_L|L|s0|m2,2,g24_after,predictor_official_shadow,0.007002457045018673,0.025025703012943268,-1.4826655387878418e-06,0.018023245967924595
val_L|L|s0,val_L|L|s0|m2,2,g49_before,predictor_official_shadow,0.00466074887663126,0.011729149147868156,-6.668269634246826e-07,0.0070684002712368965
val_L|L|s0,val_L|L|s0|m2,2,g49_after,predictor_official_shadow,0.004356922581791878,0.00985931046307087,-5.862675607204437e-07,0.005502387881278992
val_L|L|s0,val_L|L|s0|m2,2,g74_before,predictor_official_shadow,0.004131839610636234,0.009059426374733448,-4.284083843231201e-07,0.004927586764097214
val_L|L|s0,val_L|L|s0|m2,2,g74_after,predictor_official_shadow,0.004162100609391928,0.010125887580215931,-4.353933036327362e-07,0.005963786970824003
val_L|L|s0,val_L|L|s0|m2,2,g99_before,predictor_official_shadow,0.004057202022522688,0.009054005146026611,-3.7439167499542236e-07,0.004996803123503923
val_L|L|s0,val_L|L|s0|m2,2,g99_after,predictor_official_shadow,0.004057230893522501,0.009054004214704037,-3.739260137081146e-07,0.004996773321181536
val_L|L|s0,val_L|L|s0|m4,4,g0_before,frozen,0.024430319666862488,0.017256686463952065,2.8870999813079834e-06,-0.007173633202910423
val_L|L|s0,val_L|L|s0|m4,4,g0_after,frozen,0.047749653458595276,0.11116596311330795,-7.603317499160767e-06,0.06341630965471268
val_L|L|s0,val_L|L|s0|m4,4,g24_before,frozen,0.0047484105452895164,0.005354368593543768,1.380685716867447e-06,0.0006059580482542515
val_L|L|s0,val_L|L|s0|m4,4,g24_after,frozen,0.00388181209564209,0.010046806186437607,4.880130290985107e-07,0.006164994090795517
val_L|L|s0,val_L|L|s0|m4,4,g49_before,frozen,0.0032134857028722763,0.015209918841719627,-1.9720755517482758e-07,0.011996433138847351
val_L|L|s0,val_L|L|s0|m4,4,g49_after,frozen,0.003240792313590646,0.014894479885697365,-3.105960786342621e-07,0.011653687572106719
val_L|L|s0,val_L|L|s0|m4,4,g74_before,frozen,0.0030881997663527727,0.011473123915493488,1.0174699127674103e-07,0.008384924149140716
val_L|L|s0,val_L|L|s0|m4,4,g74_after,frozen,0.0030858791433274746,0.011481722816824913,8.032657206058502e-08,0.008395843673497438
val_L|L|s0,val_L|L|s0|m4,4,g99_before,frozen,0.003078214358538389,0.010635114274919033,1.4202669262886047e-08,0.007556899916380644
val_L|L|s0,val_L|L|s0|m4,4,g99_after,frozen,0.0030782134272158146,0.010635110549628735,1.5366822481155396e-08,0.00755689712241292
val_L|L|s0,val_L|L|s0|m4,4,g0_before,predictor_official_shadow,0.022639315575361252,0.017256686463952065,2.380460500717163e-06,-0.005382629111409187
val_L|L|s0,val_L|L|s0|m4,4,g0_after,predictor_official_shadow,0.05517945438623428,0.11116596311330795,-9.100884199142456e-06,0.05598650872707367
val_L|L|s0,val_L|L|s0|m4,4,g24_before,predictor_official_shadow,0.004895676858723164,0.005354368593543768,7.441267371177673e-07,0.0004586917348206043
val_L|L|s0,val_L|L|s0|m4,4,g24_after,predictor_official_shadow,0.004668321926146746,0.010046806186437607,-2.2212043404579163e-07,0.005378484260290861
val_L|L|s0,val_L|L|s0|m4,4,g49_before,predictor_official_shadow,0.0043733855709433556,0.015209918841719627,-8.940696716308594e-07,0.010836533270776272
val_L|L|s0,val_L|L|s0|m4,4,g49_after,predictor_official_shadow,0.00447587575763464,0.014894479885697365,-1.0291114449501038e-06,0.010418604128062725
val_L|L|s0,val_L|L|s0|m4,4,g74_before,predictor_official_shadow,0.004014334641396999,0.011473123915493488,-6.486661732196808e-07,0.007458789274096489
val_L|L|s0,val_L|L|s0|m4,4,g74_after,predictor_official_shadow,0.004032726865261793,0.011481722816824913,-6.761401891708374e-07,0.00744899595156312
val_L|L|s0,val_L|L|s0|m4,4,g99_before,predictor_official_shadow,0.004080727696418762,0.010635114274919033,-7.525086402893066e-07,0.006554386578500271
val_L|L|s0,val_L|L|s0|m4,4,g99_after,predictor_official_shadow,0.004080701153725386,0.010635110549628735,-7.520429790019989e-07,0.006554409395903349
val_L|L|s1,val_L|L|s1|m2,2,g0_before,frozen,0.06145443767309189,0.07326690107584,-2.127140760421753e-06,0.011812463402748108
val_L|L|s1,val_L|L|s1|m2,2,g0_after,frozen,0.16360780596733093,0.08481939882040024,-8.334219455718994e-05,-0.0787884071469307
val_L|L|s1,val_L|L|s1|m2,2,g24_before,frozen,0.017690027132630348,0.025944272056221962,-1.0579824447631836e-06,0.008254244923591614
val_L|L|s1,val_L|L|s1|m2,2,g24_after,frozen,0.015710260719060898,0.023375723510980606,-1.0933727025985718e-06,0.007665462791919708
val_L|L|s1,val_L|L|s1|m2,2,g49_before,frozen,0.008414887823164463,0.008397281169891357,-3.2223761081695557e-07,-1.760665327310562e-05
val_L|L|s1,val_L|L|s1|m2,2,g49_after,frozen,0.008304597809910774,0.014063959941267967,-2.300366759300232e-07,0.005759362131357193
val_L|L|s1,val_L|L|s1|m2,2,g74_before,frozen,0.007904079742729664,0.015975406393408775,-1.2759119272232056e-07,0.008071326650679111
val_L|L|s1,val_L|L|s1|m2,2,g74_after,frozen,0.007893238216638565,0.015979818999767303,-1.210719347000122e-07,0.008086580783128738
val_L|L|s1,val_L|L|s1|m2,2,g99_before,frozen,0.00784167367964983,0.016436122357845306,-5.3085386753082275e-08,0.008594448678195477
val_L|L|s1,val_L|L|s1|m2,2,g99_after,frozen,0.007841665297746658,0.0164361409842968,-5.21540641784668e-08,0.00859447568655014
val_L|L|s1,val_L|L|s1|m2,2,g0_before,predictor_official_shadow,0.06184236705303192,0.07326690107584,-2.086162567138672e-06,0.011424534022808075
val_L|L|s1,val_L|L|s1|m2,2,g0_after,predictor_official_shadow,0.1362723410129547,0.08481939882040024,-6.249547004699707e-05,-0.051452942192554474
val_L|L|s1,val_L|L|s1|m2,2,g24_before,predictor_official_shadow,0.01890130341053009,0.025944272056221962,-7.599592208862305e-07,0.007042968645691872
val_L|L|s1,val_L|L|s1|m2,2,g24_after,predictor_official_shadow,0.01673111692070961,0.023375723510980606,-8.177012205123901e-07,0.006644606590270996
val_L|L|s1,val_L|L|s1|m2,2,g49_before,predictor_official_shadow,0.008532736450433731,0.008397281169891357,-2.2258609533309937e-07,-0.00013545528054237366
val_L|L|s1,val_L|L|s1|m2,2,g49_after,predictor_official_shadow,0.008340571075677872,0.014063959941267967,-1.1362135410308838e-07,0.0057233888655900955
val_L|L|s1,val_L|L|s1|m2,2,g74_before,predictor_official_shadow,0.00798244308680296,0.015975406393408775,-1.3969838619232178e-08,0.007992963306605816
val_L|L|s1,val_L|L|s1|m2,2,g74_after,predictor_official_shadow,0.007961777970194817,0.015979818999767303,-2.7939677238464355e-09,0.008018041029572487
val_L|L|s1,val_L|L|s1|m2,2,g99_before,predictor_official_shadow,0.007846707478165627,0.016436122357845306,7.729977369308472e-08,0.00858941487967968
val_L|L|s1,val_L|L|s1|m2,2,g99_after,predictor_official_shadow,0.007846703752875328,0.0164361409842968,7.543712854385376e-08,0.00858943723142147
val_L|L|s1,val_L|L|s1|m4,4,g0_before,frozen,0.06176058575510979,0.07222633063793182,-1.1324882507324219e-06,0.010465744882822037
val_L|L|s1,val_L|L|s1|m4,4,g0_after,frozen,0.08081051707267761,0.10535399615764618,7.0855021476745605e-06,0.024543479084968567
val_L|L|s1,val_L|L|s1|m4,4,g24_before,frozen,0.008625924587249756,0.005469094030559063,-4.507601261138916e-07,-0.003156830556690693
val_L|L|s1,val_L|L|s1|m4,4,g24_after,frozen,0.009489113464951515,0.0048777880147099495,-9.052455425262451e-07,-0.004611325450241566
val_L|L|s1,val_L|L|s1|m4,4,g49_before,frozen,0.008103196509182453,0.006977468729019165,-3.119930624961853e-07,-0.0011257277801632881
val_L|L|s1,val_L|L|s1|m4,4,g49_after,frozen,0.008038897998631,0.0070765092968940735,-2.775341272354126e-07,-0.000962388701736927
val_L|L|s1,val_L|L|s1|m4,4,g74_before,frozen,0.007557479199022055,0.006935255602002144,5.4016709327697754e-08,-0.0006222235970199108
val_L|L|s1,val_L|L|s1|m4,4,g74_after,frozen,0.007550978567451239,0.006941938307136297,3.5390257835388184e-08,-0.0006090402603149414
val_L|L|s1,val_L|L|s1|m4,4,g99_before,frozen,0.0075106872245669365,0.016956105828285217,-6.984919309616089e-09,0.00944541860371828
val_L|L|s1,val_L|L|s1|m4,4,g99_after,frozen,0.007510676514357328,0.016956113278865814,-1.862645149230957e-09,0.009445436764508486
val_L|L|s1,val_L|L|s1|m4,4,g0_before,predictor_official_shadow,0.059366825968027115,0.07222633063793182,-8.307397365570068e-07,0.012859504669904709
val_L|L|s1,val_L|L|s1|m4,4,g0_after,predictor_official_shadow,0.08769050985574722,0.10535399615764618,8.575618267059326e-06,0.017663486301898956
val_L|L|s1,val_L|L|s1|m4,4,g24_before,predictor_official_shadow,0.008632413111627102,0.005469094030559063,-3.725290298461914e-09,-0.003163319081068039
val_L|L|s1,val_L|L|s1|m4,4,g24_after,predictor_official_shadow,0.009004845283925533,0.0048777880147099495,-4.926696419715881e-07,-0.004127057269215584
val_L|L|s1,val_L|L|s1|m4,4,g49_before,predictor_official_shadow,0.008471737615764141,0.006977468729019165,1.5739351511001587e-07,-0.001494268886744976
val_L|L|s1,val_L|L|s1|m4,4,g49_after,predictor_official_shadow,0.008436799980700016,0.0070765092968940735,1.94646418094635e-07,-0.0013602906838059425
val_L|L|s1,val_L|L|s1|m4,4,g74_before,predictor_official_shadow,0.008363296277821064,0.006935255602002144,5.392357707023621e-07,-0.0014280406758189201
val_L|L|s1,val_L|L|s1|m4,4,g74_after,predictor_official_shadow,0.008339292369782925,0.006941938307136297,5.159527063369751e-07,-0.0013973540626466274
val_L|L|s1,val_L|L|s1|m4,4,g99_before,predictor_official_shadow,0.008259862661361694,0.016956105828285217,4.6659260988235474e-07,0.008696243166923523
val_L|L|s1,val_L|L|s1|m4,4,g99_after,predictor_official_shadow,0.008259868249297142,0.016956113278865814,4.721805453300476e-07,0.008696245029568672
val_L|L|s2,val_L|L|s2|m2,2,g0_before,frozen,0.04171275347471237,0.034704528748989105,6.280839443206787e-06,-0.007008224725723267
val_L|L|s2,val_L|L|s2|m2,2,g0_after,frozen,0.061632975935935974,0.08684214949607849,1.5944242477416992e-06,0.025209173560142517
val_L|L|s2,val_L|L|s2|m2,2,g24_before,frozen,0.005835035815834999,0.008038198575377464,-3.366731107234955e-07,0.002203162759542465
val_L|L|s2,val_L|L|s2|m2,2,g24_after,frozen,0.006146345287561417,0.01139088999480009,-1.8659047782421112e-06,0.005244544707238674
val_L|L|s2,val_L|L|s2|m2,2,g49_before,frozen,0.004809568170458078,0.007505834102630615,5.541369318962097e-08,0.002696265932172537
val_L|L|s2,val_L|L|s2|m2,2,g49_after,frozen,0.004811110440641642,0.008388102054595947,-3.157183527946472e-07,0.0035769916139543056
val_L|L|s2,val_L|L|s2|m2,2,g74_before,frozen,0.004768873564898968,0.007484775967895985,-9.778887033462524e-08,0.002715902402997017
val_L|L|s2,val_L|L|s2|m2,2,g74_after,frozen,0.0047662388533353806,0.007472184486687183,-5.494803190231323e-08,0.002705945633351803
val_L|L|s2,val_L|L|s2|m2,2,g99_before,frozen,0.004755053669214249,0.007448142860084772,-4.6566128730773926e-08,0.0026930891908705235
val_L|L|s2,val_L|L|s2|m2,2,g99_after,frozen,0.004755051340907812,0.007448143791407347,-4.6566128730773926e-08,0.0026930924504995346
val_L|L|s2,val_L|L|s2|m2,2,g0_before,predictor_official_shadow,0.04607745260000229,0.034704528748989105,1.1160969734191895e-05,-0.011372923851013184
val_L|L|s2,val_L|L|s2|m2,2,g0_after,predictor_official_shadow,0.06860073655843735,0.08684214949607849,5.677342414855957e-06,0.018241412937641144
val_L|L|s2,val_L|L|s2|m2,2,g24_before,predictor_official_shadow,0.008526159450411797,0.008038198575377464,4.075467586517334e-06,-0.0004879608750343323
val_L|L|s2,val_L|L|s2|m2,2,g24_after,predictor_official_shadow,0.00825077760964632,0.01139088999480009,2.3245811462402344e-06,0.0031401123851537704
val_L|L|s2,val_L|L|s2|m2,2,g49_before,predictor_official_shadow,0.007392391562461853,0.007505834102630615,4.586763679981232e-06,0.00011344254016876221
val_L|L|s2,val_L|L|s2|m2,2,g49_after,predictor_official_shadow,0.007094379514455795,0.008388102054595947,4.1835010051727295e-06,0.001293722540140152
val_L|L|s2,val_L|L|s2|m2,2,g74_before,predictor_official_shadow,0.007175656966865063,0.007484775967895985,4.434958100318909e-06,0.00030911900103092194
val_L|L|s2,val_L|L|s2|m2,2,g74_after,predictor_official_shadow,0.00719001330435276,0.007472184486687183,4.484783858060837e-06,0.00028217118233442307
val_L|L|s2,val_L|L|s2|m2,2,g99_before,predictor_official_shadow,0.007170327939093113,0.007448142860084772,4.488509148359299e-06,0.00027781492099165916
val_L|L|s2,val_L|L|s2|m2,2,g99_after,predictor_official_shadow,0.007170325610786676,0.007448143791407347,4.480127245187759e-06,0.0002778181806206703
val_L|L|s2,val_L|L|s2|m4,4,g0_before,frozen,0.04174518585205078,0.051551029086112976,1.1976808309555054e-05,0.009805843234062195
val_L|L|s2,val_L|L|s2|m4,4,g0_after,frozen,0.0499269962310791,0.08445890247821808,-1.757219433784485e-05,0.03453190624713898
val_L|L|s2,val_L|L|s2|m4,4,g24_before,frozen,0.007317575626075268,0.031864359974861145,2.588145434856415e-06,0.024546784348785877
val_L|L|s2,val_L|L|s2|m4,4,g24_after,frozen,0.007076706271618605,0.030293770134449005,-2.1746382117271423e-07,0.0232170638628304
val_L|L|s2,val_L|L|s2|m4,4,g49_before,frozen,0.005484792869538069,0.03174377232789993,-5.3085386753082275e-08,0.026258979458361864
val_L|L|s2,val_L|L|s2|m4,4,g49_after,frozen,0.005455465521663427,0.033113956451416016,5.355104804039001e-07,0.02765849092975259
val_L|L|s2,val_L|L|s2|m4,4,g74_before,frozen,0.005248346831649542,0.030536742880940437,2.9616057872772217e-07,0.025288396049290895
val_L|L|s2,val_L|L|s2|m4,4,g74_after,frozen,0.0052437009289860725,0.03070126660168171,3.413297235965729e-07,0.025457565672695637
val_L|L|s2,val_L|L|s2|m4,4,g99_before,frozen,0.005213772878050804,0.033050939440727234,5.066394805908203e-07,0.02783716656267643
val_L|L|s2,val_L|L|s2|m4,4,g99_after,frozen,0.005213762167841196,0.03305094316601753,5.126930773258209e-07,0.027837180998176336
val_L|L|s2,val_L|L|s2|m4,4,g0_before,predictor_official_shadow,0.04258476942777634,0.051551029086112976,5.893409252166748e-06,0.00896625965833664
val_L|L|s2,val_L|L|s2|m4,4,g0_after,predictor_official_shadow,0.06483015418052673,0.08445890247821808,-2.212822437286377e-05,0.019628748297691345
val_L|L|s2,val_L|L|s2|m4,4,g24_before,predictor_official_shadow,0.009181368164718151,0.031864359974861145,-2.991408109664917e-06,0.022682991810142994
val_L|L|s2,val_L|L|s2|m4,4,g24_after,predictor_official_shadow,0.01042857114225626,0.030293770134449005,-5.6764110922813416e-06,0.019865198992192745
val_L|L|s2,val_L|L|s2|m4,4,g49_before,predictor_official_shadow,0.009369811974465847,0.03174377232789993,-5.735084414482117e-06,0.022373960353434086
val_L|L|s2,val_L|L|s2|m4,4,g49_after,predictor_official_shadow,0.009067948907613754,0.033113956451416016,-5.190260708332062e-06,0.02404600754380226
val_L|L|s2,val_L|L|s2|m4,4,g74_before,predictor_official_shadow,0.008978316560387611,0.030536742880940437,-5.674548447132111e-06,0.021558426320552826
val_L|L|s2,val_L|L|s2|m4,4,g74_after,predictor_official_shadow,0.008945762179791927,0.03070126660168171,-5.6335702538490295e-06,0.021755504421889782
val_L|L|s2,val_L|L|s2|m4,4,g99_before,predictor_official_shadow,0.008822210133075714,0.033050939440727234,-5.499459803104401e-06,0.02422872930765152
val_L|L|s2,val_L|L|s2|m4,4,g99_after,predictor_official_shadow,0.008822225034236908,0.03305094316601753,-5.500391125679016e-06,0.024228718131780624
