case_id,anchor_id,mpc,candidate_id,variant,step,task_error_term
val_T|T|s0,val_T|T|s0|m2,2,g0_before,frozen,0,0.0017272792756557465
val_T|T|s0,val_T|T|s0|m2,2,g0_before,frozen,1,-0.002351062372326851
val_T|T|s0,val_T|T|s0|m2,2,g0_before,frozen,2,0.0008683763444423676
val_T|T|s0,val_T|T|s0|m2,2,g0_before,frozen,3,0.0046256352216005325
val_T|T|s0,val_T|T|s0|m2,2,g0_before,frozen,4,0.0075278859585523605
val_T|T|s0,val_T|T|s0|m2,2,g0_after,frozen,0,-0.0017100181430578232
val_T|T|s0,val_T|T|s0|m2,2,g0_after,frozen,1,0.007647035643458366
val_T|T|s0,val_T|T|s0|m2,2,g0_after,frozen,2,0.011275619268417358
val_T|T|s0,val_T|T|s0|m2,2,g0_after,frozen,3,0.024798989295959473
val_T|T|s0,val_T|T|s0|m2,2,g0_after,frozen,4,0.008168675005435944
val_T|T|s0,val_T|T|s0|m2,2,g24_before,frozen,0,0.0008535925298929214
val_T|T|s0,val_T|T|s0|m2,2,g24_before,frozen,1,-0.0007100054062902927
val_T|T|s0,val_T|T|s0|m2,2,g24_before,frozen,2,0.0017597293481230736
val_T|T|s0,val_T|T|s0|m2,2,g24_before,frozen,3,0.0043679759837687016
val_T|T|s0,val_T|T|s0|m2,2,g24_before,frozen,4,0.007488117553293705
val_T|T|s0,val_T|T|s0|m2,2,g24_after,frozen,0,0.0005155941471457481
val_T|T|s0,val_T|T|s0|m2,2,g24_after,frozen,1,4.226807504892349e-06
val_T|T|s0,val_T|T|s0|m2,2,g24_after,frozen,2,0.0026149037294089794
val_T|T|s0,val_T|T|s0|m2,2,g24_after,frozen,3,0.004641786217689514
val_T|T|s0,val_T|T|s0|m2,2,g24_after,frozen,4,0.00773246306926012
val_T|T|s0,val_T|T|s0|m2,2,g49_before,frozen,0,0.00014361366629600525
val_T|T|s0,val_T|T|s0|m2,2,g49_before,frozen,1,0.0003292439505457878
val_T|T|s0,val_T|T|s0|m2,2,g49_before,frozen,2,0.0014695585705339909
val_T|T|s0,val_T|T|s0|m2,2,g49_before,frozen,3,0.005601635668426752
val_T|T|s0,val_T|T|s0|m2,2,g49_before,frozen,4,0.008196789771318436
val_T|T|s0,val_T|T|s0|m2,2,g49_after,frozen,0,0.00019037816673517227
val_T|T|s0,val_T|T|s0|m2,2,g49_after,frozen,1,0.00018205121159553528
val_T|T|s0,val_T|T|s0|m2,2,g49_after,frozen,2,0.001561109907925129
val_T|T|s0,val_T|T|s0|m2,2,g49_after,frozen,3,0.005041655618697405
val_T|T|s0,val_T|T|s0|m2,2,g49_after,frozen,4,0.0080684470012784
val_T|T|s0,val_T|T|s0|m2,2,g74_before,frozen,0,0.000362560385838151
val_T|T|s0,val_T|T|s0|m2,2,g74_before,frozen,1,-7.538450881838799e-05
val_T|T|s0,val_T|T|s0|m2,2,g74_before,frozen,2,0.0013305419124662876
val_T|T|s0,val_T|T|s0|m2,2,g74_before,frozen,3,0.004831917583942413
val_T|T|s0,val_T|T|s0|m2,2,g74_before,frozen,4,0.008326278068125248
val_T|T|s0,val_T|T|s0|m2,2,g74_after,frozen,0,0.00035622064024209976
val_T|T|s0,val_T|T|s0|m2,2,g74_after,frozen,1,-6.44465908408165e-05
val_T|T|s0,val_T|T|s0|m2,2,g74_after,frozen,2,0.0013339300639927387
val_T|T|s0,val_T|T|s0|m2,2,g74_after,frozen,3,0.0048314533196389675
val_T|T|s0,val_T|T|s0|m2,2,g74_after,frozen,4,0.008336168713867664
val_T|T|s0,val_T|T|s0|m2,2,g99_before,frozen,0,0.0003958148881793022
val_T|T|s0,val_T|T|s0|m2,2,g99_before,frozen,1,-0.0001356927677989006
val_T|T|s0,val_T|T|s0|m2,2,g99_before,frozen,2,0.0013318522833287716
val_T|T|s0,val_T|T|s0|m2,2,g99_before,frozen,3,0.0048215738497674465
val_T|T|s0,val_T|T|s0|m2,2,g99_before,frozen,4,0.008488930761814117
val_T|T|s0,val_T|T|s0|m2,2,g99_after,frozen,0,0.00039580208249390125
val_T|T|s0,val_T|T|s0|m2,2,g99_after,frozen,1,-0.0001356680877506733
val_T|T|s0,val_T|T|s0|m2,2,g99_after,frozen,2,0.00133185600861907
val_T|T|s0,val_T|T|s0|m2,2,g99_after,frozen,3,0.004821577575057745
val_T|T|s0,val_T|T|s0|m2,2,g99_after,frozen,4,0.008488924242556095
val_T|T|s0,val_T|T|s0|m2,2,g0_before,predictor_official_shadow,0,0.0005468521267175674
val_T|T|s0,val_T|T|s0|m2,2,g0_before,predictor_official_shadow,1,-0.003396548330783844
val_T|T|s0,val_T|T|s0|m2,2,g0_before,predictor_official_shadow,2,0.000753358006477356
val_T|T|s0,val_T|T|s0|m2,2,g0_before,predictor_official_shadow,3,0.004593620076775551
val_T|T|s0,val_T|T|s0|m2,2,g0_before,predictor_official_shadow,4,0.003693029284477234
val_T|T|s0,val_T|T|s0|m2,2,g0_after,predictor_official_shadow,0,-0.003847610205411911
val_T|T|s0,val_T|T|s0|m2,2,g0_after,predictor_official_shadow,1,0.008402548730373383
val_T|T|s0,val_T|T|s0|m2,2,g0_after,predictor_official_shadow,2,0.011191774159669876
val_T|T|s0,val_T|T|s0|m2,2,g0_after,predictor_official_shadow,3,0.025258846580982208
val_T|T|s0,val_T|T|s0|m2,2,g0_after,predictor_official_shadow,4,0.005673512816429138
val_T|T|s0,val_T|T|s0|m2,2,g24_before,predictor_official_shadow,0,-0.0007806029170751572
val_T|T|s0,val_T|T|s0|m2,2,g24_before,predictor_official_shadow,1,-0.0010830298997461796
val_T|T|s0,val_T|T|s0|m2,2,g24_before,predictor_official_shadow,2,0.002222269307821989
val_T|T|s0,val_T|T|s0|m2,2,g24_before,predictor_official_shadow,3,0.00478047039359808
val_T|T|s0,val_T|T|s0|m2,2,g24_before,predictor_official_shadow,4,0.004166650585830212
val_T|T|s0,val_T|T|s0|m2,2,g24_after,predictor_official_shadow,0,-0.000702353660017252
val_T|T|s0,val_T|T|s0|m2,2,g24_after,predictor_official_shadow,1,-0.0002807234413921833
val_T|T|s0,val_T|T|s0|m2,2,g24_after,predictor_official_shadow,2,0.0028928788378834724
val_T|T|s0,val_T|T|s0|m2,2,g24_after,predictor_official_shadow,3,0.005217713303864002
val_T|T|s0,val_T|T|s0|m2,2,g24_after,predictor_official_shadow,4,0.004348732531070709
val_T|T|s0,val_T|T|s0|m2,2,g49_before,predictor_official_shadow,0,-0.0012503131292760372
val_T|T|s0,val_T|T|s0|m2,2,g49_before,predictor_official_shadow,1,0.00037291739135980606
val_T|T|s0,val_T|T|s0|m2,2,g49_before,predictor_official_shadow,2,0.0020695501007139683
val_T|T|s0,val_T|T|s0|m2,2,g49_before,predictor_official_shadow,3,0.006460538133978844
val_T|T|s0,val_T|T|s0|m2,2,g49_before,predictor_official_shadow,4,0.0047247447073459625
val_T|T|s0,val_T|T|s0|m2,2,g49_after,predictor_official_shadow,0,-0.0012266458943486214
val_T|T|s0,val_T|T|s0|m2,2,g49_after,predictor_official_shadow,1,0.0002553388476371765
val_T|T|s0,val_T|T|s0|m2,2,g49_after,predictor_official_shadow,2,0.002201047260314226
val_T|T|s0,val_T|T|s0|m2,2,g49_after,predictor_official_shadow,3,0.005595369264483452
val_T|T|s0,val_T|T|s0|m2,2,g49_after,predictor_official_shadow,4,0.004779621958732605
val_T|T|s0,val_T|T|s0|m2,2,g74_before,predictor_official_shadow,0,-0.0011503305286169052
val_T|T|s0,val_T|T|s0|m2,2,g74_before,predictor_official_shadow,1,-7.777661085128784e-05
val_T|T|s0,val_T|T|s0|m2,2,g74_before,predictor_official_shadow,2,0.002012232318520546
val_T|T|s0,val_T|T|s0|m2,2,g74_before,predictor_official_shadow,3,0.005541261285543442
val_T|T|s0,val_T|T|s0|m2,2,g74_before,predictor_official_shadow,4,0.004968501627445221
val_T|T|s0,val_T|T|s0|m2,2,g74_after,predictor_official_shadow,0,-0.0011556283570826054
val_T|T|s0,val_T|T|s0|m2,2,g74_after,predictor_official_shadow,1,-6.476743146777153e-05
val_T|T|s0,val_T|T|s0|m2,2,g74_after,predictor_official_shadow,2,0.0020185369066894054
val_T|T|s0,val_T|T|s0|m2,2,g74_after,predictor_official_shadow,3,0.005542634986341
val_T|T|s0,val_T|T|s0|m2,2,g74_after,predictor_official_shadow,4,0.0049800751730799675
val_T|T|s0,val_T|T|s0|m2,2,g99_before,predictor_official_shadow,0,-0.0010622590780258179
val_T|T|s0,val_T|T|s0|m2,2,g99_before,predictor_official_shadow,1,-0.0002183951437473297
val_T|T|s0,val_T|T|s0|m2,2,g99_before,predictor_official_shadow,2,0.0019947318360209465
val_T|T|s0,val_T|T|s0|m2,2,g99_before,predictor_official_shadow,3,0.005519905127584934
val_T|T|s0,val_T|T|s0|m2,2,g99_before,predictor_official_shadow,4,0.0051408931612968445
val_T|T|s0,val_T|T|s0|m2,2,g99_after,predictor_official_shadow,0,-0.0010622884146869183
val_T|T|s0,val_T|T|s0|m2,2,g99_after,predictor_official_shadow,1,-0.0002183699980378151
val_T|T|s0,val_T|T|s0|m2,2,g99_after,predictor_official_shadow,2,0.0019947406835854053
val_T|T|s0,val_T|T|s0|m2,2,g99_after,predictor_official_shadow,3,0.005519912578165531
val_T|T|s0,val_T|T|s0|m2,2,g99_after,predictor_official_shadow,4,0.005140883848071098
val_T|T|s0,val_T|T|s0|m4,4,g0_before,frozen,0,-0.0012982897460460663
val_T|T|s0,val_T|T|s0|m4,4,g0_before,frozen,1,0.0008381996303796768
val_T|T|s0,val_T|T|s0|m4,4,g0_before,frozen,2,0.0038360748440027237
val_T|T|s0,val_T|T|s0|m4,4,g0_before,frozen,3,0.007527973502874374
val_T|T|s0,val_T|T|s0|m4,4,g0_before,frozen,4,0.011178528890013695
val_T|T|s0,val_T|T|s0|m4,4,g0_after,frozen,0,-0.0011926814913749695
val_T|T|s0,val_T|T|s0|m4,4,g0_after,frozen,1,0.0015526823699474335
val_T|T|s0,val_T|T|s0|m4,4,g0_after,frozen,2,0.006140906363725662
val_T|T|s0,val_T|T|s0|m4,4,g0_after,frozen,3,-0.0005930662155151367
val_T|T|s0,val_T|T|s0|m4,4,g0_after,frozen,4,0.002269987016916275
val_T|T|s0,val_T|T|s0|m4,4,g24_before,frozen,0,-0.0009068711660802364
val_T|T|s0,val_T|T|s0|m4,4,g24_before,frozen,1,-0.0012926156632602215
val_T|T|s0,val_T|T|s0|m4,4,g24_before,frozen,2,0.00047258613631129265
val_T|T|s0,val_T|T|s0|m4,4,g24_before,frozen,3,0.0033784513361752033
val_T|T|s0,val_T|T|s0|m4,4,g24_before,frozen,4,0.005572098307311535
val_T|T|s0,val_T|T|s0|m4,4,g24_after,frozen,0,-0.0009126071818172932
val_T|T|s0,val_T|T|s0|m4,4,g24_after,frozen,1,-0.0010224306024610996
val_T|T|s0,val_T|T|s0|m4,4,g24_after,frozen,2,0.0007729888893663883
val_T|T|s0,val_T|T|s0|m4,4,g24_after,frozen,3,0.003653519321233034
val_T|T|s0,val_T|T|s0|m4,4,g24_after,frozen,4,0.006303616799414158
val_T|T|s0,val_T|T|s0|m4,4,g49_before,frozen,0,-0.0005542724393308163
val_T|T|s0,val_T|T|s0|m4,4,g49_before,frozen,1,0.0001089898869395256
val_T|T|s0,val_T|T|s0|m4,4,g49_before,frozen,2,0.0019780886359512806
val_T|T|s0,val_T|T|s0|m4,4,g49_before,frozen,3,0.006282681133598089
val_T|T|s0,val_T|T|s0|m4,4,g49_before,frozen,4,0.005546104162931442
val_T|T|s0,val_T|T|s0|m4,4,g49_after,frozen,0,-0.0005317819304764271
val_T|T|s0,val_T|T|s0|m4,4,g49_after,frozen,1,7.389206439256668e-05
val_T|T|s0,val_T|T|s0|m4,4,g49_after,frozen,2,0.0019227317534387112
val_T|T|s0,val_T|T|s0|m4,4,g49_after,frozen,3,0.006075507495552301
val_T|T|s0,val_T|T|s0|m4,4,g49_after,frozen,4,0.00575337465852499
val_T|T|s0,val_T|T|s0|m4,4,g74_before,frozen,0,-0.0004118499346077442
val_T|T|s0,val_T|T|s0|m4,4,g74_before,frozen,1,0.0004980927333235741
val_T|T|s0,val_T|T|s0|m4,4,g74_before,frozen,2,0.002427175175398588
val_T|T|s0,val_T|T|s0|m4,4,g74_before,frozen,3,0.005717919673770666
val_T|T|s0,val_T|T|s0|m4,4,g74_before,frozen,4,0.005614829249680042
val_T|T|s0,val_T|T|s0|m4,4,g74_after,frozen,0,-0.00041490374132990837
val_T|T|s0,val_T|T|s0|m4,4,g74_after,frozen,1,0.0005095833912491798
val_T|T|s0,val_T|T|s0|m4,4,g74_after,frozen,2,0.0024340013042092323
val_T|T|s0,val_T|T|s0|m4,4,g74_after,frozen,3,0.005726081319153309
val_T|T|s0,val_T|T|s0|m4,4,g74_after,frozen,4,0.005631363019347191
val_T|T|s0,val_T|T|s0|m4,4,g99_before,frozen,0,-0.0003873836249113083
val_T|T|s0,val_T|T|s0|m4,4,g99_before,frozen,1,0.0004704063758254051
val_T|T|s0,val_T|T|s0|m4,4,g99_before,frozen,2,0.002391866873949766
val_T|T|s0,val_T|T|s0|m4,4,g99_before,frozen,3,0.005683486349880695
val_T|T|s0,val_T|T|s0|m4,4,g99_before,frozen,4,0.006646840833127499
val_T|T|s0,val_T|T|s0|m4,4,g99_after,frozen,0,-0.00038737477734684944
val_T|T|s0,val_T|T|s0|m4,4,g99_after,frozen,1,0.00047039706259965897
val_T|T|s0,val_T|T|s0|m4,4,g99_after,frozen,2,0.0023918594233691692
val_T|T|s0,val_T|T|s0|m4,4,g99_after,frozen,3,0.00568348215892911
val_T|T|s0,val_T|T|s0|m4,4,g99_after,frozen,4,0.006646841764450073
val_T|T|s0,val_T|T|s0|m4,4,g0_before,predictor_official_shadow,0,-0.0016302410513162613
val_T|T|s0,val_T|T|s0|m4,4,g0_before,predictor_official_shadow,1,0.0008976850658655167
val_T|T|s0,val_T|T|s0|m4,4,g0_before,predictor_official_shadow,2,0.003769058734178543
val_T|T|s0,val_T|T|s0|m4,4,g0_before,predictor_official_shadow,3,0.006433852016925812
val_T|T|s0,val_T|T|s0|m4,4,g0_before,predictor_official_shadow,4,0.012951143085956573
val_T|T|s0,val_T|T|s0|m4,4,g0_after,predictor_official_shadow,0,-0.0067077092826366425
val_T|T|s0,val_T|T|s0|m4,4,g0_after,predictor_official_shadow,1,-0.0011772215366363525
val_T|T|s0,val_T|T|s0|m4,4,g0_after,predictor_official_shadow,2,0.004036273807287216
val_T|T|s0,val_T|T|s0|m4,4,g0_after,predictor_official_shadow,3,-0.003732055425643921
val_T|T|s0,val_T|T|s0|m4,4,g0_after,predictor_official_shadow,4,0.0005374960601329803
val_T|T|s0,val_T|T|s0|m4,4,g24_before,predictor_official_shadow,0,-0.0004638480022549629
val_T|T|s0,val_T|T|s0|m4,4,g24_before,predictor_official_shadow,1,-0.0007849689573049545
val_T|T|s0,val_T|T|s0|m4,4,g24_before,predictor_official_shadow,2,0.0006830794736742973
val_T|T|s0,val_T|T|s0|m4,4,g24_before,predictor_official_shadow,3,0.002835265826433897
val_T|T|s0,val_T|T|s0|m4,4,g24_before,predictor_official_shadow,4,0.005270613357424736
val_T|T|s0,val_T|T|s0|m4,4,g24_after,predictor_official_shadow,0,-0.00047800270840525627
val_T|T|s0,val_T|T|s0|m4,4,g24_after,predictor_official_shadow,1,-0.0005041160620748997
val_T|T|s0,val_T|T|s0|m4,4,g24_after,predictor_official_shadow,2,0.0009874561801552773
val_T|T|s0,val_T|T|s0|m4,4,g24_after,predictor_official_shadow,3,0.003104319330304861
val_T|T|s0,val_T|T|s0|m4,4,g24_after,predictor_official_shadow,4,0.006095455959439278
val_T|T|s0,val_T|T|s0|m4,4,g49_before,predictor_official_shadow,0,-0.0010487297549843788
val_T|T|s0,val_T|T|s0|m4,4,g49_before,predictor_official_shadow,1,0.0001941951923072338
val_T|T|s0,val_T|T|s0|m4,4,g49_before,predictor_official_shadow,2,0.001840327400714159
val_T|T|s0,val_T|T|s0|m4,4,g49_before,predictor_official_shadow,3,0.005425292532891035
val_T|T|s0,val_T|T|s0|m4,4,g49_before,predictor_official_shadow,4,0.00552335474640131
val_T|T|s0,val_T|T|s0|m4,4,g49_after,predictor_official_shadow,0,-0.0010347082279622555
val_T|T|s0,val_T|T|s0|m4,4,g49_after,predictor_official_shadow,1,0.00015058228746056557
val_T|T|s0,val_T|T|s0|m4,4,g49_after,predictor_official_shadow,2,0.0017806333489716053
val_T|T|s0,val_T|T|s0|m4,4,g49_after,predictor_official_shadow,3,0.005207504145801067
val_T|T|s0,val_T|T|s0|m4,4,g49_after,predictor_official_shadow,4,0.005714543163776398
val_T|T|s0,val_T|T|s0|m4,4,g74_before,predictor_official_shadow,0,-0.0013255830854177475
val_T|T|s0,val_T|T|s0|m4,4,g74_before,predictor_official_shadow,1,0.00026497943326830864
val_T|T|s0,val_T|T|s0|m4,4,g74_before,predictor_official_shadow,2,0.0021600439213216305
val_T|T|s0,val_T|T|s0|m4,4,g74_before,predictor_official_shadow,3,0.004868459887802601
val_T|T|s0,val_T|T|s0|m4,4,g74_before,predictor_official_shadow,4,0.005486931651830673
val_T|T|s0,val_T|T|s0|m4,4,g74_after,predictor_official_shadow,0,-0.0013310909271240234
val_T|T|s0,val_T|T|s0|m4,4,g74_after,predictor_official_shadow,1,0.0002783648669719696
val_T|T|s0,val_T|T|s0|m4,4,g74_after,predictor_official_shadow,2,0.002169601619243622
val_T|T|s0,val_T|T|s0|m4,4,g74_after,predictor_official_shadow,3,0.00487852655351162
val_T|T|s0,val_T|T|s0|m4,4,g74_after,predictor_official_shadow,4,0.005508461035788059
val_T|T|s0,val_T|T|s0|m4,4,g99_before,predictor_official_shadow,0,-0.0012658536434173584
val_T|T|s0,val_T|T|s0|m4,4,g99_before,predictor_official_shadow,1,0.0002636350691318512
val_T|T|s0,val_T|T|s0|m4,4,g99_before,predictor_official_shadow,2,0.002149275504052639
val_T|T|s0,val_T|T|s0|m4,4,g99_before,predictor_official_shadow,3,0.004850027151405811
val_T|T|s0,val_T|T|s0|m4,4,g99_before,predictor_official_shadow,4,0.0065384237095713615
val_T|T|s0,val_T|T|s0|m4,4,g99_after,predictor_official_shadow,0,-0.0012658718042075634
val_T|T|s0,val_T|T|s0|m4,4,g99_after,predictor_official_shadow,1,0.00026362016797065735
val_T|T|s0,val_T|T|s0|m4,4,g99_after,predictor_official_shadow,2,0.0021492638625204563
val_T|T|s0,val_T|T|s0|m4,4,g99_after,predictor_official_shadow,3,0.004850026220083237
val_T|T|s0,val_T|T|s0|m4,4,g99_after,predictor_official_shadow,4,0.006538420915603638
val_T|T|s1,val_T|T|s1|m2,2,g0_before,frozen,0,0.0002749059349298477
val_T|T|s1,val_T|T|s1|m2,2,g0_before,frozen,1,0.0008841799572110176
val_T|T|s1,val_T|T|s1|m2,2,g0_before,frozen,2,0.000405668281018734
val_T|T|s1,val_T|T|s1|m2,2,g0_before,frozen,3,0.0019860323518514633
val_T|T|s1,val_T|T|s1|m2,2,g0_before,frozen,4,-0.0015483498573303223
val_T|T|s1,val_T|T|s1|m2,2,g0_after,frozen,0,-6.138347089290619e-05
val_T|T|s1,val_T|T|s1|m2,2,g0_after,frozen,1,-0.0019000601023435593
val_T|T|s1,val_T|T|s1|m2,2,g0_after,frozen,2,0.0021619759500026703
val_T|T|s1,val_T|T|s1|m2,2,g0_after,frozen,3,0.0007205754518508911
val_T|T|s1,val_T|T|s1|m2,2,g0_after,frozen,4,-0.005947533994913101
val_T|T|s1,val_T|T|s1|m2,2,g24_before,frozen,0,-5.318364128470421e-05
val_T|T|s1,val_T|T|s1|m2,2,g24_before,frozen,1,8.51149670779705e-05
val_T|T|s1,val_T|T|s1|m2,2,g24_before,frozen,2,0.0006162393838167191
val_T|T|s1,val_T|T|s1|m2,2,g24_before,frozen,3,0.00022676074877381325
val_T|T|s1,val_T|T|s1|m2,2,g24_before,frozen,4,-0.001910568680614233
val_T|T|s1,val_T|T|s1|m2,2,g24_after,frozen,0,-0.00031117675825953484
val_T|T|s1,val_T|T|s1|m2,2,g24_after,frozen,1,0.0005193096585571766
val_T|T|s1,val_T|T|s1|m2,2,g24_after,frozen,2,0.0001382743939757347
val_T|T|s1,val_T|T|s1|m2,2,g24_after,frozen,3,-0.0002967389300465584
val_T|T|s1,val_T|T|s1|m2,2,g24_after,frozen,4,-0.0011831342708319426
val_T|T|s1,val_T|T|s1|m2,2,g49_before,frozen,0,0.00015992578119039536
val_T|T|s1,val_T|T|s1|m2,2,g49_before,frozen,1,0.0003297068178653717
val_T|T|s1,val_T|T|s1|m2,2,g49_before,frozen,2,0.0010224748402833939
val_T|T|s1,val_T|T|s1|m2,2,g49_before,frozen,3,0.000522298738360405
val_T|T|s1,val_T|T|s1|m2,2,g49_before,frozen,4,-0.0020763836801052094
val_T|T|s1,val_T|T|s1|m2,2,g49_after,frozen,0,0.00015692925080657005
val_T|T|s1,val_T|T|s1|m2,2,g49_after,frozen,1,0.0003227922134101391
val_T|T|s1,val_T|T|s1|m2,2,g49_after,frozen,2,0.0010457378812134266
val_T|T|s1,val_T|T|s1|m2,2,g49_after,frozen,3,0.0005391696467995644
val_T|T|s1,val_T|T|s1|m2,2,g49_after,frozen,4,-0.00273550464771688
val_T|T|s1,val_T|T|s1|m2,2,g74_before,frozen,0,0.00032513891346752644
val_T|T|s1,val_T|T|s1|m2,2,g74_before,frozen,1,0.0005297348834574223
val_T|T|s1,val_T|T|s1|m2,2,g74_before,frozen,2,0.0012600519694387913
val_T|T|s1,val_T|T|s1|m2,2,g74_before,frozen,3,0.00047753797844052315
val_T|T|s1,val_T|T|s1|m2,2,g74_before,frozen,4,-0.0009211120195686817
val_T|T|s1,val_T|T|s1|m2,2,g74_after,frozen,0,0.0003213339950889349
val_T|T|s1,val_T|T|s1|m2,2,g74_after,frozen,1,0.0005342620424926281
val_T|T|s1,val_T|T|s1|m2,2,g74_after,frozen,2,0.0012455382384359837
val_T|T|s1,val_T|T|s1|m2,2,g74_after,frozen,3,0.0004631411284208298
val_T|T|s1,val_T|T|s1|m2,2,g74_after,frozen,4,-0.0008979011327028275
val_T|T|s1,val_T|T|s1|m2,2,g99_before,frozen,0,0.0002985603641718626
val_T|T|s1,val_T|T|s1|m2,2,g99_before,frozen,1,0.00041664065793156624
val_T|T|s1,val_T|T|s1|m2,2,g99_before,frozen,2,0.0013868785463273525
val_T|T|s1,val_T|T|s1|m2,2,g99_before,frozen,3,0.000474350992590189
val_T|T|s1,val_T|T|s1|m2,2,g99_before,frozen,4,-0.0009461482986807823
val_T|T|s1,val_T|T|s1|m2,2,g99_after,frozen,0,0.0002985689789056778
val_T|T|s1,val_T|T|s1|m2,2,g99_after,frozen,1,0.00041664019227027893
val_T|T|s1,val_T|T|s1|m2,2,g99_after,frozen,2,0.001386911142617464
val_T|T|s1,val_T|T|s1|m2,2,g99_after,frozen,3,0.00047435052692890167
val_T|T|s1,val_T|T|s1|m2,2,g99_after,frozen,4,-0.0009461836889386177
val_T|T|s1,val_T|T|s1|m2,2,g0_before,predictor_official_shadow,0,-8.56257975101471e-06
val_T|T|s1,val_T|T|s1|m2,2,g0_before,predictor_official_shadow,1,0.0005239788442850113
val_T|T|s1,val_T|T|s1|m2,2,g0_before,predictor_official_shadow,2,-0.0002584671601653099
val_T|T|s1,val_T|T|s1|m2,2,g0_before,predictor_official_shadow,3,0.0012007011100649834
val_T|T|s1,val_T|T|s1|m2,2,g0_before,predictor_official_shadow,4,-0.0013573337346315384
val_T|T|s1,val_T|T|s1|m2,2,g0_after,predictor_official_shadow,0,-0.000461384654045105
val_T|T|s1,val_T|T|s1|m2,2,g0_after,predictor_official_shadow,1,-0.0018614642322063446
val_T|T|s1,val_T|T|s1|m2,2,g0_after,predictor_official_shadow,2,0.0013903789222240448
val_T|T|s1,val_T|T|s1|m2,2,g0_after,predictor_official_shadow,3,0.0004990287125110626
val_T|T|s1,val_T|T|s1|m2,2,g0_after,predictor_official_shadow,4,-0.0033812299370765686
val_T|T|s1,val_T|T|s1|m2,2,g24_before,predictor_official_shadow,0,-0.0005231583490967751
val_T|T|s1,val_T|T|s1|m2,2,g24_before,predictor_official_shadow,1,-0.0005451715551316738
val_T|T|s1,val_T|T|s1|m2,2,g24_before,predictor_official_shadow,2,0.00014958949759602547
val_T|T|s1,val_T|T|s1|m2,2,g24_before,predictor_official_shadow,3,-0.0002118065021932125
val_T|T|s1,val_T|T|s1|m2,2,g24_before,predictor_official_shadow,4,-0.0010913759469985962
val_T|T|s1,val_T|T|s1|m2,2,g24_after,predictor_official_shadow,0,-0.0009605069644749165
val_T|T|s1,val_T|T|s1|m2,2,g24_after,predictor_official_shadow,1,0.00023267511278390884
val_T|T|s1,val_T|T|s1|m2,2,g24_after,predictor_official_shadow,2,-0.0005672764964401722
val_T|T|s1,val_T|T|s1|m2,2,g24_after,predictor_official_shadow,3,-0.0010823346674442291
val_T|T|s1,val_T|T|s1|m2,2,g24_after,predictor_official_shadow,4,-0.0005413431208580732
val_T|T|s1,val_T|T|s1|m2,2,g49_before,predictor_official_shadow,0,-0.000279910396784544
val_T|T|s1,val_T|T|s1|m2,2,g49_before,predictor_official_shadow,1,-4.735402762889862e-05
val_T|T|s1,val_T|T|s1|m2,2,g49_before,predictor_official_shadow,2,0.00025593535974621773
val_T|T|s1,val_T|T|s1|m2,2,g49_before,predictor_official_shadow,3,0.0002694469876587391
val_T|T|s1,val_T|T|s1|m2,2,g49_before,predictor_official_shadow,4,-0.0009824885055422783
val_T|T|s1,val_T|T|s1|m2,2,g49_after,predictor_official_shadow,0,-0.00027889618650078773
val_T|T|s1,val_T|T|s1|m2,2,g49_after,predictor_official_shadow,1,-8.453615009784698e-05
val_T|T|s1,val_T|T|s1|m2,2,g49_after,predictor_official_shadow,2,0.0002868850715458393
val_T|T|s1,val_T|T|s1|m2,2,g49_after,predictor_official_shadow,3,0.00028890371322631836
val_T|T|s1,val_T|T|s1|m2,2,g49_after,predictor_official_shadow,4,-0.0016345621552318335
val_T|T|s1,val_T|T|s1|m2,2,g74_before,predictor_official_shadow,0,-0.00012395251542329788
val_T|T|s1,val_T|T|s1|m2,2,g74_before,predictor_official_shadow,1,0.0002171066589653492
val_T|T|s1,val_T|T|s1|m2,2,g74_before,predictor_official_shadow,2,0.0006177020259201527
val_T|T|s1,val_T|T|s1|m2,2,g74_before,predictor_official_shadow,3,0.00029529863968491554
val_T|T|s1,val_T|T|s1|m2,2,g74_before,predictor_official_shadow,4,0.00033085979521274567
val_T|T|s1,val_T|T|s1|m2,2,g74_after,predictor_official_shadow,0,-0.00013220775872468948
val_T|T|s1,val_T|T|s1|m2,2,g74_after,predictor_official_shadow,1,0.00020611053332686424
val_T|T|s1,val_T|T|s1|m2,2,g74_after,predictor_official_shadow,2,0.0006260862573981285
val_T|T|s1,val_T|T|s1|m2,2,g74_after,predictor_official_shadow,3,0.00026172539219260216
val_T|T|s1,val_T|T|s1|m2,2,g74_after,predictor_official_shadow,4,0.00035785743966698647
val_T|T|s1,val_T|T|s1|m2,2,g99_before,predictor_official_shadow,0,-0.00019038328900933266
val_T|T|s1,val_T|T|s1|m2,2,g99_before,predictor_official_shadow,1,0.0003700605593621731
val_T|T|s1,val_T|T|s1|m2,2,g99_before,predictor_official_shadow,2,0.0004666210152208805
val_T|T|s1,val_T|T|s1|m2,2,g99_before,predictor_official_shadow,3,0.00026213889941573143
val_T|T|s1,val_T|T|s1|m2,2,g99_before,predictor_official_shadow,4,0.00028557004407048225
val_T|T|s1,val_T|T|s1|m2,2,g99_after,predictor_official_shadow,0,-0.0001903679221868515
val_T|T|s1,val_T|T|s1|m2,2,g99_after,predictor_official_shadow,1,0.00037005916237831116
val_T|T|s1,val_T|T|s1|m2,2,g99_after,predictor_official_shadow,2,0.0004666638560593128
val_T|T|s1,val_T|T|s1|m2,2,g99_after,predictor_official_shadow,3,0.00026214495301246643
val_T|T|s1,val_T|T|s1|m2,2,g99_after,predictor_official_shadow,4,0.00028554443269968033
val_T|T|s1,val_T|T|s1|m4,4,g0_before,frozen,0,0.0007959324866533279
val_T|T|s1,val_T|T|s1|m4,4,g0_before,frozen,1,0.00011382997035980225
val_T|T|s1,val_T|T|s1|m4,4,g0_before,frozen,2,0.0005941297858953476
val_T|T|s1,val_T|T|s1|m4,4,g0_before,frozen,3,0.0039203595370054245
val_T|T|s1,val_T|T|s1|m4,4,g0_before,frozen,4,-0.0044204797595739365
val_T|T|s1,val_T|T|s1|m4,4,g0_after,frozen,0,-0.006158299744129181
val_T|T|s1,val_T|T|s1|m4,4,g0_after,frozen,1,-0.002474091947078705
val_T|T|s1,val_T|T|s1|m4,4,g0_after,frozen,2,-0.00603942945599556
val_T|T|s1,val_T|T|s1|m4,4,g0_after,frozen,3,-0.004953503608703613
val_T|T|s1,val_T|T|s1|m4,4,g0_after,frozen,4,-0.005540588870644569
val_T|T|s1,val_T|T|s1|m4,4,g24_before,frozen,0,0.0007240874692797661
val_T|T|s1,val_T|T|s1|m4,4,g24_before,frozen,1,0.0013599926605820656
val_T|T|s1,val_T|T|s1|m4,4,g24_before,frozen,2,0.001766442321240902
val_T|T|s1,val_T|T|s1|m4,4,g24_before,frozen,3,0.002712719142436981
val_T|T|s1,val_T|T|s1|m4,4,g24_before,frozen,4,-0.001897186040878296
val_T|T|s1,val_T|T|s1|m4,4,g24_after,frozen,0,0.0007501561194658279
val_T|T|s1,val_T|T|s1|m4,4,g24_after,frozen,1,0.0013270685449242592
val_T|T|s1,val_T|T|s1|m4,4,g24_after,frozen,2,0.0022070063278079033
val_T|T|s1,val_T|T|s1|m4,4,g24_after,frozen,3,0.0036453809589147568
val_T|T|s1,val_T|T|s1|m4,4,g24_after,frozen,4,-0.003134460188448429
val_T|T|s1,val_T|T|s1|m4,4,g49_before,frozen,0,0.00046263448894023895
val_T|T|s1,val_T|T|s1|m4,4,g49_before,frozen,1,0.0005099535919725895
val_T|T|s1,val_T|T|s1|m4,4,g49_before,frozen,2,0.0011241580359637737
val_T|T|s1,val_T|T|s1|m4,4,g49_before,frozen,3,0.0030001578852534294
val_T|T|s1,val_T|T|s1|m4,4,g49_before,frozen,4,-0.003910675644874573
val_T|T|s1,val_T|T|s1|m4,4,g49_after,frozen,0,0.0004750075750052929
val_T|T|s1,val_T|T|s1|m4,4,g49_after,frozen,1,0.0005276026204228401
val_T|T|s1,val_T|T|s1|m4,4,g49_after,frozen,2,0.0011291508562862873
val_T|T|s1,val_T|T|s1|m4,4,g49_after,frozen,3,0.0026559499092400074
val_T|T|s1,val_T|T|s1|m4,4,g49_after,frozen,4,-0.003623263444751501
val_T|T|s1,val_T|T|s1|m4,4,g74_before,frozen,0,0.000211457721889019
val_T|T|s1,val_T|T|s1|m4,4,g74_before,frozen,1,0.00015053432434797287
val_T|T|s1,val_T|T|s1|m4,4,g74_before,frozen,2,0.0005798586644232273
val_T|T|s1,val_T|T|s1|m4,4,g74_before,frozen,3,0.000992331188172102
val_T|T|s1,val_T|T|s1|m4,4,g74_before,frozen,4,-0.0005603563040494919
val_T|T|s1,val_T|T|s1|m4,4,g74_after,frozen,0,0.00021712156012654305
val_T|T|s1,val_T|T|s1|m4,4,g74_after,frozen,1,0.00015652459114789963
val_T|T|s1,val_T|T|s1|m4,4,g74_after,frozen,2,0.0005869190208613873
val_T|T|s1,val_T|T|s1|m4,4,g74_after,frozen,3,0.0009944974444806576
val_T|T|s1,val_T|T|s1|m4,4,g74_after,frozen,4,-0.0005714064463973045
val_T|T|s1,val_T|T|s1|m4,4,g99_before,frozen,0,0.00027655111625790596
val_T|T|s1,val_T|T|s1|m4,4,g99_before,frozen,1,0.00021505402401089668
val_T|T|s1,val_T|T|s1|m4,4,g99_before,frozen,2,0.0006544347852468491
val_T|T|s1,val_T|T|s1|m4,4,g99_before,frozen,3,0.001008159015327692
val_T|T|s1,val_T|T|s1|m4,4,g99_before,frozen,4,-0.0011076657101511955
val_T|T|s1,val_T|T|s1|m4,4,g99_after,frozen,0,0.0002765422686934471
val_T|T|s1,val_T|T|s1|m4,4,g99_after,frozen,1,0.000215048436075449
val_T|T|s1,val_T|T|s1|m4,4,g99_after,frozen,2,0.0006544291973114014
val_T|T|s1,val_T|T|s1|m4,4,g99_after,frozen,3,0.0010081636719405651
val_T|T|s1,val_T|T|s1|m4,4,g99_after,frozen,4,-0.0011076699011027813
val_T|T|s1,val_T|T|s1|m4,4,g0_before,predictor_official_shadow,0,-0.0011157430708408356
val_T|T|s1,val_T|T|s1|m4,4,g0_before,predictor_official_shadow,1,-0.0028769951313734055
val_T|T|s1,val_T|T|s1|m4,4,g0_before,predictor_official_shadow,2,-0.001797976903617382
val_T|T|s1,val_T|T|s1|m4,4,g0_before,predictor_official_shadow,3,0.0017583156004548073
val_T|T|s1,val_T|T|s1|m4,4,g0_before,predictor_official_shadow,4,-0.0031013712286949158
val_T|T|s1,val_T|T|s1|m4,4,g0_after,predictor_official_shadow,0,-0.0008556246757507324
val_T|T|s1,val_T|T|s1|m4,4,g0_after,predictor_official_shadow,1,0.0009965747594833374
val_T|T|s1,val_T|T|s1|m4,4,g0_after,predictor_official_shadow,2,-0.0023149121552705765
val_T|T|s1,val_T|T|s1|m4,4,g0_after,predictor_official_shadow,3,-0.0017863679677248001
val_T|T|s1,val_T|T|s1|m4,4,g0_after,predictor_official_shadow,4,-0.0007622595876455307
val_T|T|s1,val_T|T|s1|m4,4,g24_before,predictor_official_shadow,0,-0.0021047601476311684
val_T|T|s1,val_T|T|s1|m4,4,g24_before,predictor_official_shadow,1,-0.0011810725554823875
val_T|T|s1,val_T|T|s1|m4,4,g24_before,predictor_official_shadow,2,-0.0014459677040576935
val_T|T|s1,val_T|T|s1|m4,4,g24_before,predictor_official_shadow,3,-6.800424307584763e-05
val_T|T|s1,val_T|T|s1|m4,4,g24_before,predictor_official_shadow,4,-0.0013128342106938362
val_T|T|s1,val_T|T|s1|m4,4,g24_after,predictor_official_shadow,0,-0.002577211707830429
val_T|T|s1,val_T|T|s1|m4,4,g24_after,predictor_official_shadow,1,-0.0018449127674102783
val_T|T|s1,val_T|T|s1|m4,4,g24_after,predictor_official_shadow,2,-0.0009921686723828316
val_T|T|s1,val_T|T|s1|m4,4,g24_after,predictor_official_shadow,3,0.0006828270852565765
val_T|T|s1,val_T|T|s1|m4,4,g24_after,predictor_official_shadow,4,-0.0026701176539063454
val_T|T|s1,val_T|T|s1|m4,4,g49_before,predictor_official_shadow,0,-0.0015122825279831886
val_T|T|s1,val_T|T|s1|m4,4,g49_before,predictor_official_shadow,1,-0.0017223907634615898
val_T|T|s1,val_T|T|s1|m4,4,g49_before,predictor_official_shadow,2,-0.0014588246122002602
val_T|T|s1,val_T|T|s1|m4,4,g49_before,predictor_official_shadow,3,0.000641639344394207
val_T|T|s1,val_T|T|s1|m4,4,g49_before,predictor_official_shadow,4,-0.002834359183907509
val_T|T|s1,val_T|T|s1|m4,4,g49_after,predictor_official_shadow,0,-0.0015120767056941986
val_T|T|s1,val_T|T|s1|m4,4,g49_after,predictor_official_shadow,1,-0.001700148917734623
val_T|T|s1,val_T|T|s1|m4,4,g49_after,predictor_official_shadow,2,-0.0014656949788331985
val_T|T|s1,val_T|T|s1|m4,4,g49_after,predictor_official_shadow,3,0.00027202535420656204
val_T|T|s1,val_T|T|s1|m4,4,g49_after,predictor_official_shadow,4,-0.002563720103353262
val_T|T|s1,val_T|T|s1|m4,4,g74_before,predictor_official_shadow,0,-0.0013536065816879272
val_T|T|s1,val_T|T|s1|m4,4,g74_before,predictor_official_shadow,1,-0.0018015382811427116
val_T|T|s1,val_T|T|s1|m4,4,g74_before,predictor_official_shadow,2,-0.0015303702093660831
val_T|T|s1,val_T|T|s1|m4,4,g74_before,predictor_official_shadow,3,-0.0006833546794950962
val_T|T|s1,val_T|T|s1|m4,4,g74_before,predictor_official_shadow,4,0.0002367999404668808
val_T|T|s1,val_T|T|s1|m4,4,g74_after,predictor_official_shadow,0,-0.0013536931946873665
val_T|T|s1,val_T|T|s1|m4,4,g74_after,predictor_official_shadow,1,-0.0018033916130661964
val_T|T|s1,val_T|T|s1|m4,4,g74_after,predictor_official_shadow,2,-0.001530907116830349
val_T|T|s1,val_T|T|s1|m4,4,g74_after,predictor_official_shadow,3,-0.0006873011589050293
val_T|T|s1,val_T|T|s1|m4,4,g74_after,predictor_official_shadow,4,0.00022234441712498665
val_T|T|s1,val_T|T|s1|m4,4,g99_before,predictor_official_shadow,0,-0.001365666277706623
val_T|T|s1,val_T|T|s1|m4,4,g99_before,predictor_official_shadow,1,-0.001829853281378746
val_T|T|s1,val_T|T|s1|m4,4,g99_before,predictor_official_shadow,2,-0.0015412308275699615
val_T|T|s1,val_T|T|s1|m4,4,g99_before,predictor_official_shadow,3,-0.0007318342104554176
val_T|T|s1,val_T|T|s1|m4,4,g99_before,predictor_official_shadow,4,-0.00034246593713760376
val_T|T|s1,val_T|T|s1|m4,4,g99_after,predictor_official_shadow,0,-0.0013656457886099815
val_T|T|s1,val_T|T|s1|m4,4,g99_after,predictor_official_shadow,1,-0.0018298309296369553
val_T|T|s1,val_T|T|s1|m4,4,g99_after,predictor_official_shadow,2,-0.0015412075445055962
val_T|T|s1,val_T|T|s1|m4,4,g99_after,predictor_official_shadow,3,-0.0007318267598748207
val_T|T|s1,val_T|T|s1|m4,4,g99_after,predictor_official_shadow,4,-0.00034246593713760376
val_T|T|s2,val_T|T|s2|m2,2,g0_before,frozen,0,0.0034867115318775177
val_T|T|s2,val_T|T|s2|m2,2,g0_before,frozen,1,0.000669475644826889
val_T|T|s2,val_T|T|s2|m2,2,g0_before,frozen,2,0.0012782812118530273
val_T|T|s2,val_T|T|s2|m2,2,g0_before,frozen,3,-0.003109356388449669
val_T|T|s2,val_T|T|s2|m2,2,g0_before,frozen,4,0.0011588037014007568
val_T|T|s2,val_T|T|s2|m2,2,g0_after,frozen,0,0.0011673085391521454
val_T|T|s2,val_T|T|s2|m2,2,g0_after,frozen,1,-0.022957831621170044
val_T|T|s2,val_T|T|s2|m2,2,g0_after,frozen,2,0.0022111404687166214
val_T|T|s2,val_T|T|s2|m2,2,g0_after,frozen,3,0.0052297767251729965
val_T|T|s2,val_T|T|s2|m2,2,g0_after,frozen,4,-0.009895458817481995
val_T|T|s2,val_T|T|s2|m2,2,g24_before,frozen,0,0.00611861702054739
val_T|T|s2,val_T|T|s2|m2,2,g24_before,frozen,1,-0.0018540769815444946
val_T|T|s2,val_T|T|s2|m2,2,g24_before,frozen,2,0.0023545483127236366
val_T|T|s2,val_T|T|s2|m2,2,g24_before,frozen,3,-0.004180830903351307
val_T|T|s2,val_T|T|s2|m2,2,g24_before,frozen,4,0.011208908632397652
val_T|T|s2,val_T|T|s2|m2,2,g24_after,frozen,0,0.005976160056889057
val_T|T|s2,val_T|T|s2|m2,2,g24_after,frozen,1,-0.0019701002165675163
val_T|T|s2,val_T|T|s2|m2,2,g24_after,frozen,2,0.0037353839725255966
val_T|T|s2,val_T|T|s2|m2,2,g24_after,frozen,3,-0.0035392334684729576
val_T|T|s2,val_T|T|s2|m2,2,g24_after,frozen,4,0.00824503879994154
val_T|T|s2,val_T|T|s2|m2,2,g49_before,frozen,0,0.0053015234880149364
val_T|T|s2,val_T|T|s2|m2,2,g49_before,frozen,1,-0.0018030637875199318
val_T|T|s2,val_T|T|s2|m2,2,g49_before,frozen,2,0.0009780731052160263
val_T|T|s2,val_T|T|s2|m2,2,g49_before,frozen,3,-0.0017029624432325363
val_T|T|s2,val_T|T|s2|m2,2,g49_before,frozen,4,0.006965388543903828
val_T|T|s2,val_T|T|s2|m2,2,g49_after,frozen,0,0.005178994033485651
val_T|T|s2,val_T|T|s2|m2,2,g49_after,frozen,1,-0.001725238747894764
val_T|T|s2,val_T|T|s2|m2,2,g49_after,frozen,2,0.0009075868874788284
val_T|T|s2,val_T|T|s2|m2,2,g49_after,frozen,3,-0.001622864045202732
val_T|T|s2,val_T|T|s2|m2,2,g49_after,frozen,4,0.006688297726213932
val_T|T|s2,val_T|T|s2|m2,2,g74_before,frozen,0,0.004286950454115868
val_T|T|s2,val_T|T|s2|m2,2,g74_before,frozen,1,-0.002429552376270294
val_T|T|s2,val_T|T|s2|m2,2,g74_before,frozen,2,0.0012311600148677826
val_T|T|s2,val_T|T|s2|m2,2,g74_before,frozen,3,-0.0016471766866743565
val_T|T|s2,val_T|T|s2|m2,2,g74_before,frozen,4,0.006297818850725889
val_T|T|s2,val_T|T|s2|m2,2,g74_after,frozen,0,0.004301704932004213
val_T|T|s2,val_T|T|s2|m2,2,g74_after,frozen,1,-0.0024376818910241127
val_T|T|s2,val_T|T|s2|m2,2,g74_after,frozen,2,0.0012306375429034233
val_T|T|s2,val_T|T|s2|m2,2,g74_after,frozen,3,-0.001648581586778164
val_T|T|s2,val_T|T|s2|m2,2,g74_after,frozen,4,0.006565744988620281
val_T|T|s2,val_T|T|s2|m2,2,g99_before,frozen,0,0.004528769291937351
val_T|T|s2,val_T|T|s2|m2,2,g99_before,frozen,1,-0.0026207398623228073
val_T|T|s2,val_T|T|s2|m2,2,g99_before,frozen,2,0.001397005282342434
val_T|T|s2,val_T|T|s2|m2,2,g99_before,frozen,3,-0.0016867509111762047
val_T|T|s2,val_T|T|s2|m2,2,g99_before,frozen,4,0.007821018807590008
val_T|T|s2,val_T|T|s2|m2,2,g99_after,frozen,0,0.0045287273824214935
val_T|T|s2,val_T|T|s2|m2,2,g99_after,frozen,1,-0.002620737999677658
val_T|T|s2,val_T|T|s2|m2,2,g99_after,frozen,2,0.0013970034196972847
val_T|T|s2,val_T|T|s2|m2,2,g99_after,frozen,3,-0.0016867220401763916
val_T|T|s2,val_T|T|s2|m2,2,g99_after,frozen,4,0.007821028120815754
val_T|T|s2,val_T|T|s2|m2,2,g0_before,predictor_official_shadow,0,0.004263285547494888
val_T|T|s2,val_T|T|s2|m2,2,g0_before,predictor_official_shadow,1,0.00034961476922035217
val_T|T|s2,val_T|T|s2|m2,2,g0_before,predictor_official_shadow,2,0.0016342028975486755
val_T|T|s2,val_T|T|s2|m2,2,g0_before,predictor_official_shadow,3,-0.0028784535825252533
val_T|T|s2,val_T|T|s2|m2,2,g0_before,predictor_official_shadow,4,0.0019841808825731277
val_T|T|s2,val_T|T|s2|m2,2,g0_after,predictor_official_shadow,0,-0.0009179152548313141
val_T|T|s2,val_T|T|s2|m2,2,g0_after,predictor_official_shadow,1,-0.02597188390791416
val_T|T|s2,val_T|T|s2|m2,2,g0_after,predictor_official_shadow,2,0.0017960555851459503
val_T|T|s2,val_T|T|s2|m2,2,g0_after,predictor_official_shadow,3,0.005141755566000938
val_T|T|s2,val_T|T|s2|m2,2,g0_after,predictor_official_shadow,4,-0.009325683116912842
val_T|T|s2,val_T|T|s2|m2,2,g24_before,predictor_official_shadow,0,0.00688068987801671
val_T|T|s2,val_T|T|s2|m2,2,g24_before,predictor_official_shadow,1,-0.0027594799175858498
val_T|T|s2,val_T|T|s2|m2,2,g24_before,predictor_official_shadow,2,0.002108899876475334
val_T|T|s2,val_T|T|s2|m2,2,g24_before,predictor_official_shadow,3,-0.003910924308001995
val_T|T|s2,val_T|T|s2|m2,2,g24_before,predictor_official_shadow,4,0.011221722699701786
val_T|T|s2,val_T|T|s2|m2,2,g24_after,predictor_official_shadow,0,0.007086936384439468
val_T|T|s2,val_T|T|s2|m2,2,g24_after,predictor_official_shadow,1,-0.0028315354138612747
val_T|T|s2,val_T|T|s2|m2,2,g24_after,predictor_official_shadow,2,0.0035757627338171005
val_T|T|s2,val_T|T|s2|m2,2,g24_after,predictor_official_shadow,3,-0.0032322974875569344
val_T|T|s2,val_T|T|s2|m2,2,g24_after,predictor_official_shadow,4,0.008260494098067284
val_T|T|s2,val_T|T|s2|m2,2,g49_before,predictor_official_shadow,0,0.006163697689771652
val_T|T|s2,val_T|T|s2|m2,2,g49_before,predictor_official_shadow,1,-0.002914498560130596
val_T|T|s2,val_T|T|s2|m2,2,g49_before,predictor_official_shadow,2,0.000662362203001976
val_T|T|s2,val_T|T|s2|m2,2,g49_before,predictor_official_shadow,3,-0.0014635492116212845
val_T|T|s2,val_T|T|s2|m2,2,g49_before,predictor_official_shadow,4,0.007067576050758362
val_T|T|s2,val_T|T|s2|m2,2,g49_after,predictor_official_shadow,0,0.006076263263821602
val_T|T|s2,val_T|T|s2|m2,2,g49_after,predictor_official_shadow,1,-0.002813253551721573
val_T|T|s2,val_T|T|s2|m2,2,g49_after,predictor_official_shadow,2,0.0005979668349027634
val_T|T|s2,val_T|T|s2|m2,2,g49_after,predictor_official_shadow,3,-0.0013835998252034187
val_T|T|s2,val_T|T|s2|m2,2,g49_after,predictor_official_shadow,4,0.006794188171625137
val_T|T|s2,val_T|T|s2|m2,2,g74_before,predictor_official_shadow,0,0.004886632319539785
val_T|T|s2,val_T|T|s2|m2,2,g74_before,predictor_official_shadow,1,-0.0034664422273635864
val_T|T|s2,val_T|T|s2|m2,2,g74_before,predictor_official_shadow,2,0.0008698366582393646
val_T|T|s2,val_T|T|s2|m2,2,g74_before,predictor_official_shadow,3,-0.0014620628207921982
val_T|T|s2,val_T|T|s2|m2,2,g74_before,predictor_official_shadow,4,0.0064107803627848625
val_T|T|s2,val_T|T|s2|m2,2,g74_after,predictor_official_shadow,0,0.004900016821920872
val_T|T|s2,val_T|T|s2|m2,2,g74_after,predictor_official_shadow,1,-0.003474254161119461
val_T|T|s2,val_T|T|s2|m2,2,g74_after,predictor_official_shadow,2,0.0008690822869539261
val_T|T|s2,val_T|T|s2|m2,2,g74_after,predictor_official_shadow,3,-0.001463552936911583
val_T|T|s2,val_T|T|s2|m2,2,g74_after,predictor_official_shadow,4,0.0066779498010873795
val_T|T|s2,val_T|T|s2|m2,2,g99_before,predictor_official_shadow,0,0.005221071187406778
val_T|T|s2,val_T|T|s2|m2,2,g99_before,predictor_official_shadow,1,-0.0036791404709219933
val_T|T|s2,val_T|T|s2|m2,2,g99_before,predictor_official_shadow,2,0.0010401709005236626
val_T|T|s2,val_T|T|s2|m2,2,g99_before,predictor_official_shadow,3,-0.001491666305810213
val_T|T|s2,val_T|T|s2|m2,2,g99_before,predictor_official_shadow,4,0.007925839629024267
val_T|T|s2,val_T|T|s2|m2,2,g99_after,predictor_official_shadow,0,0.005221016239374876
val_T|T|s2,val_T|T|s2|m2,2,g99_after,predictor_official_shadow,1,-0.0036791395395994186
val_T|T|s2,val_T|T|s2|m2,2,g99_after,predictor_official_shadow,2,0.0010401662439107895
val_T|T|s2,val_T|T|s2|m2,2,g99_after,predictor_official_shadow,3,-0.001491638831794262
val_T|T|s2,val_T|T|s2|m2,2,g99_after,predictor_official_shadow,4,0.007925848476588726
val_T|T|s2,val_T|T|s2|m4,4,g0_before,frozen,0,0.0023247897624969482
val_T|T|s2,val_T|T|s2|m4,4,g0_before,frozen,1,-0.0029819421470165253
val_T|T|s2,val_T|T|s2|m4,4,g0_before,frozen,2,-0.0007232539355754852
val_T|T|s2,val_T|T|s2|m4,4,g0_before,frozen,3,0.0007273312658071518
val_T|T|s2,val_T|T|s2|m4,4,g0_before,frozen,4,0.0014844946563243866
val_T|T|s2,val_T|T|s2|m4,4,g0_after,frozen,0,-0.012249208986759186
val_T|T|s2,val_T|T|s2|m4,4,g0_after,frozen,1,0.006802096962928772
val_T|T|s2,val_T|T|s2|m4,4,g0_after,frozen,2,0.0023699533194303513
val_T|T|s2,val_T|T|s2|m4,4,g0_after,frozen,3,-0.000279206782579422
val_T|T|s2,val_T|T|s2|m4,4,g0_after,frozen,4,0.008164675906300545
val_T|T|s2,val_T|T|s2|m4,4,g24_before,frozen,0,0.0007928735576570034
val_T|T|s2,val_T|T|s2|m4,4,g24_before,frozen,1,0.0010584751144051552
val_T|T|s2,val_T|T|s2|m4,4,g24_before,frozen,2,0.01482984609901905
val_T|T|s2,val_T|T|s2|m4,4,g24_before,frozen,3,0.0072800517082214355
val_T|T|s2,val_T|T|s2|m4,4,g24_before,frozen,4,0.0006347000598907471
val_T|T|s2,val_T|T|s2|m4,4,g24_after,frozen,0,0.0009609293192625046
val_T|T|s2,val_T|T|s2|m4,4,g24_after,frozen,1,0.00017755664885044098
val_T|T|s2,val_T|T|s2|m4,4,g24_after,frozen,2,0.014318009838461876
val_T|T|s2,val_T|T|s2|m4,4,g24_after,frozen,3,0.003001520410180092
val_T|T|s2,val_T|T|s2|m4,4,g24_after,frozen,4,0.005572464317083359
val_T|T|s2,val_T|T|s2|m4,4,g49_before,frozen,0,0.0018242420628666878
val_T|T|s2,val_T|T|s2|m4,4,g49_before,frozen,1,-0.0004415181465446949
val_T|T|s2,val_T|T|s2|m4,4,g49_before,frozen,2,0.011234857607632875
val_T|T|s2,val_T|T|s2|m4,4,g49_before,frozen,3,0.0050447434186935425
val_T|T|s2,val_T|T|s2|m4,4,g49_before,frozen,4,0.0027782339602708817
val_T|T|s2,val_T|T|s2|m4,4,g49_after,frozen,0,0.0017175893299281597
val_T|T|s2,val_T|T|s2|m4,4,g49_after,frozen,1,-0.0005215257406234741
val_T|T|s2,val_T|T|s2|m4,4,g49_after,frozen,2,0.010366883128881454
val_T|T|s2,val_T|T|s2|m4,4,g49_after,frozen,3,0.005131775513291359
val_T|T|s2,val_T|T|s2|m4,4,g49_after,frozen,4,0.0032273195683956146
val_T|T|s2,val_T|T|s2|m4,4,g74_before,frozen,0,0.0017604497261345387
val_T|T|s2,val_T|T|s2|m4,4,g74_before,frozen,1,-0.00046835513785481453
val_T|T|s2,val_T|T|s2|m4,4,g74_before,frozen,2,0.012724830769002438
val_T|T|s2,val_T|T|s2|m4,4,g74_before,frozen,3,0.0048308465629816055
val_T|T|s2,val_T|T|s2|m4,4,g74_before,frozen,4,0.004431296139955521
val_T|T|s2,val_T|T|s2|m4,4,g74_after,frozen,0,0.0017680726014077663
val_T|T|s2,val_T|T|s2|m4,4,g74_after,frozen,1,-0.00046071503311395645
val_T|T|s2,val_T|T|s2|m4,4,g74_after,frozen,2,0.012748594395816326
val_T|T|s2,val_T|T|s2|m4,4,g74_after,frozen,3,0.004805581644177437
val_T|T|s2,val_T|T|s2|m4,4,g74_after,frozen,4,0.0034073442220687866
val_T|T|s2,val_T|T|s2|m4,4,g99_before,frozen,0,0.0023585204035043716
val_T|T|s2,val_T|T|s2|m4,4,g99_before,frozen,1,-0.0010974840261042118
val_T|T|s2,val_T|T|s2|m4,4,g99_before,frozen,2,0.011340307537466288
val_T|T|s2,val_T|T|s2|m4,4,g99_before,frozen,3,0.005809567868709564
val_T|T|s2,val_T|T|s2|m4,4,g99_before,frozen,4,0.004124149680137634
val_T|T|s2,val_T|T|s2|m4,4,g99_after,frozen,0,0.002358495257794857
val_T|T|s2,val_T|T|s2|m4,4,g99_after,frozen,1,-0.0010974393226206303
val_T|T|s2,val_T|T|s2|m4,4,g99_after,frozen,2,0.01134036062285304
val_T|T|s2,val_T|T|s2|m4,4,g99_after,frozen,3,0.0058095213025808334
val_T|T|s2,val_T|T|s2|m4,4,g99_after,frozen,4,0.0041241273283958435
val_T|T|s2,val_T|T|s2|m4,4,g0_before,predictor_official_shadow,0,0.002765914425253868
val_T|T|s2,val_T|T|s2|m4,4,g0_before,predictor_official_shadow,1,-0.004639295861124992
val_T|T|s2,val_T|T|s2|m4,4,g0_before,predictor_official_shadow,2,-0.0008796863257884979
val_T|T|s2,val_T|T|s2|m4,4,g0_before,predictor_official_shadow,3,0.000860355794429779
val_T|T|s2,val_T|T|s2|m4,4,g0_before,predictor_official_shadow,4,0.00080898217856884
val_T|T|s2,val_T|T|s2|m4,4,g0_after,predictor_official_shadow,0,-0.009790902957320213
val_T|T|s2,val_T|T|s2|m4,4,g0_after,predictor_official_shadow,1,0.005815137177705765
val_T|T|s2,val_T|T|s2|m4,4,g0_after,predictor_official_shadow,2,0.003179529681801796
val_T|T|s2,val_T|T|s2|m4,4,g0_after,predictor_official_shadow,3,0.0006211921572685242
val_T|T|s2,val_T|T|s2|m4,4,g0_after,predictor_official_shadow,4,0.0075578466057777405
val_T|T|s2,val_T|T|s2|m4,4,g24_before,predictor_official_shadow,0,0.0015484858304262161
val_T|T|s2,val_T|T|s2|m4,4,g24_before,predictor_official_shadow,1,-0.000456138513982296
val_T|T|s2,val_T|T|s2|m4,4,g24_before,predictor_official_shadow,2,0.015338079072535038
val_T|T|s2,val_T|T|s2|m4,4,g24_before,predictor_official_shadow,3,0.007085908204317093
val_T|T|s2,val_T|T|s2|m4,4,g24_before,predictor_official_shadow,4,0.0003415718674659729
val_T|T|s2,val_T|T|s2|m4,4,g24_after,predictor_official_shadow,0,0.0013271914795041084
val_T|T|s2,val_T|T|s2|m4,4,g24_after,predictor_official_shadow,1,-0.0016146432608366013
val_T|T|s2,val_T|T|s2|m4,4,g24_after,predictor_official_shadow,2,0.014684640802443027
val_T|T|s2,val_T|T|s2|m4,4,g24_after,predictor_official_shadow,3,0.002859426662325859
val_T|T|s2,val_T|T|s2|m4,4,g24_after,predictor_official_shadow,4,0.005106450989842415
val_T|T|s2,val_T|T|s2|m4,4,g49_before,predictor_official_shadow,0,0.002157527022063732
val_T|T|s2,val_T|T|s2|m4,4,g49_before,predictor_official_shadow,1,-0.001976453699171543
val_T|T|s2,val_T|T|s2|m4,4,g49_before,predictor_official_shadow,2,0.011726362630724907
val_T|T|s2,val_T|T|s2|m4,4,g49_before,predictor_official_shadow,3,0.004798173904418945
val_T|T|s2,val_T|T|s2|m4,4,g49_before,predictor_official_shadow,4,0.0024386439472436905
val_T|T|s2,val_T|T|s2|m4,4,g49_after,predictor_official_shadow,0,0.0019828490912914276
val_T|T|s2,val_T|T|s2|m4,4,g49_after,predictor_official_shadow,1,-0.0020635253749787807
val_T|T|s2,val_T|T|s2|m4,4,g49_after,predictor_official_shadow,2,0.010815047193318605
val_T|T|s2,val_T|T|s2|m4,4,g49_after,predictor_official_shadow,3,0.004976905882358551
val_T|T|s2,val_T|T|s2|m4,4,g49_after,predictor_official_shadow,4,0.0028396546840667725
val_T|T|s2,val_T|T|s2|m4,4,g74_before,predictor_official_shadow,0,0.001997839193791151
val_T|T|s2,val_T|T|s2|m4,4,g74_before,predictor_official_shadow,1,-0.0017463448457419872
val_T|T|s2,val_T|T|s2|m4,4,g74_before,predictor_official_shadow,2,0.013277883175760508
val_T|T|s2,val_T|T|s2|m4,4,g74_before,predictor_official_shadow,3,0.004539052024483681
val_T|T|s2,val_T|T|s2|m4,4,g74_before,predictor_official_shadow,4,0.0041129570454359055
val_T|T|s2,val_T|T|s2|m4,4,g74_after,predictor_official_shadow,0,0.0020141047425568104
val_T|T|s2,val_T|T|s2|m4,4,g74_after,predictor_official_shadow,1,-0.0017332825809717178
val_T|T|s2,val_T|T|s2|m4,4,g74_after,predictor_official_shadow,2,0.013308032415807247
val_T|T|s2,val_T|T|s2|m4,4,g74_after,predictor_official_shadow,3,0.004517177119851112
val_T|T|s2,val_T|T|s2|m4,4,g74_after,predictor_official_shadow,4,0.0030915047973394394
val_T|T|s2,val_T|T|s2|m4,4,g99_before,predictor_official_shadow,0,0.0026136059314012527
val_T|T|s2,val_T|T|s2|m4,4,g99_before,predictor_official_shadow,1,-0.002387142274528742
val_T|T|s2,val_T|T|s2|m4,4,g99_before,predictor_official_shadow,2,0.011870296206325293
val_T|T|s2,val_T|T|s2|m4,4,g99_before,predictor_official_shadow,3,0.005522813647985458
val_T|T|s2,val_T|T|s2|m4,4,g99_before,predictor_official_shadow,4,0.0037976857274770737
val_T|T|s2,val_T|T|s2|m4,4,g99_after,predictor_official_shadow,0,0.0026136054657399654
val_T|T|s2,val_T|T|s2|m4,4,g99_after,predictor_official_shadow,1,-0.002387105952948332
val_T|T|s2,val_T|T|s2|m4,4,g99_after,predictor_official_shadow,2,0.011870345566421747
val_T|T|s2,val_T|T|s2|m4,4,g99_after,predictor_official_shadow,3,0.005522795021533966
val_T|T|s2,val_T|T|s2|m4,4,g99_after,predictor_official_shadow,4,0.0037976596504449844
val_L|L|s0,val_L|L|s0|m2,2,g0_before,frozen,0,0.0007096119225025177
val_L|L|s0,val_L|L|s0|m2,2,g0_before,frozen,1,0.0012373961508274078
val_L|L|s0,val_L|L|s0|m2,2,g0_before,frozen,2,0.001722034066915512
val_L|L|s0,val_L|L|s0|m2,2,g0_before,frozen,3,0.0010090414434671402
val_L|L|s0,val_L|L|s0|m2,2,g0_before,frozen,4,0.00034913234412670135
val_L|L|s0,val_L|L|s0|m2,2,g0_after,frozen,0,0.016310006380081177
val_L|L|s0,val_L|L|s0|m2,2,g0_after,frozen,1,-0.0008289143443107605
val_L|L|s0,val_L|L|s0|m2,2,g0_after,frozen,2,0.02346816658973694
val_L|L|s0,val_L|L|s0|m2,2,g0_after,frozen,3,0.02043922245502472
val_L|L|s0,val_L|L|s0|m2,2,g0_after,frozen,4,0.03515341877937317
val_L|L|s0,val_L|L|s0|m2,2,g24_before,frozen,0,0.0023144548758864403
val_L|L|s0,val_L|L|s0|m2,2,g24_before,frozen,1,0.0023773545399308205
val_L|L|s0,val_L|L|s0|m2,2,g24_before,frozen,2,0.0017980532720685005
val_L|L|s0,val_L|L|s0|m2,2,g24_before,frozen,3,0.004377564415335655
val_L|L|s0,val_L|L|s0|m2,2,g24_before,frozen,4,-0.005119184963405132
val_L|L|s0,val_L|L|s0|m2,2,g24_after,frozen,0,0.004210644401609898
val_L|L|s0,val_L|L|s0|m2,2,g24_after,frozen,1,0.0026954934000968933
val_L|L|s0,val_L|L|s0|m2,2,g24_after,frozen,2,0.0021230224519968033
val_L|L|s0,val_L|L|s0|m2,2,g24_after,frozen,3,0.009387308731675148
val_L|L|s0,val_L|L|s0|m2,2,g24_after,frozen,4,0.0021630525588989258
val_L|L|s0,val_L|L|s0|m2,2,g49_before,frozen,0,0.001337534748017788
val_L|L|s0,val_L|L|s0|m2,2,g49_before,frozen,1,0.002282192464917898
val_L|L|s0,val_L|L|s0|m2,2,g49_before,frozen,2,0.003762046806514263
val_L|L|s0,val_L|L|s0|m2,2,g49_before,frozen,3,0.0015976503491401672
val_L|L|s0,val_L|L|s0|m2,2,g49_before,frozen,4,-0.0005451813340187073
val_L|L|s0,val_L|L|s0|m2,2,g49_after,frozen,0,0.0011183717288076878
val_L|L|s0,val_L|L|s0|m2,2,g49_after,frozen,1,0.0020635556429624557
val_L|L|s0,val_L|L|s0|m2,2,g49_after,frozen,2,0.0015855161473155022
val_L|L|s0,val_L|L|s0|m2,2,g49_after,frozen,3,0.003558686003088951
val_L|L|s0,val_L|L|s0|m2,2,g49_after,frozen,4,-0.0017150137573480606
val_L|L|s0,val_L|L|s0|m2,2,g74_before,frozen,0,0.0009447974152863026
val_L|L|s0,val_L|L|s0|m2,2,g74_before,frozen,1,0.0011307401582598686
val_L|L|s0,val_L|L|s0|m2,2,g74_before,frozen,2,0.0021392465569078922
val_L|L|s0,val_L|L|s0|m2,2,g74_before,frozen,3,0.004117542877793312
val_L|L|s0,val_L|L|s0|m2,2,g74_before,frozen,4,-0.0024626003578305244
val_L|L|s0,val_L|L|s0|m2,2,g74_after,frozen,0,0.0009694434702396393
val_L|L|s0,val_L|L|s0|m2,2,g74_after,frozen,1,0.001130112912505865
val_L|L|s0,val_L|L|s0|m2,2,g74_after,frozen,2,0.0021432163193821907
val_L|L|s0,val_L|L|s0|m2,2,g74_after,frozen,3,0.004107263404875994
val_L|L|s0,val_L|L|s0|m2,2,g74_after,frozen,4,-0.0014144722372293472
val_L|L|s0,val_L|L|s0|m2,2,g99_before,frozen,0,0.0008726841770112514
val_L|L|s0,val_L|L|s0|m2,2,g99_before,frozen,1,0.0011106105521321297
val_L|L|s0,val_L|L|s0|m2,2,g99_before,frozen,2,0.002094465773552656
val_L|L|s0,val_L|L|s0|m2,2,g99_before,frozen,3,0.003973610233515501
val_L|L|s0,val_L|L|s0|m2,2,g99_before,frozen,4,-0.002184411510825157
val_L|L|s0,val_L|L|s0|m2,2,g99_after,frozen,0,0.0008727065287530422
val_L|L|s0,val_L|L|s0|m2,2,g99_after,frozen,1,0.0011106254532933235
val_L|L|s0,val_L|L|s0|m2,2,g99_after,frozen,2,0.0020944527350366116
val_L|L|s0,val_L|L|s0|m2,2,g99_after,frozen,3,0.00397359998896718
val_L|L|s0,val_L|L|s0|m2,2,g99_after,frozen,4,-0.002184426411986351
val_L|L|s0,val_L|L|s0|m2,2,g0_before,predictor_official_shadow,0,0.0009146109223365784
val_L|L|s0,val_L|L|s0|m2,2,g0_before,predictor_official_shadow,1,0.0008967053145170212
val_L|L|s0,val_L|L|s0|m2,2,g0_before,predictor_official_shadow,2,0.0015084166079759598
val_L|L|s0,val_L|L|s0|m2,2,g0_before,predictor_official_shadow,3,0.0008042324334383011
val_L|L|s0,val_L|L|s0|m2,2,g0_before,predictor_official_shadow,4,0.0006036683917045593
val_L|L|s0,val_L|L|s0|m2,2,g0_after,predictor_official_shadow,0,0.010904017835855484
val_L|L|s0,val_L|L|s0|m2,2,g0_after,predictor_official_shadow,1,-0.0047163814306259155
val_L|L|s0,val_L|L|s0|m2,2,g0_after,predictor_official_shadow,2,0.02265828102827072
val_L|L|s0,val_L|L|s0|m2,2,g0_after,predictor_official_shadow,3,0.019265927374362946
val_L|L|s0,val_L|L|s0|m2,2,g0_after,predictor_official_shadow,4,0.03513437509536743
val_L|L|s0,val_L|L|s0|m2,2,g24_before,predictor_official_shadow,0,0.002676629461348057
val_L|L|s0,val_L|L|s0|m2,2,g24_before,predictor_official_shadow,1,0.0017147115431725979
val_L|L|s0,val_L|L|s0|m2,2,g24_before,predictor_official_shadow,2,0.0015010405331850052
val_L|L|s0,val_L|L|s0|m2,2,g24_before,predictor_official_shadow,3,0.004003060981631279
val_L|L|s0,val_L|L|s0|m2,2,g24_before,predictor_official_shadow,4,-0.0052519869059324265
val_L|L|s0,val_L|L|s0|m2,2,g24_after,predictor_official_shadow,0,0.003768046386539936
val_L|L|s0,val_L|L|s0|m2,2,g24_after,predictor_official_shadow,1,0.0016085589304566383
val_L|L|s0,val_L|L|s0|m2,2,g24_after,predictor_official_shadow,2,0.0017047012224793434
val_L|L|s0,val_L|L|s0|m2,2,g24_after,predictor_official_shadow,3,0.008954858407378197
val_L|L|s0,val_L|L|s0|m2,2,g24_after,predictor_official_shadow,4,0.001988563686609268
val_L|L|s0,val_L|L|s0|m2,2,g49_before,predictor_official_shadow,0,0.0010228920727968216
val_L|L|s0,val_L|L|s0|m2,2,g49_before,predictor_official_shadow,1,0.0018337899819016457
val_L|L|s0,val_L|L|s0|m2,2,g49_before,predictor_official_shadow,2,0.0035725003108382225
val_L|L|s0,val_L|L|s0|m2,2,g49_before,predictor_official_shadow,3,0.0012472467496991158
val_L|L|s0,val_L|L|s0|m2,2,g49_before,predictor_official_shadow,4,-0.0006073620170354843
val_L|L|s0,val_L|L|s0|m2,2,g49_after,predictor_official_shadow,0,0.0009602508507668972
val_L|L|s0,val_L|L|s0|m2,2,g49_after,predictor_official_shadow,1,0.0016750027425587177
val_L|L|s0,val_L|L|s0|m2,2,g49_after,predictor_official_shadow,2,0.0013517620973289013
val_L|L|s0,val_L|L|s0|m2,2,g49_after,predictor_official_shadow,3,0.0032880324870347977
val_L|L|s0,val_L|L|s0|m2,2,g49_after,predictor_official_shadow,4,-0.0017720740288496017
val_L|L|s0,val_L|L|s0|m2,2,g74_before,predictor_official_shadow,0,0.0008774008601903915
val_L|L|s0,val_L|L|s0|m2,2,g74_before,predictor_official_shadow,1,0.0007093176245689392
val_L|L|s0,val_L|L|s0|m2,2,g74_before,predictor_official_shadow,2,0.001983913127332926
val_L|L|s0,val_L|L|s0|m2,2,g74_before,predictor_official_shadow,3,0.0038819625042378902
val_L|L|s0,val_L|L|s0|m2,2,g74_before,predictor_official_shadow,4,-0.00252457894384861
val_L|L|s0,val_L|L|s0|m2,2,g74_after,predictor_official_shadow,0,0.0008837110362946987
val_L|L|s0,val_L|L|s0|m2,2,g74_after,predictor_official_shadow,1,0.000699835829436779
val_L|L|s0,val_L|L|s0|m2,2,g74_after,predictor_official_shadow,2,0.0019861217588186264
val_L|L|s0,val_L|L|s0|m2,2,g74_after,predictor_official_shadow,3,0.003871189896017313
val_L|L|s0,val_L|L|s0|m2,2,g74_after,predictor_official_shadow,4,-0.0014766361564397812
val_L|L|s0,val_L|L|s0|m2,2,g99_before,predictor_official_shadow,0,0.0008455035276710987
val_L|L|s0,val_L|L|s0|m2,2,g99_before,predictor_official_shadow,1,0.0007097609341144562
val_L|L|s0,val_L|L|s0|m2,2,g99_before,predictor_official_shadow,2,0.001944009680300951
val_L|L|s0,val_L|L|s0|m2,2,g99_before,predictor_official_shadow,3,0.0037421206943690777
val_L|L|s0,val_L|L|s0|m2,2,g99_before,predictor_official_shadow,4,-0.0022442173212766647
val_L|L|s0,val_L|L|s0|m2,2,g99_after,predictor_official_shadow,0,0.0008455067873001099
val_L|L|s0,val_L|L|s0|m2,2,g99_after,predictor_official_shadow,1,0.0007097688503563404
val_L|L|s0,val_L|L|s0|m2,2,g99_after,predictor_official_shadow,2,0.0019439803436398506
val_L|L|s0,val_L|L|s0|m2,2,g99_after,predictor_official_shadow,3,0.0037421188317239285
val_L|L|s0,val_L|L|s0|m2,2,g99_after,predictor_official_shadow,4,-0.0022442275658249855
val_L|L|s0,val_L|L|s0|m4,4,g0_before,frozen,0,-0.002673514187335968
val_L|L|s0,val_L|L|s0|m4,4,g0_before,frozen,1,-0.000982128083705902
val_L|L|s0,val_L|L|s0|m4,4,g0_before,frozen,2,-0.00036200322210788727
val_L|L|s0,val_L|L|s0|m4,4,g0_before,frozen,3,-0.00043482333421707153
val_L|L|s0,val_L|L|s0|m4,4,g0_before,frozen,4,-0.0027240514755249023
val_L|L|s0,val_L|L|s0|m4,4,g0_after,frozen,0,0.01695552095770836
val_L|L|s0,val_L|L|s0|m4,4,g0_after,frozen,1,0.01367301493883133
val_L|L|s0,val_L|L|s0|m4,4,g0_after,frozen,2,0.01040717214345932
val_L|L|s0,val_L|L|s0|m4,4,g0_after,frozen,3,0.006547696888446808
val_L|L|s0,val_L|L|s0|m4,4,g0_after,frozen,4,0.01584050804376602
val_L|L|s0,val_L|L|s0|m4,4,g24_before,frozen,0,-0.0008226269856095314
val_L|L|s0,val_L|L|s0|m4,4,g24_before,frozen,1,0.0003964467905461788
val_L|L|s0,val_L|L|s0|m4,4,g24_before,frozen,2,0.00025280890986323357
val_L|L|s0,val_L|L|s0|m4,4,g24_before,frozen,3,0.001424705609679222
val_L|L|s0,val_L|L|s0|m4,4,g24_before,frozen,4,-0.0006467569619417191
val_L|L|s0,val_L|L|s0|m4,4,g24_after,frozen,0,0.0005448092706501484
val_L|L|s0,val_L|L|s0|m4,4,g24_after,frozen,1,0.0005429964512586594
val_L|L|s0,val_L|L|s0|m4,4,g24_after,frozen,2,0.0011268719099462032
val_L|L|s0,val_L|L|s0|m4,4,g24_after,frozen,3,0.001316848210990429
val_L|L|s0,val_L|L|s0|m4,4,g24_after,frozen,4,0.0026329802349209785
val_L|L|s0,val_L|L|s0|m4,4,g49_before,frozen,0,0.0017654288094490767
val_L|L|s0,val_L|L|s0|m4,4,g49_before,frozen,1,0.0011381208896636963
val_L|L|s0,val_L|L|s0|m4,4,g49_before,frozen,2,0.0013948064297437668
val_L|L|s0,val_L|L|s0|m4,4,g49_before,frozen,3,0.004694873467087746
val_L|L|s0,val_L|L|s0|m4,4,g49_before,frozen,4,0.0030034007504582405
val_L|L|s0,val_L|L|s0|m4,4,g49_after,frozen,0,0.0020336301531642675
val_L|L|s0,val_L|L|s0|m4,4,g49_after,frozen,1,0.0011120946146547794
val_L|L|s0,val_L|L|s0|m4,4,g49_after,frozen,2,0.0035103624686598778
val_L|L|s0,val_L|L|s0|m4,4,g49_after,frozen,3,0.0030336175113916397
val_L|L|s0,val_L|L|s0|m4,4,g49_after,frozen,4,0.001964293420314789
val_L|L|s0,val_L|L|s0|m4,4,g74_before,frozen,0,0.0007710072677582502
val_L|L|s0,val_L|L|s0|m4,4,g74_before,frozen,1,0.0018702235538512468
val_L|L|s0,val_L|L|s0|m4,4,g74_before,frozen,2,0.0015096738934516907
val_L|L|s0,val_L|L|s0|m4,4,g74_before,frozen,3,0.0018187728710472584
val_L|L|s0,val_L|L|s0|m4,4,g74_before,frozen,4,0.0024151448160409927
val_L|L|s0,val_L|L|s0|m4,4,g74_after,frozen,0,0.0008110255002975464
val_L|L|s0,val_L|L|s0|m4,4,g74_after,frozen,1,0.0018713849131017923
val_L|L|s0,val_L|L|s0|m4,4,g74_after,frozen,2,0.0027051791548728943
val_L|L|s0,val_L|L|s0|m4,4,g74_after,frozen,3,0.002408423461019993
val_L|L|s0,val_L|L|s0|m4,4,g74_after,frozen,4,0.000599750317633152
val_L|L|s0,val_L|L|s0|m4,4,g99_before,frozen,0,0.0012308319564908743
val_L|L|s0,val_L|L|s0|m4,4,g99_before,frozen,1,0.0012861723080277443
val_L|L|s0,val_L|L|s0|m4,4,g99_before,frozen,2,0.0027717542834579945
val_L|L|s0,val_L|L|s0|m4,4,g99_before,frozen,3,0.002208927646279335
val_L|L|s0,val_L|L|s0|m4,4,g99_before,frozen,4,5.919951945543289e-05
val_L|L|s0,val_L|L|s0|m4,4,g99_after,frozen,0,0.0012307902798056602
val_L|L|s0,val_L|L|s0|m4,4,g99_after,frozen,1,0.0012861578725278378
val_L|L|s0,val_L|L|s0|m4,4,g99_after,frozen,2,0.00277172913774848
val_L|L|s0,val_L|L|s0|m4,4,g99_after,frozen,3,0.0022089360281825066
val_L|L|s0,val_L|L|s0|m4,4,g99_after,frozen,4,5.926843732595444e-05
val_L|L|s0,val_L|L|s0|m4,4,g0_before,predictor_official_shadow,0,-0.0017343312501907349
val_L|L|s0,val_L|L|s0|m4,4,g0_before,predictor_official_shadow,1,-0.0005358699709177017
val_L|L|s0,val_L|L|s0|m4,4,g0_before,predictor_official_shadow,2,-0.00027469173073768616
val_L|L|s0,val_L|L|s0|m4,4,g0_before,predictor_official_shadow,3,-0.0007169209420681
val_L|L|s0,val_L|L|s0|m4,4,g0_before,predictor_official_shadow,4,-0.0021231956779956818
val_L|L|s0,val_L|L|s0|m4,4,g0_after,predictor_official_shadow,0,0.01691921427845955
val_L|L|s0,val_L|L|s0|m4,4,g0_after,predictor_official_shadow,1,0.012409582734107971
val_L|L|s0,val_L|L|s0|m4,4,g0_after,predictor_official_shadow,2,0.009080559015274048
val_L|L|s0,val_L|L|s0|m4,4,g0_after,predictor_official_shadow,3,0.005251102149486542
val_L|L|s0,val_L|L|s0|m4,4,g0_after,predictor_official_shadow,4,0.012335151433944702
val_L|L|s0,val_L|L|s0|m4,4,g24_before,predictor_official_shadow,0,0.00029410142451524734
val_L|L|s0,val_L|L|s0|m4,4,g24_before,predictor_official_shadow,1,0.00042357295751571655
val_L|L|s0,val_L|L|s0|m4,4,g24_before,predictor_official_shadow,2,0.00018736720085144043
val_L|L|s0,val_L|L|s0|m4,4,g24_before,predictor_official_shadow,3,0.0014566178433597088
val_L|L|s0,val_L|L|s0|m4,4,g24_before,predictor_official_shadow,4,-0.0019037118181586266
val_L|L|s0,val_L|L|s0|m4,4,g24_after,predictor_official_shadow,0,0.0014757239259779453
val_L|L|s0,val_L|L|s0|m4,4,g24_after,predictor_official_shadow,1,0.00036978814750909805
val_L|L|s0,val_L|L|s0|m4,4,g24_after,predictor_official_shadow,2,0.0011884099803864956
val_L|L|s0,val_L|L|s0|m4,4,g24_after,predictor_official_shadow,3,0.0011577634140849113
val_L|L|s0,val_L|L|s0|m4,4,g24_after,predictor_official_shadow,4,0.0011870209127664566
val_L|L|s0,val_L|L|s0|m4,4,g49_before,predictor_official_shadow,0,0.002559324726462364
val_L|L|s0,val_L|L|s0|m4,4,g49_before,predictor_official_shadow,1,0.0009429054334759712
val_L|L|s0,val_L|L|s0|m4,4,g49_before,predictor_official_shadow,2,0.0012811720371246338
val_L|L|s0,val_L|L|s0|m4,4,g49_before,predictor_official_shadow,3,0.004741499200463295
val_L|L|s0,val_L|L|s0|m4,4,g49_before,predictor_official_shadow,4,0.0013125259429216385
val_L|L|s0,val_L|L|s0|m4,4,g49_after,predictor_official_shadow,0,0.0028523756191134453
val_L|L|s0,val_L|L|s0|m4,4,g49_after,predictor_official_shadow,1,0.0008615599945187569
val_L|L|s0,val_L|L|s0|m4,4,g49_after,predictor_official_shadow,2,0.003652140498161316
val_L|L|s0,val_L|L|s0|m4,4,g49_after,predictor_official_shadow,3,0.002810492180287838
val_L|L|s0,val_L|L|s0|m4,4,g49_after,predictor_official_shadow,4,0.00024306494742631912
val_L|L|s0,val_L|L|s0|m4,4,g74_before,predictor_official_shadow,0,0.0013938047923147678
val_L|L|s0,val_L|L|s0|m4,4,g74_before,predictor_official_shadow,1,0.002084460575133562
val_L|L|s0,val_L|L|s0|m4,4,g74_before,predictor_official_shadow,2,0.0014312160201370716
val_L|L|s0,val_L|L|s0|m4,4,g74_before,predictor_official_shadow,3,0.0016046296805143356
val_L|L|s0,val_L|L|s0|m4,4,g74_before,predictor_official_shadow,4,0.0009453268721699715
val_L|L|s0,val_L|L|s0|m4,4,g74_after,predictor_official_shadow,0,0.001438705250620842
val_L|L|s0,val_L|L|s0|m4,4,g74_after,predictor_official_shadow,1,0.0020700576715171337
val_L|L|s0,val_L|L|s0|m4,4,g74_after,predictor_official_shadow,2,0.00279289111495018
val_L|L|s0,val_L|L|s0|m4,4,g74_after,predictor_official_shadow,3,0.002172269858419895
val_L|L|s0,val_L|L|s0|m4,4,g74_after,predictor_official_shadow,4,-0.0010242518037557602
val_L|L|s0,val_L|L|s0|m4,4,g99_before,predictor_official_shadow,0,0.0020428616553545
val_L|L|s0,val_L|L|s0|m4,4,g99_before,predictor_official_shadow,1,0.0011961674317717552
val_L|L|s0,val_L|L|s0|m4,4,g99_before,predictor_official_shadow,2,0.0029025422409176826
val_L|L|s0,val_L|L|s0|m4,4,g99_before,predictor_official_shadow,3,0.0019462136551737785
val_L|L|s0,val_L|L|s0|m4,4,g99_before,predictor_official_shadow,4,-0.001532645896077156
val_L|L|s0,val_L|L|s0|m4,4,g99_after,predictor_official_shadow,0,0.0020428295247256756
val_L|L|s0,val_L|L|s0|m4,4,g99_after,predictor_official_shadow,1,0.0011961758136749268
val_L|L|s0,val_L|L|s0|m4,4,g99_after,predictor_official_shadow,2,0.00290249427780509
val_L|L|s0,val_L|L|s0|m4,4,g99_after,predictor_official_shadow,3,0.00194623414427042
val_L|L|s0,val_L|L|s0|m4,4,g99_after,predictor_official_shadow,4,-0.0015325723215937614
val_L|L|s1,val_L|L|s1|m2,2,g0_before,frozen,0,0.01833786442875862
val_L|L|s1,val_L|L|s1|m2,2,g0_before,frozen,1,-0.008243761956691742
val_L|L|s1,val_L|L|s1|m2,2,g0_before,frozen,2,0.007902942597866058
val_L|L|s1,val_L|L|s1|m2,2,g0_before,frozen,3,-0.0035463571548461914
val_L|L|s1,val_L|L|s1|m2,2,g0_before,frozen,4,-0.0026360973715782166
val_L|L|s1,val_L|L|s1|m2,2,g0_after,frozen,0,-0.0902416780591011
val_L|L|s1,val_L|L|s1|m2,2,g0_after,frozen,1,0.10062042623758316
val_L|L|s1,val_L|L|s1|m2,2,g0_after,frozen,2,-0.10819065570831299
val_L|L|s1,val_L|L|s1|m2,2,g0_after,frozen,3,0.004014983773231506
val_L|L|s1,val_L|L|s1|m2,2,g0_after,frozen,4,0.015091858804225922
val_L|L|s1,val_L|L|s1|m2,2,g24_before,frozen,0,0.012839565053582191
val_L|L|s1,val_L|L|s1|m2,2,g24_before,frozen,1,0.0025729499757289886
val_L|L|s1,val_L|L|s1|m2,2,g24_before,frozen,2,0.005661826580762863
val_L|L|s1,val_L|L|s1|m2,2,g24_before,frozen,3,-0.011553186923265457
val_L|L|s1,val_L|L|s1|m2,2,g24_before,frozen,4,-0.0012658517807722092
val_L|L|s1,val_L|L|s1|m2,2,g24_after,frozen,0,0.010174373164772987
val_L|L|s1,val_L|L|s1|m2,2,g24_after,frozen,1,0.00350310280919075
val_L|L|s1,val_L|L|s1|m2,2,g24_after,frozen,2,0.00492062047123909
val_L|L|s1,val_L|L|s1|m2,2,g24_after,frozen,3,-0.010401172563433647
val_L|L|s1,val_L|L|s1|m2,2,g24_after,frozen,4,-0.0005303677171468735
val_L|L|s1,val_L|L|s1|m2,2,g49_before,frozen,0,0.004486512392759323
val_L|L|s1,val_L|L|s1|m2,2,g49_before,frozen,1,0.0010164473205804825
val_L|L|s1,val_L|L|s1|m2,2,g49_before,frozen,2,0.0041312603279948235
val_L|L|s1,val_L|L|s1|m2,2,g49_before,frozen,3,-0.00709143839776516
val_L|L|s1,val_L|L|s1|m2,2,g49_before,frozen,4,-0.002560066059231758
val_L|L|s1,val_L|L|s1|m2,2,g49_after,frozen,0,0.003994501195847988
val_L|L|s1,val_L|L|s1|m2,2,g49_after,frozen,1,0.0009553525596857071
val_L|L|s1,val_L|L|s1|m2,2,g49_after,frozen,2,0.003534577786922455
val_L|L|s1,val_L|L|s1|m2,2,g49_after,frozen,3,-0.005631567910313606
val_L|L|s1,val_L|L|s1|m2,2,g49_after,frozen,4,0.0029067285358905792
val_L|L|s1,val_L|L|s1|m2,2,g74_before,frozen,0,0.0039573488757014275
val_L|L|s1,val_L|L|s1|m2,2,g74_before,frozen,1,0.0006783921271562576
val_L|L|s1,val_L|L|s1|m2,2,g74_before,frozen,2,0.004636081866919994
val_L|L|s1,val_L|L|s1|m2,2,g74_before,frozen,3,-0.007613793946802616
val_L|L|s1,val_L|L|s1|m2,2,g74_before,frozen,4,0.0064134253188967705
val_L|L|s1,val_L|L|s1|m2,2,g74_after,frozen,0,0.0038509322330355644
val_L|L|s1,val_L|L|s1|m2,2,g74_after,frozen,1,0.0007235994562506676
val_L|L|s1,val_L|L|s1|m2,2,g74_after,frozen,2,0.0045903511345386505
val_L|L|s1,val_L|L|s1|m2,2,g74_after,frozen,3,-0.007543415762484074
val_L|L|s1,val_L|L|s1|m2,2,g74_after,frozen,4,0.0064652347937226295
val_L|L|s1,val_L|L|s1|m2,2,g99_before,frozen,0,0.0032759495079517365
val_L|L|s1,val_L|L|s1|m2,2,g99_before,frozen,1,0.0008146101608872414
val_L|L|s1,val_L|L|s1|m2,2,g99_before,frozen,2,0.003999979235231876
val_L|L|s1,val_L|L|s1|m2,2,g99_before,frozen,3,-0.006859341636300087
val_L|L|s1,val_L|L|s1|m2,2,g99_before,frozen,4,0.007363304495811462
val_L|L|s1,val_L|L|s1|m2,2,g99_after,frozen,0,0.003275989554822445
val_L|L|s1,val_L|L|s1|m2,2,g99_after,frozen,1,0.0008145878091454506
val_L|L|s1,val_L|L|s1|m2,2,g99_after,frozen,2,0.003999954089522362
val_L|L|s1,val_L|L|s1|m2,2,g99_after,frozen,3,-0.006859323009848595
val_L|L|s1,val_L|L|s1|m2,2,g99_after,frozen,4,0.007363319396972656
val_L|L|s1,val_L|L|s1|m2,2,g0_before,predictor_official_shadow,0,0.01962500810623169
val_L|L|s1,val_L|L|s1|m2,2,g0_before,predictor_official_shadow,1,-0.009816214442253113
val_L|L|s1,val_L|L|s1|m2,2,g0_before,predictor_official_shadow,2,0.008087694644927979
val_L|L|s1,val_L|L|s1|m2,2,g0_before,predictor_official_shadow,3,-0.0036821067333221436
val_L|L|s1,val_L|L|s1|m2,2,g0_before,predictor_official_shadow,4,-0.002787761390209198
val_L|L|s1,val_L|L|s1|m2,2,g0_after,predictor_official_shadow,0,-0.0668257474899292
val_L|L|s1,val_L|L|s1|m2,2,g0_after,predictor_official_shadow,1,0.09398342669010162
val_L|L|s1,val_L|L|s1|m2,2,g0_after,predictor_official_shadow,2,-0.09837689250707626
val_L|L|s1,val_L|L|s1|m2,2,g0_after,predictor_official_shadow,3,0.0037828460335731506
val_L|L|s1,val_L|L|s1|m2,2,g0_after,predictor_official_shadow,4,0.01604592055082321
val_L|L|s1,val_L|L|s1|m2,2,g24_before,predictor_official_shadow,0,0.013294782489538193
val_L|L|s1,val_L|L|s1|m2,2,g24_before,predictor_official_shadow,1,0.0012373477220535278
val_L|L|s1,val_L|L|s1|m2,2,g24_before,predictor_official_shadow,2,0.006206110119819641
val_L|L|s1,val_L|L|s1|m2,2,g24_before,predictor_official_shadow,3,-0.011931434273719788
val_L|L|s1,val_L|L|s1|m2,2,g24_before,predictor_official_shadow,4,-0.0017630774527788162
val_L|L|s1,val_L|L|s1|m2,2,g24_after,predictor_official_shadow,0,0.01063440553843975
val_L|L|s1,val_L|L|s1|m2,2,g24_after,predictor_official_shadow,1,0.002276655286550522
val_L|L|s1,val_L|L|s1|m2,2,g24_after,predictor_official_shadow,2,0.00547085702419281
val_L|L|s1,val_L|L|s1|m2,2,g24_after,predictor_official_shadow,3,-0.01076936349272728
val_L|L|s1,val_L|L|s1|m2,2,g24_after,predictor_official_shadow,4,-0.0009671300649642944
val_L|L|s1,val_L|L|s1|m2,2,g49_before,predictor_official_shadow,0,0.005158642306923866
val_L|L|s1,val_L|L|s1|m2,2,g49_before,predictor_official_shadow,1,0.0003989432007074356
val_L|L|s1,val_L|L|s1|m2,2,g49_before,predictor_official_shadow,2,0.004398374818265438
val_L|L|s1,val_L|L|s1|m2,2,g49_before,predictor_official_shadow,3,-0.007454770617187023
val_L|L|s1,val_L|L|s1|m2,2,g49_before,predictor_official_shadow,4,-0.0026364224031567574
val_L|L|s1,val_L|L|s1|m2,2,g49_after,predictor_official_shadow,0,0.004693807102739811
val_L|L|s1,val_L|L|s1|m2,2,g49_after,predictor_official_shadow,1,0.00036091171205043793
val_L|L|s1,val_L|L|s1|m2,2,g49_after,predictor_official_shadow,2,0.0037925364449620247
val_L|L|s1,val_L|L|s1|m2,2,g49_after,predictor_official_shadow,3,-0.005942105315625668
val_L|L|s1,val_L|L|s1|m2,2,g49_after,predictor_official_shadow,4,0.0028183525428175926
val_L|L|s1,val_L|L|s1|m2,2,g74_before,predictor_official_shadow,0,0.00462392158806324
val_L|L|s1,val_L|L|s1|m2,2,g74_before,predictor_official_shadow,1,9.478814899921417e-05
val_L|L|s1,val_L|L|s1|m2,2,g74_before,predictor_official_shadow,2,0.004923796281218529
val_L|L|s1,val_L|L|s1|m2,2,g74_before,predictor_official_shadow,3,-0.008001726120710373
val_L|L|s1,val_L|L|s1|m2,2,g74_before,predictor_official_shadow,4,0.006352197378873825
val_L|L|s1,val_L|L|s1|m2,2,g74_after,predictor_official_shadow,0,0.004510127007961273
val_L|L|s1,val_L|L|s1|m2,2,g74_after,predictor_official_shadow,1,0.0001521185040473938
val_L|L|s1,val_L|L|s1|m2,2,g74_after,predictor_official_shadow,2,0.0048787156119942665
val_L|L|s1,val_L|L|s1|m2,2,g74_after,predictor_official_shadow,3,-0.007928992621600628
val_L|L|s1,val_L|L|s1|m2,2,g74_after,predictor_official_shadow,4,0.006406075321137905
val_L|L|s1,val_L|L|s1|m2,2,g99_before,predictor_official_shadow,0,0.0039219930768013
val_L|L|s1,val_L|L|s1|m2,2,g99_before,predictor_official_shadow,1,0.00028179679065942764
val_L|L|s1,val_L|L|s1|m2,2,g99_before,predictor_official_shadow,2,0.004283858463168144
val_L|L|s1,val_L|L|s1|m2,2,g99_before,predictor_official_shadow,3,-0.007224686443805695
val_L|L|s1,val_L|L|s1|m2,2,g99_before,predictor_official_shadow,4,0.0073263756930828094
val_L|L|s1,val_L|L|s1|m2,2,g99_after,predictor_official_shadow,0,0.00392202939838171
val_L|L|s1,val_L|L|s1|m2,2,g99_after,predictor_official_shadow,1,0.0002817828208208084
val_L|L|s1,val_L|L|s1|m2,2,g99_after,predictor_official_shadow,2,0.004283832386136055
val_L|L|s1,val_L|L|s1|m2,2,g99_after,predictor_official_shadow,3,-0.007224675267934799
val_L|L|s1,val_L|L|s1|m2,2,g99_after,predictor_official_shadow,4,0.0073263924568891525
val_L|L|s1,val_L|L|s1|m4,4,g0_before,frozen,0,-0.0019222162663936615
val_L|L|s1,val_L|L|s1|m4,4,g0_before,frozen,1,-0.0016162842512130737
val_L|L|s1,val_L|L|s1|m4,4,g0_before,frozen,2,-0.0009164735674858093
val_L|L|s1,val_L|L|s1|m4,4,g0_before,frozen,3,0.003912448883056641
val_L|L|s1,val_L|L|s1|m4,4,g0_before,frozen,4,0.011009402573108673
val_L|L|s1,val_L|L|s1|m4,4,g0_after,frozen,0,0.011975936591625214
val_L|L|s1,val_L|L|s1|m4,4,g0_after,frozen,1,0.013634935021400452
val_L|L|s1,val_L|L|s1|m4,4,g0_after,frozen,2,-0.012438632547855377
val_L|L|s1,val_L|L|s1|m4,4,g0_after,frozen,3,0.0031062737107276917
val_L|L|s1,val_L|L|s1|m4,4,g0_after,frozen,4,0.008257880806922913
val_L|L|s1,val_L|L|s1|m4,4,g24_before,frozen,0,-0.0002152891829609871
val_L|L|s1,val_L|L|s1|m4,4,g24_before,frozen,1,-1.8415041267871857e-05
val_L|L|s1,val_L|L|s1|m4,4,g24_before,frozen,2,-8.915551006793976e-05
val_L|L|s1,val_L|L|s1|m4,4,g24_before,frozen,3,-0.00026413239538669586
val_L|L|s1,val_L|L|s1|m4,4,g24_before,frozen,4,-0.0025693876668810844
val_L|L|s1,val_L|L|s1|m4,4,g24_after,frozen,0,-0.0008594058454036713
val_L|L|s1,val_L|L|s1|m4,4,g24_after,frozen,1,-0.0003318674862384796
val_L|L|s1,val_L|L|s1|m4,4,g24_after,frozen,2,-0.00011196546256542206
val_L|L|s1,val_L|L|s1|m4,4,g24_after,frozen,3,-0.00092689273878932
val_L|L|s1,val_L|L|s1|m4,4,g24_after,frozen,4,-0.0023802886717021465
val_L|L|s1,val_L|L|s1|m4,4,g49_before,frozen,0,4.0102750062942505e-06
val_L|L|s1,val_L|L|s1|m4,4,g49_before,frozen,1,0.0005695009604096413
val_L|L|s1,val_L|L|s1|m4,4,g49_before,frozen,2,-0.0003977632150053978
val_L|L|s1,val_L|L|s1|m4,4,g49_before,frozen,3,0.000626896508038044
val_L|L|s1,val_L|L|s1|m4,4,g49_before,frozen,4,-0.0019280603155493736
val_L|L|s1,val_L|L|s1|m4,4,g49_after,frozen,0,3.2806769013404846e-05
val_L|L|s1,val_L|L|s1|m4,4,g49_after,frozen,1,0.000586741603910923
val_L|L|s1,val_L|L|s1|m4,4,g49_after,frozen,2,-0.0004046764224767685
val_L|L|s1,val_L|L|s1|m4,4,g49_after,frozen,3,0.0006352085620164871
val_L|L|s1,val_L|L|s1|m4,4,g49_after,frozen,4,-0.001812191680073738
val_L|L|s1,val_L|L|s1|m4,4,g74_before,frozen,0,0.0006138193421065807
val_L|L|s1,val_L|L|s1|m4,4,g74_before,frozen,1,0.0004654526710510254
val_L|L|s1,val_L|L|s1|m4,4,g74_before,frozen,2,-0.00034745410084724426
val_L|L|s1,val_L|L|s1|m4,4,g74_before,frozen,3,0.0009747110307216644
val_L|L|s1,val_L|L|s1|m4,4,g74_before,frozen,4,-0.002328806556761265
val_L|L|s1,val_L|L|s1|m4,4,g74_after,frozen,0,0.0005835280753672123
val_L|L|s1,val_L|L|s1|m4,4,g74_after,frozen,1,0.0004503456875681877
val_L|L|s1,val_L|L|s1|m4,4,g74_after,frozen,2,-0.0003318535163998604
val_L|L|s1,val_L|L|s1|m4,4,g74_after,frozen,3,0.0009668571874499321
val_L|L|s1,val_L|L|s1|m4,4,g74_after,frozen,4,-0.0022779530845582485
val_L|L|s1,val_L|L|s1|m4,4,g99_before,frozen,0,0.000510666985064745
val_L|L|s1,val_L|L|s1|m4,4,g99_before,frozen,1,0.0003314083442091942
val_L|L|s1,val_L|L|s1|m4,4,g99_before,frozen,2,-0.00019414443522691727
val_L|L|s1,val_L|L|s1|m4,4,g99_before,frozen,3,0.0013527171686291695
val_L|L|s1,val_L|L|s1|m4,4,g99_before,frozen,4,0.007444777525961399
val_L|L|s1,val_L|L|s1|m4,4,g99_after,frozen,0,0.0005106725730001926
val_L|L|s1,val_L|L|s1|m4,4,g99_after,frozen,1,0.00033140648156404495
val_L|L|s1,val_L|L|s1|m4,4,g99_after,frozen,2,-0.0001941518858075142
val_L|L|s1,val_L|L|s1|m4,4,g99_after,frozen,3,0.0013527097180485725
val_L|L|s1,val_L|L|s1|m4,4,g99_after,frozen,4,0.007444801740348339
val_L|L|s1,val_L|L|s1|m4,4,g0_before,predictor_official_shadow,0,-0.0011392459273338318
val_L|L|s1,val_L|L|s1|m4,4,g0_before,predictor_official_shadow,1,-0.0010097771883010864
val_L|L|s1,val_L|L|s1|m4,4,g0_before,predictor_official_shadow,2,-0.0004909969866275787
val_L|L|s1,val_L|L|s1|m4,4,g0_before,predictor_official_shadow,3,0.004623968154191971
val_L|L|s1,val_L|L|s1|m4,4,g0_before,predictor_official_shadow,4,0.010876387357711792
val_L|L|s1,val_L|L|s1|m4,4,g0_after,predictor_official_shadow,0,0.011936895549297333
val_L|L|s1,val_L|L|s1|m4,4,g0_after,predictor_official_shadow,1,0.012331753969192505
val_L|L|s1,val_L|L|s1|m4,4,g0_after,predictor_official_shadow,2,-0.01618189364671707
val_L|L|s1,val_L|L|s1|m4,4,g0_after,predictor_official_shadow,3,0.002982310950756073
val_L|L|s1,val_L|L|s1|m4,4,g0_after,predictor_official_shadow,4,0.006585843861103058
val_L|L|s1,val_L|L|s1|m4,4,g24_before,predictor_official_shadow,0,0.0004914291203022003
val_L|L|s1,val_L|L|s1|m4,4,g24_before,predictor_official_shadow,1,3.317929804325104e-05
val_L|L|s1,val_L|L|s1|m4,4,g24_before,predictor_official_shadow,2,-0.00020875129848718643
val_L|L|s1,val_L|L|s1|m4,4,g24_before,predictor_official_shadow,3,-0.00048578158020973206
val_L|L|s1,val_L|L|s1|m4,4,g24_before,predictor_official_shadow,4,-0.0029933908954262733
val_L|L|s1,val_L|L|s1|m4,4,g24_after,predictor_official_shadow,0,-0.0001260722056031227
val_L|L|s1,val_L|L|s1|m4,4,g24_after,predictor_official_shadow,1,-5.40977343916893e-05
val_L|L|s1,val_L|L|s1|m4,4,g24_after,predictor_official_shadow,2,-0.00014107581228017807
val_L|L|s1,val_L|L|s1|m4,4,g24_after,predictor_official_shadow,3,-0.0010824394412338734
val_L|L|s1,val_L|L|s1|m4,4,g24_after,predictor_official_shadow,4,-0.0027228794060647488
val_L|L|s1,val_L|L|s1|m4,4,g49_before,predictor_official_shadow,0,0.0005676550790667534
val_L|L|s1,val_L|L|s1|m4,4,g49_before,predictor_official_shadow,1,0.0008564786985516548
val_L|L|s1,val_L|L|s1|m4,4,g49_before,predictor_official_shadow,2,-0.0008060624822974205
val_L|L|s1,val_L|L|s1|m4,4,g49_before,predictor_official_shadow,3,0.0002910001203417778
val_L|L|s1,val_L|L|s1|m4,4,g49_before,predictor_official_shadow,4,-0.0024034976959228516
val_L|L|s1,val_L|L|s1|m4,4,g49_after,predictor_official_shadow,0,0.0005782619118690491
val_L|L|s1,val_L|L|s1|m4,4,g49_after,predictor_official_shadow,1,0.0008681062608957291
val_L|L|s1,val_L|L|s1|m4,4,g49_after,predictor_official_shadow,2,-0.0008250316604971886
val_L|L|s1,val_L|L|s1|m4,4,g49_after,predictor_official_shadow,3,0.0003256630152463913
val_L|L|s1,val_L|L|s1|m4,4,g49_after,predictor_official_shadow,4,-0.002307484857738018
val_L|L|s1,val_L|L|s1|m4,4,g74_before,predictor_official_shadow,0,0.0011922288686037064
val_L|L|s1,val_L|L|s1|m4,4,g74_before,predictor_official_shadow,1,0.000462203286588192
val_L|L|s1,val_L|L|s1|m4,4,g74_before,predictor_official_shadow,2,-0.0008180197328329086
val_L|L|s1,val_L|L|s1|m4,4,g74_before,predictor_official_shadow,3,0.0006378842517733574
val_L|L|s1,val_L|L|s1|m4,4,g74_before,predictor_official_shadow,4,-0.0029028765857219696
val_L|L|s1,val_L|L|s1|m4,4,g74_after,predictor_official_shadow,0,0.0011611571535468102
val_L|L|s1,val_L|L|s1|m4,4,g74_after,predictor_official_shadow,1,0.0004516681656241417
val_L|L|s1,val_L|L|s1|m4,4,g74_after,predictor_official_shadow,2,-0.0007926793769001961
val_L|L|s1,val_L|L|s1|m4,4,g74_after,predictor_official_shadow,3,0.000632130540907383
val_L|L|s1,val_L|L|s1|m4,4,g74_after,predictor_official_shadow,4,-0.002850146498531103
val_L|L|s1,val_L|L|s1|m4,4,g99_before,predictor_official_shadow,0,0.0010827584192156792
val_L|L|s1,val_L|L|s1|m4,4,g99_before,predictor_official_shadow,1,0.0003180289641022682
val_L|L|s1,val_L|L|s1|m4,4,g99_before,predictor_official_shadow,2,-0.0006239255890250206
val_L|L|s1,val_L|L|s1|m4,4,g99_before,predictor_official_shadow,3,0.0010124342516064644
val_L|L|s1,val_L|L|s1|m4,4,g99_before,predictor_official_shadow,4,0.006906480528414249
val_L|L|s1,val_L|L|s1|m4,4,g99_after,predictor_official_shadow,0,0.0010827556252479553
val_L|L|s1,val_L|L|s1|m4,4,g99_after,predictor_official_shadow,1,0.0003180215135216713
val_L|L|s1,val_L|L|s1|m4,4,g99_after,predictor_official_shadow,2,-0.0006239311769604683
val_L|L|s1,val_L|L|s1|m4,4,g99_after,predictor_official_shadow,3,0.001012423075735569
val_L|L|s1,val_L|L|s1|m4,4,g99_after,predictor_official_shadow,4,0.006906503811478615
val_L|L|s2,val_L|L|s2|m2,2,g0_before,frozen,0,0.006765305995941162
val_L|L|s2,val_L|L|s2|m2,2,g0_before,frozen,1,0.00020051002502441406
val_L|L|s2,val_L|L|s2|m2,2,g0_before,frozen,2,-0.004577137529850006
val_L|L|s2,val_L|L|s2|m2,2,g0_before,frozen,3,-0.0032002218067646027
val_L|L|s2,val_L|L|s2|m2,2,g0_before,frozen,4,-0.006202962249517441
val_L|L|s2,val_L|L|s2|m2,2,g0_after,frozen,0,-0.012773573398590088
val_L|L|s2,val_L|L|s2|m2,2,g0_after,frozen,1,-0.0005570054054260254
val_L|L|s2,val_L|L|s2|m2,2,g0_after,frozen,2,0.009077847003936768
val_L|L|s2,val_L|L|s2|m2,2,g0_after,frozen,3,0.007976382970809937
val_L|L|s2,val_L|L|s2|m2,2,g0_after,frozen,4,0.021483927965164185
val_L|L|s2,val_L|L|s2|m2,2,g24_before,frozen,0,0.004236288834363222
val_L|L|s2,val_L|L|s2|m2,2,g24_before,frozen,1,-0.0022646933794021606
val_L|L|s2,val_L|L|s2|m2,2,g24_before,frozen,2,0.0013579344376921654
val_L|L|s2,val_L|L|s2|m2,2,g24_before,frozen,3,-0.001966796349734068
val_L|L|s2,val_L|L|s2|m2,2,g24_before,frozen,4,0.0008407658897340298
val_L|L|s2,val_L|L|s2|m2,2,g24_after,frozen,0,0.002709335181862116
val_L|L|s2,val_L|L|s2|m2,2,g24_after,frozen,1,-0.0018708654679358006
val_L|L|s2,val_L|L|s2|m2,2,g24_after,frozen,2,0.0019510681740939617
val_L|L|s2,val_L|L|s2|m2,2,g24_after,frozen,3,0.0002682376652956009
val_L|L|s2,val_L|L|s2|m2,2,g24_after,frozen,4,0.0021886350587010384
val_L|L|s2,val_L|L|s2|m2,2,g49_before,frozen,0,0.002978455275297165
val_L|L|s2,val_L|L|s2|m2,2,g49_before,frozen,1,-0.0015686755068600178
val_L|L|s2,val_L|L|s2|m2,2,g49_before,frozen,2,0.00040784943848848343
val_L|L|s2,val_L|L|s2|m2,2,g49_before,frozen,3,-0.00013249507173895836
val_L|L|s2,val_L|L|s2|m2,2,g49_before,frozen,4,0.001011076383292675
val_L|L|s2,val_L|L|s2|m2,2,g49_after,frozen,0,0.0034911506809294224
val_L|L|s2,val_L|L|s2|m2,2,g49_after,frozen,1,-0.0017801844514906406
val_L|L|s2,val_L|L|s2|m2,2,g49_after,frozen,2,0.0008827587589621544
val_L|L|s2,val_L|L|s2|m2,2,g49_after,frozen,3,-0.0010910001583397388
val_L|L|s2,val_L|L|s2|m2,2,g49_after,frozen,4,0.002074582502245903
val_L|L|s2,val_L|L|s2|m2,2,g74_before,frozen,0,0.003362368792295456
val_L|L|s2,val_L|L|s2|m2,2,g74_before,frozen,1,-0.001897576730698347
val_L|L|s2,val_L|L|s2|m2,2,g74_before,frozen,2,0.00036432547494769096
val_L|L|s2,val_L|L|s2|m2,2,g74_before,frozen,3,0.0001636827364563942
val_L|L|s2,val_L|L|s2|m2,2,g74_before,frozen,4,0.0007231999188661575
val_L|L|s2,val_L|L|s2|m2,2,g74_after,frozen,0,0.0033927569165825844
val_L|L|s2,val_L|L|s2|m2,2,g74_after,frozen,1,-0.001912127248942852
val_L|L|s2,val_L|L|s2|m2,2,g74_after,frozen,2,0.0003411620855331421
val_L|L|s2,val_L|L|s2|m2,2,g74_after,frozen,3,0.00014624884352087975
val_L|L|s2,val_L|L|s2|m2,2,g74_after,frozen,4,0.0007379599846899509
val_L|L|s2,val_L|L|s2|m2,2,g99_before,frozen,0,0.0034631183370947838
val_L|L|s2,val_L|L|s2|m2,2,g99_before,frozen,1,-0.002309998031705618
val_L|L|s2,val_L|L|s2|m2,2,g99_before,frozen,2,0.0007902760989964008
val_L|L|s2,val_L|L|s2|m2,2,g99_before,frozen,3,-1.8880702555179596e-05
val_L|L|s2,val_L|L|s2|m2,2,g99_before,frozen,4,0.0007686200551688671
val_L|L|s2,val_L|L|s2|m2,2,g99_after,frozen,0,0.0034630843438208103
val_L|L|s2,val_L|L|s2|m2,2,g99_after,frozen,1,-0.0023099775426089764
val_L|L|s2,val_L|L|s2|m2,2,g99_after,frozen,2,0.0007902840152382851
val_L|L|s2,val_L|L|s2|m2,2,g99_after,frozen,3,-1.886533573269844e-05
val_L|L|s2,val_L|L|s2|m2,2,g99_after,frozen,4,0.0007686135359108448
val_L|L|s2,val_L|L|s2|m2,2,g0_before,predictor_official_shadow,0,0.003810584545135498
val_L|L|s2,val_L|L|s2|m2,2,g0_before,predictor_official_shadow,1,-0.0004868544638156891
val_L|L|s2,val_L|L|s2|m2,2,g0_before,predictor_official_shadow,2,-0.004780430346727371
val_L|L|s2,val_L|L|s2|m2,2,g0_before,predictor_official_shadow,3,-0.0026743151247501373
val_L|L|s2,val_L|L|s2|m2,2,g0_before,predictor_official_shadow,4,-0.007253069430589676
val_L|L|s2,val_L|L|s2|m2,2,g0_after,predictor_official_shadow,0,-0.016415424644947052
val_L|L|s2,val_L|L|s2|m2,2,g0_after,predictor_official_shadow,1,-0.002320513129234314
val_L|L|s2,val_L|L|s2|m2,2,g0_after,predictor_official_shadow,2,0.007464393973350525
val_L|L|s2,val_L|L|s2|m2,2,g0_after,predictor_official_shadow,3,0.0066004469990730286
val_L|L|s2,val_L|L|s2|m2,2,g0_after,predictor_official_shadow,4,0.0229068323969841
val_L|L|s2,val_L|L|s2|m2,2,g24_before,predictor_official_shadow,0,0.0019945520907640457
val_L|L|s2,val_L|L|s2|m2,2,g24_before,predictor_official_shadow,1,-0.0017440086230635643
val_L|L|s2,val_L|L|s2|m2,2,g24_before,predictor_official_shadow,2,0.0017049964517354965
val_L|L|s2,val_L|L|s2|m2,2,g24_before,predictor_official_shadow,3,-0.0020855367183685303
val_L|L|s2,val_L|L|s2|m2,2,g24_before,predictor_official_shadow,4,-0.00036203954368829727
val_L|L|s2,val_L|L|s2|m2,2,g24_after,predictor_official_shadow,0,0.00045215245336294174
val_L|L|s2,val_L|L|s2|m2,2,g24_after,predictor_official_shadow,1,-0.0011337362229824066
val_L|L|s2,val_L|L|s2|m2,2,g24_after,predictor_official_shadow,2,0.002244432456791401
val_L|L|s2,val_L|L|s2|m2,2,g24_after,predictor_official_shadow,3,0.0004914887249469757
val_L|L|s2,val_L|L|s2|m2,2,g24_after,predictor_official_shadow,4,0.0010834503918886185
val_L|L|s2,val_L|L|s2|m2,2,g49_before,predictor_official_shadow,0,0.0005488758906722069
val_L|L|s2,val_L|L|s2|m2,2,g49_before,predictor_official_shadow,1,-0.0012427479960024357
val_L|L|s2,val_L|L|s2|m2,2,g49_before,predictor_official_shadow,2,0.0005733761936426163
val_L|L|s2,val_L|L|s2|m2,2,g49_before,predictor_official_shadow,3,-0.0002715899609029293
val_L|L|s2,val_L|L|s2|m2,2,g49_before,predictor_official_shadow,4,0.0005009416490793228
val_L|L|s2,val_L|L|s2|m2,2,g49_after,predictor_official_shadow,0,0.001192701980471611
val_L|L|s2,val_L|L|s2|m2,2,g49_after,predictor_official_shadow,1,-0.0013775532133877277
val_L|L|s2,val_L|L|s2|m2,2,g49_after,predictor_official_shadow,2,0.00111697381362319
val_L|L|s2,val_L|L|s2|m2,2,g49_after,predictor_official_shadow,3,-0.001047345343977213
val_L|L|s2,val_L|L|s2|m2,2,g49_after,predictor_official_shadow,4,0.001404761802405119
val_L|L|s2,val_L|L|s2|m2,2,g74_before,predictor_official_shadow,0,0.0007859403267502785
val_L|L|s2,val_L|L|s2|m2,2,g74_before,predictor_official_shadow,1,-0.001196637749671936
val_L|L|s2,val_L|L|s2|m2,2,g74_before,predictor_official_shadow,2,0.00042231520637869835
val_L|L|s2,val_L|L|s2|m2,2,g74_before,predictor_official_shadow,3,0.00013763410970568657
val_L|L|s2,val_L|L|s2|m2,2,g74_before,predictor_official_shadow,4,0.00015543214976787567
val_L|L|s2,val_L|L|s2|m2,2,g74_after,predictor_official_shadow,0,0.00081228232011199
val_L|L|s2,val_L|L|s2|m2,2,g74_after,predictor_official_shadow,1,-0.0012136534787714481
val_L|L|s2,val_L|L|s2|m2,2,g74_after,predictor_official_shadow,2,0.0003924388438463211
val_L|L|s2,val_L|L|s2|m2,2,g74_after,predictor_official_shadow,3,0.00012023281306028366
val_L|L|s2,val_L|L|s2|m2,2,g74_after,predictor_official_shadow,4,0.00016638590022921562
val_L|L|s2,val_L|L|s2|m2,2,g99_before,predictor_official_shadow,0,0.0009115156717598438
val_L|L|s2,val_L|L|s2|m2,2,g99_before,predictor_official_shadow,1,-0.0016630766913294792
val_L|L|s2,val_L|L|s2|m2,2,g99_before,predictor_official_shadow,2,0.0008603939786553383
val_L|L|s2,val_L|L|s2|m2,2,g99_before,predictor_official_shadow,3,-2.529006451368332e-05
val_L|L|s2,val_L|L|s2|m2,2,g99_before,predictor_official_shadow,4,0.0001897835172712803
val_L|L|s2,val_L|L|s2|m2,2,g99_after,predictor_official_shadow,0,0.0009114984422922134
val_L|L|s2,val_L|L|s2|m2,2,g99_after,predictor_official_shadow,1,-0.0016630571335554123
val_L|L|s2,val_L|L|s2|m2,2,g99_after,predictor_official_shadow,2,0.0008603949099779129
val_L|L|s2,val_L|L|s2|m2,2,g99_after,predictor_official_shadow,3,-2.5276560336351395e-05
val_L|L|s2,val_L|L|s2|m2,2,g99_after,predictor_official_shadow,4,0.0001897783949971199
val_L|L|s2,val_L|L|s2|m4,4,g0_before,frozen,0,-0.003935512155294418
val_L|L|s2,val_L|L|s2|m4,4,g0_before,frozen,1,0.0009113997220993042
val_L|L|s2,val_L|L|s2|m4,4,g0_before,frozen,2,0.002174895256757736
val_L|L|s2,val_L|L|s2|m4,4,g0_before,frozen,3,0.0036319009959697723
val_L|L|s2,val_L|L|s2|m4,4,g0_before,frozen,4,0.007011182606220245
val_L|L|s2,val_L|L|s2|m4,4,g0_after,frozen,0,0.00958186388015747
val_L|L|s2,val_L|L|s2|m4,4,g0_after,frozen,1,0.00729963555932045
val_L|L|s2,val_L|L|s2|m4,4,g0_after,frozen,2,0.004446595907211304
val_L|L|s2,val_L|L|s2|m4,4,g0_after,frozen,3,0.004893437027931213
val_L|L|s2,val_L|L|s2|m4,4,g0_after,frozen,4,0.008327946066856384
val_L|L|s2,val_L|L|s2|m4,4,g24_before,frozen,0,5.014101043343544e-05
val_L|L|s2,val_L|L|s2|m4,4,g24_before,frozen,1,0.005176870618015528
val_L|L|s2,val_L|L|s2|m4,4,g24_before,frozen,2,0.0006419448181986809
val_L|L|s2,val_L|L|s2|m4,4,g24_before,frozen,3,0.0017437124624848366
val_L|L|s2,val_L|L|s2|m4,4,g24_before,frozen,4,0.01693152729421854
val_L|L|s2,val_L|L|s2|m4,4,g24_after,frozen,0,0.001528797671198845
val_L|L|s2,val_L|L|s2|m4,4,g24_after,frozen,1,0.00533097330480814
val_L|L|s2,val_L|L|s2|m4,4,g24_after,frozen,2,0.00042334292083978653
val_L|L|s2,val_L|L|s2|m4,4,g24_after,frozen,3,0.0043470002710819244
val_L|L|s2,val_L|L|s2|m4,4,g24_after,frozen,4,0.011587167158722878
val_L|L|s2,val_L|L|s2|m4,4,g49_before,frozen,0,0.001962866634130478
val_L|L|s2,val_L|L|s2|m4,4,g49_before,frozen,1,0.004198200535029173
val_L|L|s2,val_L|L|s2|m4,4,g49_before,frozen,2,0.002008841373026371
val_L|L|s2,val_L|L|s2|m4,4,g49_before,frozen,3,0.0039016520604491234
val_L|L|s2,val_L|L|s2|m4,4,g49_before,frozen,4,0.014187471941113472
val_L|L|s2,val_L|L|s2|m4,4,g49_after,frozen,0,0.0020075147040188313
val_L|L|s2,val_L|L|s2|m4,4,g49_after,frozen,1,0.0037211598828434944
val_L|L|s2,val_L|L|s2|m4,4,g49_after,frozen,2,0.0023086071014404297
val_L|L|s2,val_L|L|s2|m4,4,g49_after,frozen,3,0.004144711419939995
val_L|L|s2,val_L|L|s2|m4,4,g49_after,frozen,4,0.015475962311029434
val_L|L|s2,val_L|L|s2|m4,4,g74_before,frozen,0,0.0017770705744624138
val_L|L|s2,val_L|L|s2|m4,4,g74_before,frozen,1,0.003599857445806265
val_L|L|s2,val_L|L|s2|m4,4,g74_before,frozen,2,0.0021146107465028763
val_L|L|s2,val_L|L|s2|m4,4,g74_before,frozen,3,0.0027807820588350296
val_L|L|s2,val_L|L|s2|m4,4,g74_before,frozen,4,0.015015779063105583
val_L|L|s2,val_L|L|s2|m4,4,g74_after,frozen,0,0.001755004283040762
val_L|L|s2,val_L|L|s2|m4,4,g74_after,frozen,1,0.0036101173609495163
val_L|L|s2,val_L|L|s2|m4,4,g74_after,frozen,2,0.0021276623010635376
val_L|L|s2,val_L|L|s2|m4,4,g74_after,frozen,3,0.0027756718918681145
val_L|L|s2,val_L|L|s2|m4,4,g74_after,frozen,4,0.01518876850605011
val_L|L|s2,val_L|L|s2|m4,4,g99_before,frozen,0,0.0016741706058382988
val_L|L|s2,val_L|L|s2|m4,4,g99_before,frozen,1,0.0029010577127337456
val_L|L|s2,val_L|L|s2|m4,4,g99_before,frozen,2,0.003099163994193077
val_L|L|s2,val_L|L|s2|m4,4,g99_before,frozen,3,0.002802003175020218
val_L|L|s2,val_L|L|s2|m4,4,g99_before,frozen,4,0.0173602644354105
val_L|L|s2,val_L|L|s2|m4,4,g99_after,frozen,0,0.0016741869039833546
val_L|L|s2,val_L|L|s2|m4,4,g99_after,frozen,1,0.002901096362620592
val_L|L|s2,val_L|L|s2|m4,4,g99_after,frozen,2,0.0030991556122899055
val_L|L|s2,val_L|L|s2|m4,4,g99_after,frozen,3,0.002801991067826748
val_L|L|s2,val_L|L|s2|m4,4,g99_after,frozen,4,0.01736023835837841
val_L|L|s2,val_L|L|s2|m4,4,g0_before,predictor_official_shadow,0,-0.00165615975856781
val_L|L|s2,val_L|L|s2|m4,4,g0_before,predictor_official_shadow,1,0.0005377307534217834
val_L|L|s2,val_L|L|s2|m4,4,g0_before,predictor_official_shadow,2,0.0016884543001651764
val_L|L|s2,val_L|L|s2|m4,4,g0_before,predictor_official_shadow,3,0.003166649490594864
val_L|L|s2,val_L|L|s2|m4,4,g0_before,predictor_official_shadow,4,0.005223691463470459
val_L|L|s2,val_L|L|s2|m4,4,g0_after,predictor_official_shadow,0,0.00822785496711731
val_L|L|s2,val_L|L|s2|m4,4,g0_after,predictor_official_shadow,1,0.002924486994743347
val_L|L|s2,val_L|L|s2|m4,4,g0_after,predictor_official_shadow,2,0.0014339759945869446
val_L|L|s2,val_L|L|s2|m4,4,g0_after,predictor_official_shadow,3,0.002476632595062256
val_L|L|s2,val_L|L|s2|m4,4,g0_after,predictor_official_shadow,4,0.004587925970554352
val_L|L|s2,val_L|L|s2|m4,4,g24_before,predictor_official_shadow,0,0.0008950298652052879
val_L|L|s2,val_L|L|s2|m4,4,g24_before,predictor_official_shadow,1,0.002792671322822571
val_L|L|s2,val_L|L|s2|m4,4,g24_before,predictor_official_shadow,2,-0.00025774165987968445
val_L|L|s2,val_L|L|s2|m4,4,g24_before,predictor_official_shadow,3,0.0013205036520957947
val_L|L|s2,val_L|L|s2|m4,4,g24_before,predictor_official_shadow,4,0.01793552003800869
val_L|L|s2,val_L|L|s2|m4,4,g24_after,predictor_official_shadow,0,0.0017041908577084541
val_L|L|s2,val_L|L|s2|m4,4,g24_after,predictor_official_shadow,1,0.003160669468343258
val_L|L|s2,val_L|L|s2|m4,4,g24_after,predictor_official_shadow,2,-0.001152808777987957
val_L|L|s2,val_L|L|s2|m4,4,g24_after,predictor_official_shadow,3,0.003493404947221279
val_L|L|s2,val_L|L|s2|m4,4,g24_after,predictor_official_shadow,4,0.012665418907999992
val_L|L|s2,val_L|L|s2|m4,4,g49_before,predictor_official_shadow,0,0.0021791094914078712
val_L|L|s2,val_L|L|s2|m4,4,g49_before,predictor_official_shadow,1,0.0019221855327486992
val_L|L|s2,val_L|L|s2|m4,4,g49_before,predictor_official_shadow,2,0.0004594558849930763
val_L|L|s2,val_L|L|s2|m4,4,g49_before,predictor_official_shadow,3,0.0028624683618545532
val_L|L|s2,val_L|L|s2|m4,4,g49_before,predictor_official_shadow,4,0.014956476166844368
val_L|L|s2,val_L|L|s2|m4,4,g49_after,predictor_official_shadow,0,0.0016964385285973549
val_L|L|s2,val_L|L|s2|m4,4,g49_after,predictor_official_shadow,1,0.002226701006293297
val_L|L|s2,val_L|L|s2|m4,4,g49_after,predictor_official_shadow,2,0.0007391106337308884
val_L|L|s2,val_L|L|s2|m4,4,g49_after,predictor_official_shadow,3,0.0031141620129346848
val_L|L|s2,val_L|L|s2|m4,4,g49_after,predictor_official_shadow,4,0.01627478562295437
val_L|L|s2,val_L|L|s2|m4,4,g74_before,predictor_official_shadow,0,0.0018378086388111115
val_L|L|s2,val_L|L|s2|m4,4,g74_before,predictor_official_shadow,1,0.0017169052734971046
val_L|L|s2,val_L|L|s2|m4,4,g74_before,predictor_official_shadow,2,0.0003495747223496437
val_L|L|s2,val_L|L|s2|m4,4,g74_before,predictor_official_shadow,3,0.0019193599000573158
val_L|L|s2,val_L|L|s2|m4,4,g74_before,predictor_official_shadow,4,0.015740452334284782
val_L|L|s2,val_L|L|s2|m4,4,g74_after,predictor_official_shadow,0,0.001823820173740387
val_L|L|s2,val_L|L|s2|m4,4,g74_after,predictor_official_shadow,1,0.0017278119921684265
val_L|L|s2,val_L|L|s2|m4,4,g74_after,predictor_official_shadow,2,0.0003651948645710945
val_L|L|s2,val_L|L|s2|m4,4,g74_after,predictor_official_shadow,3,0.0019243629649281502
val_L|L|s2,val_L|L|s2|m4,4,g74_after,predictor_official_shadow,4,0.015919947996735573
val_L|L|s2,val_L|L|s2|m4,4,g99_before,predictor_official_shadow,0,0.0017747441306710243
val_L|L|s2,val_L|L|s2|m4,4,g99_before,predictor_official_shadow,1,0.0012342678382992744
val_L|L|s2,val_L|L|s2|m4,4,g99_before,predictor_official_shadow,2,0.0010592145845293999
val_L|L|s2,val_L|L|s2|m4,4,g99_before,predictor_official_shadow,3,0.0020081549882888794
val_L|L|s2,val_L|L|s2|m4,4,g99_before,predictor_official_shadow,4,0.018157847225666046
val_L|L|s2,val_L|L|s2|m4,4,g99_after,predictor_official_shadow,0,0.0017747683450579643
val_L|L|s2,val_L|L|s2|m4,4,g99_after,predictor_official_shadow,1,0.001234292984008789
val_L|L|s2,val_L|L|s2|m4,4,g99_after,predictor_official_shadow,2,0.0010591857135295868
val_L|L|s2,val_L|L|s2|m4,4,g99_after,predictor_official_shadow,3,0.00200814101845026
val_L|L|s2,val_L|L|s2|m4,4,g99_after,predictor_official_shadow,4,0.018157830461859703
