phase,split,arm,mpc_iter,shape,n_contrasts,n_samples,aggregation_unit,mae,rmse,spearman,sign_accuracy,false_improvement_count,false_improvement_rate_all,predicted_improvement_count,false_improvement_rate_given_predicted_improvement,numerical_tie_epsilon,thresholded_sign_accuracy_all,thresholded_false_improvement_count,thresholded_false_improvement_rate_all,thresholded_predicted_improvement_count,thresholded_false_improvement_rate_given_predicted_improvement,mean_abs_delta_pred,mean_abs_delta_env_samever,max_env_worsening_under_predicted_improvement,encoder_coordinate_delta_mae
development,val_T,FROZEN,0,T,15,3,contrast (repeated within episode; not independent samples),0.007548166283716758,0.017538485913445024,0.7178571428571427,0.6666666666666666,4,0.26666666666666666,14,0.2857142857142857,1e-06,0.7333333333333333,3,0.2,11,0.2727272727272727,0.0414023044363906,0.04384650990056495,0.00013403967022895813,0.0
development,val_T,FROZEN,1,T,15,3,contrast (repeated within episode; not independent samples),0.0043899989997347195,0.009399104487900782,0.7214285714285712,0.6,3,0.2,8,0.375,1e-06,0.8,2,0.13333333333333333,6,0.3333333333333333,0.005993605296437939,0.005778865252311031,0.0014822594821453094,0.0
development,val_T,FROZEN,2,T,15,3,contrast (repeated within episode; not independent samples),0.005169259244576096,0.012253656066303034,0.475,0.6,4,0.26666666666666666,8,0.5,1e-06,0.6,2,0.13333333333333333,4,0.5,0.0037974097300320863,0.004179843608289957,0.0013260748237371445,0.0
development,val_T,FROZEN,3,T,15,3,contrast (repeated within episode; not independent samples),0.005583954571435849,0.012607868449801022,0.6464285714285712,0.7333333333333333,3,0.2,7,0.42857142857142855,1e-06,0.7333333333333333,3,0.2,4,0.75,0.0043002585880458355,0.004615426436066628,0.0024700239300727844,0.0
development,val_T,FROZEN,4,T,15,3,contrast (repeated within episode; not independent samples),0.003199884854257107,0.007738125806672953,0.3002682164147727,0.5333333333333333,3,0.2,8,0.375,1e-06,0.6,3,0.2,5,0.6,0.005523023506005605,0.0033003671715656916,0.0010458361357450485,0.0
development,val_T,FROZEN,5,T,15,3,contrast (repeated within episode; not independent samples),0.0004985541648541888,0.0011010140833534697,0.4700627435540786,0.6666666666666666,2,0.13333333333333333,11,0.18181818181818182,1e-06,0.7333333333333333,0,0.0,5,0.0,0.0003477908748512467,0.0007494290204097827,7.119379006326199e-07,0.0
development,val_T,FROZEN,6,T,5,1,contrast (repeated within episode; not independent samples),0.0015172750689089298,0.003131102635989878,-0.7,0.4,1,0.2,3,0.3333333333333333,1e-06,0.4,1,0.2,2,0.5,0.0008830757346004247,0.0006346821784973145,0.00040366221219301224,0.0
development,val_T,FROZEN,7,T,5,1,contrast (repeated within episode; not independent samples),0.000744105177000165,0.0015986833878961905,0.9999999999999999,0.8,1,0.2,3,0.3333333333333333,1e-06,0.8,0,0.0,1,0.0,0.000545649416744709,0.0012897545471787452,9.313225746154785e-10,0.0
development,val_T,FROZEN,8,T,5,1,contrast (repeated within episode; not independent samples),0.000596043630503118,0.001062896145153726,0.09999999999999999,0.6,2,0.4,3,0.6666666666666666,1e-06,0.4,2,0.4,2,1.0,0.0006520916940644383,0.00030937930569052696,0.0004391847178339958,0.0
development,val_T,FROZEN,9,T,5,1,contrast (repeated within episode; not independent samples),0.0006137524964287877,0.0013094229336253868,0.6,0.4,1,0.2,2,0.5,1e-06,0.6,1,0.2,2,0.5,0.0005655551562085748,0.0011597291566431522,8.94647091627121e-05,0.0
development,val_T,FROZEN,10,T,5,1,contrast (repeated within episode; not independent samples),0.0006807613419368864,0.0011585752387262736,-0.3,0.4,3,0.6,4,0.75,1e-06,0.4,2,0.4,2,1.0,0.0006417184369638563,0.0003308487124741077,0.000773897860199213,0.0
development,val_T,FROZEN,11,T,5,1,contrast (repeated within episode; not independent samples),0.0006911938544362783,0.0013456250706428842,-0.39999999999999997,0.2,2,0.4,3,0.6666666666666666,1e-06,0.4,0,0.0,1,0.0,0.0002847240772098303,0.0004300299100577831,1.0333023965358734e-05,0.0
development,val_T,FROZEN,12,T,5,1,contrast (repeated within episode; not independent samples),0.000665780296549201,0.0013365744532080515,-0.09999999999999999,0.6,0,0.0,0,,1e-06,0.6,0,0.0,0,,0.0004539515823125839,0.00022674072533845901,0.0,0.0
development,val_T,FROZEN,13,T,5,1,contrast (repeated within episode; not independent samples),0.0003904536133632064,0.000770083665565749,0.8999999999999998,0.6,0,0.0,0,,1e-06,0.8,0,0.0,0,,0.0005189643939957023,0.0002257630228996277,0.0,0.0
development,val_T,FROZEN,14,T,5,1,contrast (repeated within episode; not independent samples),0.0005203970475122332,0.000966896051570825,0.39999999999999997,0.6,1,0.2,2,0.5,1e-06,0.6,1,0.2,1,1.0,0.0003816746873781085,0.0008671606425195933,0.00029122154228389263,0.0
development,val_T,FROZEN,15,T,5,1,contrast (repeated within episode; not independent samples),0.0008775570662692189,0.0018075566093471746,-0.3,0.6,1,0.2,2,0.5,1e-06,0.4,0,0.0,0,,0.0004970563808456063,0.0003887070342898369,5.0893984735012054e-05,0.0
development,val_T,FROZEN,16,T,5,1,contrast (repeated within episode; not independent samples),0.0008719218662008643,0.0017762464300960508,0.0,0.6,0,0.0,1,0.0,1e-06,0.4,0,0.0,0,,0.0004916637437418104,0.00039018727838993075,0.0,0.0
development,val_T,FROZEN,17,T,5,1,contrast (repeated within episode; not independent samples),0.0006194309331476689,0.0012861732400925349,0.09999999999999999,0.2,2,0.4,2,1.0,1e-06,0.4,2,0.4,2,1.0,0.0003417525440454483,0.0009419255889952183,0.00010548066347837448,0.0
development,val_T,FROZEN,18,T,5,1,contrast (repeated within episode; not independent samples),0.0006027481285855174,0.0012486405627085233,-0.09999999999999999,0.6,0,0.0,1,0.0,1e-06,0.6,0,0.0,0,,0.0004493583692237735,0.00017045587301254273,0.0,0.0
development,val_T,FROZEN,19,T,5,1,contrast (repeated within episode; not independent samples),0.0006346983602270484,0.0013012142027343711,0.0,0.6,1,0.2,2,0.5,1e-06,0.6,0,0.0,0,,0.0004581279819831252,0.00019145179539918898,4.656612873077393e-10,0.0
development,val_T,OFFICIAL_ADAJEPA,0,T,15,3,contrast (repeated within episode; not independent samples),0.007548166283716758,0.017538485913445024,0.7178571428571427,0.6666666666666666,4,0.26666666666666666,14,0.2857142857142857,1e-06,0.7333333333333333,3,0.2,11,0.2727272727272727,0.0414023044363906,0.04384650990056495,0.00013403967022895813,0.0
development,val_T,OFFICIAL_ADAJEPA,1,T,15,3,contrast (repeated within episode; not independent samples),0.004838858048121134,0.011779194335581365,0.532142857142857,0.6666666666666666,4,0.26666666666666666,10,0.4,1e-06,0.6666666666666666,3,0.2,6,0.5,0.0032436788703004518,0.007965095279117426,0.0002140328288078308,1.3206961254278819e-05
development,val_T,OFFICIAL_ADAJEPA,2,T,15,3,contrast (repeated within episode; not independent samples),0.0071330300066620115,0.01710191916607845,0.6523684463773334,0.5333333333333333,5,0.3333333333333333,8,0.625,1e-06,0.6666666666666666,2,0.13333333333333333,5,0.4,0.005380685922379295,0.008842375377813976,0.0001847967505455017,2.8723105788230897e-05
development,val_T,OFFICIAL_ADAJEPA,3,T,15,3,contrast (repeated within episode; not independent samples),0.004388624538357059,0.01060935651269789,-0.12857142857142856,0.5333333333333333,5,0.3333333333333333,11,0.45454545454545453,1e-06,0.5333333333333333,4,0.26666666666666666,7,0.5714285714285714,0.002351195753241579,0.0037217782189448672,0.0032844766974449158,2.218969166278839e-06
development,val_T,OFFICIAL_ADAJEPA,4,T,15,3,contrast (repeated within episode; not independent samples),0.006095807851913075,0.012007876425972707,0.4428571428571427,0.6,4,0.26666666666666666,10,0.4,1e-06,0.6666666666666666,3,0.2,7,0.42857142857142855,0.00446555168988804,0.00900963981791089,0.01670052483677864,7.771852736671765e-05
development,val_T,OFFICIAL_ADAJEPA,5,T,15,3,contrast (repeated within episode; not independent samples),0.000625611007368813,0.0015023616293653277,0.49687240573396907,0.6,4,0.26666666666666666,10,0.4,1e-06,0.6,1,0.06666666666666667,4,0.25,0.0004884524503722786,0.0009823134479423365,5.131750367581844e-05,1.083539294389387e-05
development,val_T,OFFICIAL_ADAJEPA,6,T,10,2,contrast (repeated within episode; not independent samples),0.00047097145579755306,0.0012075743804909798,0.2121212121212121,0.4,5,0.5,6,0.8333333333333334,1e-06,0.5,2,0.2,2,1.0,0.00029247161000967026,0.0007445789640769362,0.00023495941422879696,2.6848865672945976e-06
development,val_T,OFFICIAL_ADAJEPA,7,T,5,1,contrast (repeated within episode; not independent samples),9.472658857703208e-05,0.00015631639296188074,0.7,0.8,1,0.2,4,0.25,1e-06,0.6,1,0.2,2,0.5,0.00026247999630868435,0.0003559520002454519,1.6032252460718155e-05,1.162756234407425e-06
development,val_T,OFFICIAL_ADAJEPA,8,T,5,1,contrast (repeated within episode; not independent samples),0.0005241759819909931,0.0010554336298400128,0.9999999999999999,0.8,0,0.0,2,0.0,1e-06,0.8,0,0.0,1,0.0,0.00031547651160508395,0.000839652493596077,0.0,5.971500650048256e-06
development,val_T,OFFICIAL_ADAJEPA,9,T,5,1,contrast (repeated within episode; not independent samples),2.800764050334692e-05,4.127687063219883e-05,0.7,0.6,1,0.2,3,0.3333333333333333,1e-06,0.6,0,0.0,1,0.0,0.0003217981895431876,0.0003494778648018837,1.1641532182693481e-09,2.6831869035959245e-06
development,val_T,OFFICIAL_ADAJEPA,10,T,5,1,contrast (repeated within episode; not independent samples),0.00020420951768755912,0.00044255906382592087,0.9999999999999999,0.8,1,0.2,3,0.3333333333333333,1e-06,0.8,0,0.0,1,0.0,0.0005614762660115958,0.000367284519597888,1.1641532182693481e-09,6.672879680991173e-06
development,val_T,PREDICTOR_ONLY,0,T,15,3,contrast (repeated within episode; not independent samples),0.007548166283716758,0.017538485913445024,0.7178571428571427,0.6666666666666666,4,0.26666666666666666,14,0.2857142857142857,1e-06,0.7333333333333333,3,0.2,11,0.2727272727272727,0.0414023044363906,0.04384650990056495,0.00013403967022895813,0.0
development,val_T,PREDICTOR_ONLY,1,T,15,3,contrast (repeated within episode; not independent samples),0.002077363555630048,0.005890691107441246,0.5951745003935672,0.6,5,0.3333333333333333,11,0.45454545454545453,1e-06,0.6666666666666666,3,0.2,7,0.42857142857142855,0.003055185762544473,0.0050798513616124785,0.0009675566107034683,0.0
development,val_T,PREDICTOR_ONLY,2,T,10,2,contrast (repeated within episode; not independent samples),0.005250832717865706,0.010505793060134942,0.06666666666666665,0.4,4,0.4,6,0.6666666666666666,1e-06,0.5,2,0.2,4,0.5,0.0037518579512834547,0.00579318730160594,0.0005583781749010086,0.0
development,val_T,PREDICTOR_ONLY,3,T,10,2,contrast (repeated within episode; not independent samples),0.00498627657070756,0.012993634501158284,0.6606060606060605,0.6,4,0.4,8,0.5,1e-06,0.8,2,0.2,6,0.3333333333333333,0.0015431276522576808,0.005318806041032076,0.0025468263775110245,0.0
development,val_T,PREDICTOR_ONLY,4,T,10,2,contrast (repeated within episode; not independent samples),0.005187914567068219,0.012636553983468995,0.28484848484848485,0.5,3,0.3,6,0.5,1e-06,0.7,2,0.2,4,0.5,0.005235235253348946,0.010126778110861778,0.005506239831447601,0.0
development,val_T,PREDICTOR_ONLY,5,T,10,2,contrast (repeated within episode; not independent samples),0.0005862369667738676,0.0012796965557085628,0.41818181818181815,0.7,2,0.2,7,0.2857142857142857,1e-06,0.8,0,0.0,3,0.0,0.00037857324350625275,0.0006695426069200039,9.606452658772469e-05,0.0
development,val_T,PREDICTOR_ONLY,6,T,5,1,contrast (repeated within episode; not independent samples),0.0009862053906545044,0.001944549889032574,0.0,0.4,2,0.4,3,0.6666666666666666,1e-06,0.4,2,0.4,2,1.0,0.0004725508624687791,0.001439959043636918,0.0003535009454935789,0.0
development,val_T,PREDICTOR_ONLY,7,T,5,1,contrast (repeated within episode; not independent samples),0.0007431420031934977,0.0015477652005926553,-0.09999999999999999,0.8,0,0.0,4,0.0,1e-06,0.6,0,0.0,2,0.0,0.0001878745388239622,0.0005810707807540894,0.0,0.0
development,val_T,PREDICTOR_ONLY,8,T,5,1,contrast (repeated within episode; not independent samples),0.0007022219942882657,0.0014715378222840488,0.0,0.4,2,0.4,3,0.6666666666666666,1e-06,0.6,1,0.2,1,1.0,0.0009142468916252255,0.00026214723475277425,0.00010924297384917736,0.0
development,val_T,PREDICTOR_ONLY,9,T,5,1,contrast (repeated within episode; not independent samples),0.0003059385227970779,0.000663950859828199,0.19999999999999998,0.4,1,0.2,2,0.5,1e-06,0.4,0,0.0,0,,0.00017284074565395712,0.00047025610692799094,1.6298145055770874e-09,0.0
development,val_T,PREDICTOR_ONLY,10,T,5,1,contrast (repeated within episode; not independent samples),0.00034178948262706397,0.0006571487563277763,0.09999999999999999,0.4,3,0.6,4,0.75,1e-06,0.4,2,0.4,2,1.0,0.0007777183665893972,0.0005100296577438713,0.00012206402607262135,0.0
development,val_L,FROZEN,0,L,15,3,contrast (repeated within episode; not independent samples),0.014549974258989096,0.029427595397818022,0.6749999999999999,0.7333333333333333,3,0.2,13,0.23076923076923078,1e-06,0.8,2,0.13333333333333333,10,0.2,0.057139865960925816,0.05765040057400862,0.003438718616962433,0.0
development,val_L,FROZEN,1,L,15,3,contrast (repeated within episode; not independent samples),0.010532298389201363,0.02718380912695753,0.4535714285714285,0.6,4,0.26666666666666666,10,0.4,1e-06,0.6666666666666666,3,0.2,7,0.42857142857142855,0.003940279611075918,0.014224111723403135,0.0035499539226293564,0.0
development,val_L,FROZEN,2,L,15,3,contrast (repeated within episode; not independent samples),0.016024203039705753,0.03418284809745797,0.7642857142857141,0.7333333333333333,4,0.26666666666666666,8,0.5,1e-06,0.8,2,0.13333333333333333,5,0.4,0.010097500650833051,0.014025435286263625,0.00566667877137661,0.0
development,val_L,FROZEN,3,L,15,3,contrast (repeated within episode; not independent samples),0.021797258453443647,0.04873159974450792,0.21071428571428572,0.4,5,0.3333333333333333,8,0.625,1e-06,0.4666666666666667,5,0.3333333333333333,6,0.8333333333333334,0.005079143354669214,0.026626757221917312,0.00548857357352972,0.0
development,val_L,FROZEN,4,L,15,3,contrast (repeated within episode; not independent samples),0.0079890596990784,0.019713648599652737,0.20196612175517445,0.3333333333333333,8,0.5333333333333333,10,0.8,1e-06,0.4666666666666667,6,0.4,7,0.8571428571428571,0.0035104102765520415,0.011250908859074116,0.004692437592893839,0.0
development,val_L,FROZEN,5,L,15,3,contrast (repeated within episode; not independent samples),0.0008667347021400929,0.0021049893396138967,0.24642857142857136,0.4666666666666667,6,0.4,11,0.5454545454545454,1e-06,0.6666666666666666,2,0.13333333333333333,5,0.4,0.0005185864012067517,0.0010045873389268915,0.0001626419834792614,0.0
development,val_L,FROZEN,6,L,5,1,contrast (repeated within episode; not independent samples),0.00013121392112225294,0.00022988968673728528,0.09999999999999999,0.4,1,0.2,2,0.5,1e-06,0.6,0,0.0,0,,0.0007283200277015567,0.000788899790495634,2.3283064365386963e-09,0.0
development,val_L,FROZEN,7,L,5,1,contrast (repeated within episode; not independent samples),0.00019960540812462567,0.0002816943132083786,0.39999999999999997,0.6,1,0.2,3,0.3333333333333333,1e-06,0.4,0,0.0,0,,0.0007203792920336127,0.0007654324639588594,3.259629011154175e-09,0.0
development,val_L,FROZEN,8,L,5,1,contrast (repeated within episode; not independent samples),0.00017185788601636887,0.0002445672261387293,0.3,0.6,1,0.2,3,0.3333333333333333,1e-06,0.6,0,0.0,1,0.0,0.0007252149283885956,0.0007357168011367321,3.725290298461914e-09,0.0
development,val_L,FROZEN,9,L,5,1,contrast (repeated within episode; not independent samples),6.799190305173397e-05,0.0001059775145591855,0.09999999999999999,0.2,2,0.4,2,1.0,1e-06,0.4,1,0.2,1,1.0,0.0006070825271308422,0.0006659890059381723,2.321787178516388e-05,0.0
development,val_L,FROZEN,10,L,5,1,contrast (repeated within episode; not independent samples),0.00026625054888427255,0.000383900227150533,0.09999999999999999,0.2,2,0.4,2,1.0,1e-06,0.6,0,0.0,0,,0.0007933542132377624,0.0007209576200693846,5.918554961681366e-07,0.0
development,val_L,FROZEN,11,L,5,1,contrast (repeated within episode; not independent samples),0.00010203695856034756,0.00012686225151280951,0.7,0.6,2,0.4,4,0.5,1e-06,0.6,1,0.2,2,0.5,0.0005713732447475195,0.0006708212662488222,0.00015051336959004402,0.0
development,val_L,FROZEN,12,L,5,1,contrast (repeated within episode; not independent samples),0.00025545272510498764,0.00036934379673844107,0.09999999999999999,0.4,1,0.2,2,0.5,1e-06,0.4,0,0.0,0,,0.0007245704298838973,0.0008006380405277014,1.862645149230957e-09,0.0
development,val_L,FROZEN,13,L,5,1,contrast (repeated within episode; not independent samples),0.0001310361083596945,0.0002045958479326273,0.09999999999999999,0.4,2,0.4,3,0.6666666666666666,1e-06,0.4,1,0.2,1,1.0,0.0006883306894451379,0.0007677042856812477,0.00015593180432915688,0.0
development,val_L,FROZEN,14,L,5,1,contrast (repeated within episode; not independent samples),8.50271200761199e-05,0.00015338483267592423,0.3,0.4,2,0.4,3,0.6666666666666666,1e-06,0.6,0,0.0,1,0.0,0.0005994098959490657,0.0006800397764891386,2.1097250282764435e-05,0.0
development,val_L,FROZEN,15,L,5,1,contrast (repeated within episode; not independent samples),0.0002382790669798851,0.0003264092845547996,0.0,0.2,2,0.4,2,1.0,1e-06,0.4,0,0.0,0,,0.0007214185316115618,0.0007892474066466093,2.1908432245254517e-05,0.0
development,val_L,FROZEN,16,L,5,1,contrast (repeated within episode; not independent samples),0.0001625899225473404,0.00021446063928666929,0.09999999999999999,0.4,2,0.4,3,0.6666666666666666,1e-06,0.4,1,0.2,1,1.0,0.0006024986971169711,0.0007577283307909965,0.0002272985875606537,0.0
development,val_L,FROZEN,17,L,5,1,contrast (repeated within episode; not independent samples),0.00021374677307903767,0.0003274959668082261,0.09999999999999999,0.4,1,0.2,2,0.5,1e-06,0.4,0,0.0,0,,0.0007288788910955191,0.0007367681246250868,3.259629011154175e-09,0.0
development,val_L,FROZEN,18,L,5,1,contrast (repeated within episode; not independent samples),0.00011053485795855522,0.00016814496308532133,0.0,0.4,2,0.4,2,1.0,1e-06,0.4,1,0.2,1,1.0,0.0006937776692211628,0.0007518852595239878,0.00013220962136983871,0.0
development,val_L,FROZEN,19,L,5,1,contrast (repeated within episode; not independent samples),8.058298844844103e-05,0.0001306690381630192,0.09999999999999999,0.6,1,0.2,2,0.5,1e-06,0.4,1,0.2,1,1.0,0.0006017875159159303,0.0006748764775693416,1.7381738871335983e-05,0.0
development,val_L,OFFICIAL_ADAJEPA,0,L,15,3,contrast (repeated within episode; not independent samples),0.014549974258989096,0.029427595397818022,0.6749999999999999,0.7333333333333333,3,0.2,13,0.23076923076923078,1e-06,0.8,2,0.13333333333333333,10,0.2,0.057139865960925816,0.05765040057400862,0.003438718616962433,0.0
development,val_L,OFFICIAL_ADAJEPA,1,L,15,3,contrast (repeated within episode; not independent samples),0.09925921762672564,0.36566178358574813,0.3428571428571428,0.6,5,0.3333333333333333,10,0.5,1e-06,0.6,4,0.26666666666666666,6,0.6666666666666666,0.005423710138226549,0.1044766900750498,0.004438560456037521,2.3278237010041872e-05
development,val_L,OFFICIAL_ADAJEPA,2,L,15,3,contrast (repeated within episode; not independent samples),0.032578720400730767,0.08639001548718908,0.4964285714285714,0.5333333333333333,6,0.4,9,0.6666666666666666,1e-06,0.6,2,0.13333333333333333,4,0.5,0.00584098973001043,0.03823119184623162,0.001083998940885067,0.00010422347113490105
development,val_L,OFFICIAL_ADAJEPA,3,L,15,3,contrast (repeated within episode; not independent samples),0.023746914075066645,0.0535915298627315,0.2821428571428571,0.7333333333333333,4,0.26666666666666666,10,0.4,1e-06,0.7333333333333333,3,0.2,6,0.5,0.005692992545664311,0.02876579857741793,0.12956377118825912,0.00016950458909074465
development,val_L,OFFICIAL_ADAJEPA,4,L,15,3,contrast (repeated within episode; not independent samples),0.0067840709040562315,0.015191430507378987,0.11785714285714284,0.6666666666666666,4,0.26666666666666666,11,0.36363636363636365,1e-06,0.6666666666666666,4,0.26666666666666666,8,0.5,0.003559978275249402,0.009092625634123882,0.00965593010187149,2.3789828022321067e-05
development,val_L,OFFICIAL_ADAJEPA,5,L,15,3,contrast (repeated within episode; not independent samples),0.0028514494576180973,0.007001135578478061,-0.18214285714285713,0.4,7,0.4666666666666667,12,0.5833333333333334,1e-06,0.5333333333333333,4,0.26666666666666666,7,0.5714285714285714,0.0006700143256845574,0.002825578833774974,0.02261747093871236,2.371203154325485e-05
development,val_L,OFFICIAL_ADAJEPA,6,L,5,1,contrast (repeated within episode; not independent samples),0.0014232560992240907,0.0028392209661355105,-0.39999999999999997,0.4,2,0.4,3,0.6666666666666666,1e-06,0.4,1,0.2,1,1.0,0.0005424815695732832,0.0009047513827681542,2.6986468583345413e-05,1.0829418897628784e-05
development,val_L,OFFICIAL_ADAJEPA,7,L,5,1,contrast (repeated within episode; not independent samples),0.0009397371206432581,0.0019840462729546326,-0.39999999999999997,0.4,2,0.4,4,0.5,1e-06,0.6,1,0.2,2,0.5,0.0004880581516772509,0.0004651466850191355,0.00010241498239338398,4.236237145960331e-06
development,val_L,OFFICIAL_ADAJEPA,8,L,5,1,contrast (repeated within episode; not independent samples),0.0001249849214218557,0.00023826943397825426,0.3,0.4,2,0.4,3,0.6666666666666666,1e-06,0.6,0,0.0,1,0.0,6.407909095287322e-05,0.0001681509311310947,8.852395694702864e-06,6.118323653936387e-07
development,val_L,PREDICTOR_ONLY,0,L,15,3,contrast (repeated within episode; not independent samples),0.014549974258989096,0.029427595397818022,0.6749999999999999,0.7333333333333333,3,0.2,13,0.23076923076923078,1e-06,0.8,2,0.13333333333333333,10,0.2,0.057139865960925816,0.05765040057400862,0.003438718616962433,0.0
development,val_L,PREDICTOR_ONLY,1,L,15,3,contrast (repeated within episode; not independent samples),0.09828579129340748,0.36387140219126746,0.15357142857142855,0.4,7,0.4666666666666667,10,0.7,1e-06,0.6,5,0.3333333333333333,8,0.625,0.0062080556837220986,0.10419309640613696,0.0053186677396297455,0.0
development,val_L,PREDICTOR_ONLY,2,L,15,3,contrast (repeated within episode; not independent samples),0.034762581018731,0.09535627374055317,0.3857142857142856,0.4,7,0.4666666666666667,8,0.875,1e-06,0.6,4,0.26666666666666666,5,0.8,0.006349899806082249,0.04088494630220036,0.001068520825356245,0.0
development,val_L,PREDICTOR_ONLY,3,L,15,3,contrast (repeated within episode; not independent samples),0.017584285605698823,0.038261079646618415,0.48571428571428565,0.6,5,0.3333333333333333,10,0.5,1e-06,0.7333333333333333,4,0.26666666666666666,8,0.5,0.004600665019825101,0.02197633412045737,0.11674581095576286,0.0
development,val_L,PREDICTOR_ONLY,4,L,15,3,contrast (repeated within episode; not independent samples),0.05015147193334997,0.16943504595071832,-0.15,0.4,7,0.4666666666666667,11,0.6363636363636364,1e-06,0.4666666666666667,7,0.4666666666666667,9,0.7777777777777778,0.002949901157990098,0.052297133145232995,0.02297040820121765,0.0
development,val_L,PREDICTOR_ONLY,5,L,15,3,contrast (repeated within episode; not independent samples),0.004548383989216139,0.01606791111869451,0.049999999999999996,0.4666666666666667,6,0.4,11,0.5454545454545454,1e-06,0.5333333333333333,3,0.2,6,0.5,0.0003983796729395787,0.004687861481215805,0.06205656751990318,0.0
development,val_L,PREDICTOR_ONLY,6,L,5,1,contrast (repeated within episode; not independent samples),0.0017868771450594068,0.0038320263664744555,-0.7,0.2,3,0.6,4,0.75,1e-06,0.4,1,0.2,2,0.5,0.0008686816086992622,0.0009208966046571731,0.00019815005362033844,0.0
development,val_L,PREDICTOR_ONLY,7,L,5,1,contrast (repeated within episode; not independent samples),0.0008849264588207007,0.0018083670791277401,0.0,0.8,0,0.0,4,0.0,1e-06,0.8,0,0.0,2,0.0,0.0005552986869588495,0.0003623097436502576,0.0,0.0
ood,val_I,FROZEN,0,I,25,5,contrast (repeated within episode; not independent samples),0.03432089947164059,0.06090595835826856,0.35846153846153844,0.48,9,0.36,21,0.42857142857142855,1e-06,0.6,7,0.28,16,0.4375,0.06001426756381988,0.04820860020816326,0.05267965793609619,0.0
ood,val_I,FROZEN,1,I,25,5,contrast (repeated within episode; not independent samples),0.04547573313117027,0.11983396672722463,-0.3302541394292727,0.28,10,0.4,18,0.5555555555555556,1e-06,0.48,7,0.28,13,0.5384615384615384,0.03409388959407807,0.05117186799645424,0.026242971420288086,0.0
ood,val_I,FROZEN,2,I,25,5,contrast (repeated within episode; not independent samples),0.02010415159165859,0.041612508118836516,0.4831698492917053,0.52,8,0.32,22,0.36363636363636365,1e-06,0.72,5,0.2,17,0.29411764705882354,0.025348267778754235,0.031106087565422057,0.0073667168617248535,0.0
ood,val_I,FROZEN,3,I,25,5,contrast (repeated within episode; not independent samples),0.009362577199935914,0.020751517200369374,0.028082324043228094,0.48,9,0.36,21,0.42857142857142855,1e-06,0.64,6,0.24,17,0.35294117647058826,0.00890944316983223,0.013019147664308547,0.024471573531627655,0.0
ood,val_I,FROZEN,4,I,25,5,contrast (repeated within episode; not independent samples),0.015220270305871964,0.04650084997763772,0.4416233972825459,0.68,6,0.24,22,0.2727272727272727,1e-06,0.76,5,0.2,17,0.29411764705882354,0.01713496506214142,0.01463267907500267,0.012955553829669952,0.0
ood,val_I,FROZEN,5,I,25,5,contrast (repeated within episode; not independent samples),0.000996586661785841,0.0027176259771748185,0.2930769230769231,0.56,8,0.32,18,0.4444444444444444,1e-06,0.6,4,0.16,11,0.36363636363636365,0.0013331661187112331,0.0018860357254743576,0.0004988005384802818,0.0
ood,val_I,FROZEN,6,I,25,5,contrast (repeated within episode; not independent samples),0.0017085152119398117,0.004098246831039424,0.02269667285685558,0.56,8,0.32,18,0.4444444444444444,1e-06,0.64,3,0.12,8,0.375,0.001168451849371195,0.0007909882627427578,0.0015264637768268585,0.0
ood,val_I,FROZEN,7,I,25,5,contrast (repeated within episode; not independent samples),0.0009426069073379039,0.0023610289591986184,0.23427582660720422,0.44,10,0.4,18,0.5555555555555556,1e-06,0.64,5,0.2,11,0.45454545454545453,0.0010118445940315724,0.0011212342232465745,0.0012826323509216309,0.0
ood,val_I,FROZEN,8,I,25,5,contrast (repeated within episode; not independent samples),0.001691632941365242,0.0042644344554037435,0.39969225590293134,0.52,9,0.36,16,0.5625,1e-06,0.68,5,0.2,8,0.625,0.0014515446498990058,0.0010230037569999694,0.0006986535154283047,0.0
ood,val_I,FROZEN,9,I,25,5,contrast (repeated within episode; not independent samples),0.0007662470638751984,0.0016888871257534873,0.3709119166435792,0.56,8,0.32,17,0.47058823529411764,1e-06,0.56,3,0.12,10,0.3,0.0006855407916009426,0.0006814386136829853,6.128381937742233e-05,0.0
ood,val_I,FROZEN,10,I,25,5,contrast (repeated within episode; not independent samples),0.0013756191171705723,0.003121011915619628,0.5069230769230769,0.6,7,0.28,15,0.4666666666666667,1e-06,0.76,4,0.16,9,0.4444444444444444,0.0010775049403309823,0.0011770535074174405,0.0007993197068572044,0.0
ood,val_I,FROZEN,11,I,25,5,contrast (repeated within episode; not independent samples),0.0012808442860841752,0.0029250352022339205,0.25789076155898916,0.56,3,0.12,12,0.25,1e-06,0.56,0,0.0,5,0.0,0.0010881190374493598,0.0006702167913317681,2.7497299015522003e-06,0.0
ood,val_I,FROZEN,12,I,25,5,contrast (repeated within episode; not independent samples),0.0008284736052155495,0.0016634470103289107,0.44709506964713586,0.68,6,0.24,20,0.3,1e-06,0.64,4,0.16,10,0.4,0.0007084808126091957,0.0010772730782628059,0.0007564239203929901,0.0
ood,val_I,FROZEN,13,I,25,5,contrast (repeated within episode; not independent samples),0.0011286375112831593,0.0024031448709472196,0.11198768727617142,0.48,9,0.36,16,0.5625,1e-06,0.52,5,0.2,8,0.625,0.0010655348375439644,0.0008094481937587261,0.0008233343251049519,0.0
ood,val_I,FROZEN,14,I,25,5,contrast (repeated within episode; not independent samples),0.001264715027064085,0.002819454133004391,0.31153846153846154,0.52,9,0.36,17,0.5294117647058824,1e-06,0.6,4,0.16,7,0.5714285714285714,0.001077950857579708,0.0011904514767229557,0.0005091517232358456,0.0
ood,val_I,FROZEN,15,I,25,5,contrast (repeated within episode; not independent samples),0.0011567249707877636,0.0024269005750864265,0.012312428768251591,0.44,7,0.28,15,0.4666666666666667,1e-06,0.56,3,0.12,7,0.42857142857142855,0.0008716072514653206,0.0009511955641210079,0.00112453056499362,0.0
ood,val_I,FROZEN,16,I,25,5,contrast (repeated within episode; not independent samples),0.0011582857184112073,0.00253432680493402,0.302365845177771,0.6,7,0.28,19,0.3684210526315789,1e-06,0.64,4,0.16,10,0.4,0.001127839721739292,0.0009374955110251904,0.0007789665833115578,0.0
ood,val_I,FROZEN,17,I,25,5,contrast (repeated within episode; not independent samples),0.0010135732963681221,0.002140533180639846,0.18337502744706416,0.48,7,0.28,17,0.4117647058823529,1e-06,0.56,5,0.2,9,0.5555555555555556,0.0009273404814302921,0.0006328450329601765,0.0003458857536315918,0.0
ood,val_I,FROZEN,18,I,25,5,contrast (repeated within episode; not independent samples),0.0013240035995841027,0.0029940211268569498,0.23966147779357674,0.48,9,0.36,15,0.6,1e-06,0.56,6,0.24,8,0.75,0.0010794590786099435,0.0010884308442473411,0.0006375312805175781,0.0
ood,val_I,FROZEN,19,I,25,5,contrast (repeated within episode; not independent samples),0.0010738378949463367,0.0023604383684059124,0.0465474138250767,0.48,7,0.28,17,0.4117647058823529,1e-06,0.48,4,0.16,7,0.5714285714285714,0.0008750228770077229,0.0010803555324673652,0.0013462305068969727,0.0
ood,val_I,OFFICIAL_ADAJEPA,0,I,25,5,contrast (repeated within episode; not independent samples),0.03432089947164059,0.06090595835826856,0.35846153846153844,0.48,9,0.36,21,0.42857142857142855,1e-06,0.6,7,0.28,16,0.4375,0.06001426756381988,0.04820860020816326,0.05267965793609619,0.0
ood,val_I,OFFICIAL_ADAJEPA,1,I,25,5,contrast (repeated within episode; not independent samples),0.03972190424799919,0.10057131441756206,0.4653846153846154,0.6,8,0.32,21,0.38095238095238093,1e-06,0.68,7,0.28,16,0.4375,0.03229310050606728,0.06236624777317047,0.024657368659973145,0.00014194428920745849
ood,val_I,OFFICIAL_ADAJEPA,2,I,25,5,contrast (repeated within episode; not independent samples),0.03171573080122471,0.08668600762199392,0.2073874567141208,0.4,11,0.44,22,0.5,1e-06,0.6,8,0.32,17,0.47058823529411764,0.025784231647849085,0.051289202123880384,0.01123926043510437,0.000202900767326355
ood,val_I,OFFICIAL_ADAJEPA,3,I,25,5,contrast (repeated within episode; not independent samples),0.012505764216184616,0.0253196329021834,0.4885555004780778,0.6,8,0.32,20,0.4,1e-06,0.72,6,0.24,15,0.4,0.009111345559358597,0.02060188040137291,0.005162779241800308,0.00016348063945770264
ood,val_I,OFFICIAL_ADAJEPA,4,I,25,5,contrast (repeated within episode; not independent samples),0.014636643677949906,0.04936315135828619,0.4623076923076923,0.64,7,0.28,21,0.3333333333333333,1e-06,0.72,6,0.24,16,0.375,0.01873552694916725,0.015501810014247894,0.005865871906280518,0.00010963708162307739
ood,val_I,OFFICIAL_ADAJEPA,5,I,25,5,contrast (repeated within episode; not independent samples),0.002161677535623312,0.005572627912032517,0.0646651461819555,0.4,10,0.4,17,0.5882352941176471,1e-06,0.6,6,0.24,11,0.5454545454545454,0.0014770261757075787,0.0011611482873558998,0.0027158893644809723,1.1147689074277878e-05
ood,val_I,OFFICIAL_ADAJEPA,6,I,25,5,contrast (repeated within episode; not independent samples),0.0010924444440752268,0.0025352679598422572,0.5540592535590612,0.56,10,0.4,19,0.5263157894736842,1e-06,0.68,5,0.2,11,0.45454545454545453,0.0007417516037821769,0.0018151054624468087,0.0012343339622020721,2.136210910975933e-05
ood,val_I,OFFICIAL_ADAJEPA,7,I,20,4,contrast (repeated within episode; not independent samples),0.0010398409445770084,0.00274757565388347,0.5578947368421052,0.7,4,0.2,17,0.23529411764705882,1e-06,0.7,4,0.2,12,0.3333333333333333,0.001270311139523983,0.0013836873113177717,0.00027486495673656464,2.3813988082110882e-05
ood,val_I,OFFICIAL_ADAJEPA,8,I,20,4,contrast (repeated within episode; not independent samples),0.0007110440987162292,0.0025943774025028064,0.08872180451127819,0.45,11,0.55,15,0.7333333333333333,1e-06,0.5,5,0.25,10,0.5,0.0012147235800512135,0.0005931136664003133,0.0003030411899089813,1.1024146806448698e-05
ood,val_I,OFFICIAL_ADAJEPA,9,I,20,4,contrast (repeated within episode; not independent samples),0.00038325275527313353,0.0009702759072978646,0.3804511278195489,0.5,10,0.5,17,0.5882352941176471,1e-06,0.6,8,0.4,13,0.6153846153846154,0.0007962758070789277,0.0005563337355852128,0.0004091705195605755,1.2900540605187416e-05
ood,val_I,OFFICIAL_ADAJEPA,10,I,20,4,contrast (repeated within episode; not independent samples),0.000907712196931243,0.002238860008650363,0.3314522197140707,0.55,7,0.35,16,0.4375,1e-06,0.6,6,0.3,12,0.5,0.0013166083488613367,0.0014266170095652343,0.0008649984374642372,2.9556220397353172e-05
ood,val_I,OFFICIAL_ADAJEPA,11,I,20,4,contrast (repeated within episode; not independent samples),0.00015852394280955196,0.00035480998782176914,0.37744360902255636,0.45,10,0.5,18,0.5555555555555556,1e-06,0.6,5,0.25,12,0.4166666666666667,0.0008653878350742162,0.0009455494349822402,0.00017271935939788818,1.8425006419420243e-05
ood,val_I,OFFICIAL_ADAJEPA,12,I,20,4,contrast (repeated within episode; not independent samples),0.0011343369493260979,0.0024241627936573288,0.3082706766917293,0.4,11,0.55,16,0.6875,1e-06,0.6,6,0.3,11,0.5454545454545454,0.001218406157568097,0.0008024643873795867,0.0013957847841084003,1.7433264292776585e-05
ood,val_I,OFFICIAL_ADAJEPA,13,I,20,4,contrast (repeated within episode; not independent samples),0.0009218381834216416,0.0022040918583188973,0.31127819548872177,0.45,9,0.45,15,0.6,1e-06,0.6,6,0.3,11,0.5454545454545454,0.00126797886332497,0.0011305088410153985,0.005072019994258881,2.0234659314155578e-05
ood,val_I,OFFICIAL_ADAJEPA,14,I,20,4,contrast (repeated within episode; not independent samples),0.0013408135739155114,0.004297729354527308,0.21887929340285772,0.5,10,0.5,14,0.7142857142857143,1e-06,0.6,6,0.3,10,0.6,0.0014453085721470415,0.0005651760380715132,0.0018593594431877136,9.255553595721722e-06
ood,val_I,OFFICIAL_ADAJEPA,15,I,20,4,contrast (repeated within episode; not independent samples),0.000727376970462501,0.0020742883876036307,0.5233082706766917,0.65,6,0.3,13,0.46153846153846156,1e-06,0.65,3,0.15,7,0.42857142857142855,0.000911366892978549,0.0007677379762753844,0.0024104160256683826,1.1576130054891109e-05
ood,val_I,OFFICIAL_ADAJEPA,16,I,20,4,contrast (repeated within episode; not independent samples),0.0010207877377979458,0.002616535600731929,0.6075187969924812,0.7,4,0.2,14,0.2857142857142857,1e-06,0.7,2,0.1,8,0.25,0.0006746787927113474,0.0007989465724676847,0.009801361709833145,2.340578939765692e-05
ood,val_I,OFFICIAL_ADAJEPA,17,I,20,4,contrast (repeated within episode; not independent samples),0.0008448563050478697,0.002256332402545345,0.5533834586466165,0.6,7,0.35,11,0.6363636363636364,1e-06,0.65,4,0.2,6,0.6666666666666666,0.0007256596814841032,0.0013189559103921056,0.00020868703722953796,3.969077952206135e-05
ood,val_I,OFFICIAL_ADAJEPA,18,I,20,4,contrast (repeated within episode; not independent samples),0.0010976727469824254,0.00279884470504658,0.5308270676691729,0.65,6,0.3,14,0.42857142857142855,1e-06,0.75,4,0.2,9,0.4444444444444444,0.0008652652963064611,0.0010471402434632181,0.0004869513213634491,1.6419775784015654e-05
ood,val_I,OFFICIAL_ADAJEPA,19,I,20,4,contrast (repeated within episode; not independent samples),0.0009516429738141597,0.0024278803278723286,0.2300751879699248,0.65,5,0.25,14,0.35714285714285715,1e-06,0.7,4,0.2,8,0.5,0.0009372630738653243,0.001227358542382717,0.008467374369502068,2.869688905775547e-05
ood,val_I,PREDICTOR_ONLY,0,I,25,5,contrast (repeated within episode; not independent samples),0.03432089947164059,0.06090595835826856,0.35846153846153844,0.48,9,0.36,21,0.42857142857142855,1e-06,0.6,7,0.28,16,0.4375,0.06001426756381988,0.04820860020816326,0.05267965793609619,0.0
ood,val_I,PREDICTOR_ONLY,1,I,25,5,contrast (repeated within episode; not independent samples),0.04575327776372433,0.1171475813906885,-0.25,0.44,8,0.32,18,0.4444444444444444,1e-06,0.56,6,0.24,13,0.46153846153846156,0.036524762511253354,0.05042968086898327,0.03530538082122803,0.0
ood,val_I,PREDICTOR_ONLY,2,I,25,5,contrast (repeated within episode; not independent samples),0.025579239651560785,0.05732494877379076,0.33384615384615385,0.48,11,0.44,22,0.5,1e-06,0.64,7,0.28,17,0.4117647058823529,0.022397701069712637,0.03411237061023712,0.015025883913040161,0.0
ood,val_I,PREDICTOR_ONLY,3,I,25,5,contrast (repeated within episode; not independent samples),0.019020459428429604,0.039548073622981336,0.06307692307692309,0.52,8,0.32,20,0.4,1e-06,0.6,7,0.28,15,0.4666666666666667,0.010299197509884834,0.025329111069440843,0.08091342449188232,0.0
ood,val_I,PREDICTOR_ONLY,4,I,25,5,contrast (repeated within episode; not independent samples),0.017265105172991752,0.0510253796741922,0.5746153846153847,0.68,7,0.28,21,0.3333333333333333,1e-06,0.8,3,0.12,16,0.1875,0.023178368657827377,0.019760228469967844,0.0054427701979875565,0.0
ood,val_I,PREDICTOR_ONLY,5,I,25,5,contrast (repeated within episode; not independent samples),0.0025531246699392798,0.006525196172617729,0.03923076923076923,0.48,9,0.36,17,0.5294117647058824,1e-06,0.56,6,0.24,11,0.5454545454545454,0.0016788795590400695,0.0013392762653529643,0.014277584850788116,0.0
ood,val_I,PREDICTOR_ONLY,6,I,25,5,contrast (repeated within episode; not independent samples),0.0015655215829610825,0.004027042723141997,0.43931526105981483,0.56,10,0.4,20,0.5,1e-06,0.68,5,0.2,13,0.38461538461538464,0.0015425228606909514,0.002057627337053418,0.0006813195068389177,0.0
ood,val_I,PREDICTOR_ONLY,7,I,20,4,contrast (repeated within episode; not independent samples),0.0014598274603486062,0.0036246374981522365,0.40451127819548865,0.6,5,0.25,12,0.4166666666666667,1e-06,0.75,2,0.1,7,0.2857142857142857,0.0013797273160889745,0.0011324417078867554,0.0008237622678279877,0.0
ood,val_I,PREDICTOR_ONLY,8,I,20,4,contrast (repeated within episode; not independent samples),0.0010089122224599123,0.0029094255277347866,0.4120300751879699,0.55,8,0.4,16,0.5,1e-06,0.6,6,0.3,12,0.5,0.0007702808594331146,0.0014362005284056067,0.002161175012588501,0.0
ood,val_I,PREDICTOR_ONLY,9,I,20,4,contrast (repeated within episode; not independent samples),0.0004781954106874764,0.001068503302497961,0.254983094376525,0.6,8,0.4,17,0.47058823529411764,1e-06,0.55,5,0.25,10,0.5,0.001011333940550685,0.0010842298273928464,0.0014237947762012482,0.0
ood,val_I,PREDICTOR_ONLY,10,I,20,4,contrast (repeated within episode; not independent samples),0.0009661952732130885,0.0024656371333304727,0.32481203007518794,0.55,6,0.3,15,0.4,1e-06,0.65,3,0.15,10,0.3,0.0008859434630721808,0.0010825500125065447,0.00014458457008004189,0.0
ood,val_I,PREDICTOR_ONLY,11,I,20,4,contrast (repeated within episode; not independent samples),0.001325271907262504,0.0030705147560854914,0.14586466165413534,0.45,10,0.5,16,0.625,1e-06,0.55,7,0.35,11,0.6363636363636364,0.0009118123212829232,0.0009911409579217434,0.009651020169258118,0.0
ood,val_I,PREDICTOR_ONLY,12,I,20,4,contrast (repeated within episode; not independent samples),0.0009705051663331688,0.003149469678397229,0.6160211041131975,0.55,9,0.45,17,0.5294117647058824,1e-06,0.7,5,0.25,11,0.45454545454545453,0.0015616262564435602,0.001093462493736297,0.00041574984788894653,0.0
ood,val_I,PREDICTOR_ONLY,13,I,20,4,contrast (repeated within episode; not independent samples),0.0008454536786302924,0.002083083312965722,0.38345864661654133,0.55,7,0.35,15,0.4666666666666667,1e-06,0.75,3,0.15,11,0.2727272727272727,0.0012632402824237943,0.0004929528804495931,0.00020187720656394958,0.0
ood,val_I,PREDICTOR_ONLY,14,I,20,4,contrast (repeated within episode; not independent samples),0.0012418580008670688,0.0032579037036073425,0.23909774436090225,0.55,8,0.4,17,0.47058823529411764,1e-06,0.65,6,0.3,12,0.5,0.0009699289919808507,0.0007839589845389128,0.00021855253726243973,0.0
ood,val_I,PREDICTOR_ONLY,15,I,20,4,contrast (repeated within episode; not independent samples),0.0010883635608479381,0.002257916529908697,0.6060150375939849,0.55,7,0.35,15,0.4666666666666667,1e-06,0.7,4,0.2,11,0.36363636363636365,0.0016912330640479923,0.0009048965759575367,0.00028933584690093994,0.0
ood,val_I,PREDICTOR_ONLY,16,I,20,4,contrast (repeated within episode; not independent samples),0.0006038896273821593,0.0015534212318818483,0.23016173120712877,0.45,8,0.4,13,0.6153846153846154,1e-06,0.65,5,0.25,10,0.5,0.0008189491811208427,0.0011251871823333205,0.003322445321828127,0.0
ood,val_I,PREDICTOR_ONLY,17,I,20,4,contrast (repeated within episode; not independent samples),0.0008232576888985932,0.002147768105532073,0.5082706766917292,0.6,6,0.3,16,0.375,1e-06,0.85,2,0.1,10,0.2,0.0009138674824498594,0.0010608635144308209,0.0066877808421850204,0.0
ood,val_I,PREDICTOR_ONLY,18,I,20,4,contrast (repeated within episode; not independent samples),0.0009212453500367701,0.002453355638777337,-0.2556390977443609,0.3,11,0.55,14,0.7857142857142857,1e-06,0.35,9,0.45,10,0.9,0.0005558673175983131,0.0009673562133684754,0.00641043484210968,0.0
ood,val_I,PREDICTOR_ONLY,19,I,20,4,contrast (repeated within episode; not independent samples),0.001522781769745052,0.0034557424517546015,-0.24511278195488717,0.45,8,0.4,16,0.5,1e-06,0.55,6,0.3,9,0.6666666666666666,0.0010623085778206586,0.0008537605404853821,0.008712390437722206,0.0
ood,val_small_tee,FROZEN,0,small_tee,25,5,contrast (repeated within episode; not independent samples),0.01398849457502365,0.02649218448445808,0.540488565489527,0.72,4,0.16,21,0.19047619047619047,1e-06,0.72,4,0.16,16,0.25,0.06402325198054314,0.05685939848423004,0.012073136866092682,0.0
ood,val_small_tee,FROZEN,1,small_tee,25,5,contrast (repeated within episode; not independent samples),0.05978135865181684,0.1739462002356034,-0.6007692307692307,0.36,10,0.4,17,0.5882352941176471,1e-06,0.4,9,0.36,12,0.75,0.033984085842967034,0.02740675214678049,0.04141621291637421,0.0
ood,val_small_tee,FROZEN,2,small_tee,25,5,contrast (repeated within episode; not independent samples),0.03516624595969915,0.11988835702298001,0.43076923076923074,0.64,6,0.24,15,0.4,1e-06,0.72,4,0.16,10,0.4,0.03825577042996883,0.07159959081560373,0.030765593983232975,0.0
ood,val_small_tee,FROZEN,3,small_tee,25,5,contrast (repeated within episode; not independent samples),0.025231512412428856,0.08337765968574293,0.3946153846153846,0.76,4,0.16,21,0.19047619047619047,1e-06,0.76,3,0.12,15,0.2,0.021440246179699897,0.016343168765306473,0.006759390234947205,0.0
ood,val_small_tee,FROZEN,4,small_tee,25,5,contrast (repeated within episode; not independent samples),0.013330759666860103,0.0369321452276434,0.3339103735550957,0.56,6,0.24,16,0.375,1e-06,0.72,3,0.12,12,0.25,0.008216085806488992,0.020257423110306264,0.002342682331800461,0.0
ood,val_small_tee,FROZEN,5,small_tee,20,4,contrast (repeated within episode; not independent samples),0.00182468316052109,0.005728012308328762,0.3142857142857143,0.55,6,0.3,14,0.42857142857142855,1e-06,0.65,5,0.25,10,0.5,0.001089855353347957,0.002455798117443919,0.0004691425710916519,0.0
ood,val_small_tee,FROZEN,6,small_tee,20,4,contrast (repeated within episode; not independent samples),0.0007793521974235774,0.0016247149014309806,0.4766917293233082,0.6,3,0.15,12,0.25,1e-06,0.65,1,0.05,8,0.125,0.0011165213072672486,0.001271852827630937,3.2566022127866745e-06,0.0
ood,val_small_tee,FROZEN,7,small_tee,5,1,contrast (repeated within episode; not independent samples),0.003251226618885994,0.005557449626122241,-0.8999999999999998,0.4,1,0.2,2,0.5,1e-06,0.4,1,0.2,1,1.0,0.0007537277415394783,0.002499973960220814,0.009408114477992058,0.0
ood,val_small_tee,FROZEN,8,small_tee,5,1,contrast (repeated within episode; not independent samples),0.0038675688207149505,0.007021248828916455,-0.7999999999999999,0.4,3,0.6,5,0.6,1e-06,0.4,3,0.6,4,0.75,0.0033586984500288963,0.0005332821980118752,0.0010778503492474556,0.0
ood,val_small_tee,OFFICIAL_ADAJEPA,0,small_tee,25,5,contrast (repeated within episode; not independent samples),0.01398849457502365,0.02649218448445808,0.540488565489527,0.72,4,0.16,21,0.19047619047619047,1e-06,0.72,4,0.16,16,0.25,0.06402325198054314,0.05685939848423004,0.012073136866092682,0.0
ood,val_small_tee,OFFICIAL_ADAJEPA,1,small_tee,25,5,contrast (repeated within episode; not independent samples),0.06324708804488183,0.16785835410022043,-0.09153846153846153,0.4,11,0.44,19,0.5789473684210527,1e-06,0.56,8,0.32,14,0.5714285714285714,0.03478873528540134,0.035098650231957434,0.07141032814979553,0.00013800909742712976
ood,val_small_tee,OFFICIAL_ADAJEPA,2,small_tee,25,5,contrast (repeated within episode; not independent samples),0.02960649898275733,0.07839620190359979,-0.059230769230769226,0.56,8,0.32,21,0.38095238095238093,1e-06,0.64,6,0.24,15,0.4,0.02895667590200901,0.02936997262760997,0.03027857793495059,7.546056061983109e-05
ood,val_small_tee,OFFICIAL_ADAJEPA,3,small_tee,25,5,contrast (repeated within episode; not independent samples),0.016593400165438654,0.04034930503270003,0.1276923076923077,0.6,6,0.24,17,0.35294117647058826,1e-06,0.6,6,0.24,12,0.5,0.008594384044408798,0.01867821604013443,0.037385374307632446,4.95559349656105e-05
ood,val_small_tee,OFFICIAL_ADAJEPA,4,small_tee,25,5,contrast (repeated within episode; not independent samples),0.006704915724694729,0.015030999175671286,0.3946153846153846,0.56,10,0.4,21,0.47619047619047616,1e-06,0.64,9,0.36,16,0.5625,0.008049890734255313,0.01192315548658371,0.014655135571956635,7.324669510126113e-05
ood,val_small_tee,OFFICIAL_ADAJEPA,5,small_tee,15,3,contrast (repeated within episode; not independent samples),0.00251338256833454,0.004994013813601304,0.1928571428571428,0.6666666666666666,4,0.26666666666666666,11,0.36363636363636365,1e-06,0.6666666666666666,4,0.26666666666666666,8,0.5,0.0009187182256331047,0.0024835281384487946,0.0012211576104164124,3.114709009726842e-05
ood,val_small_tee,OFFICIAL_ADAJEPA,6,small_tee,10,2,contrast (repeated within episode; not independent samples),0.0018053053529001773,0.0036609784154216607,0.006060606060606061,0.4,3,0.3,6,0.5,1e-06,0.6,2,0.2,4,0.5,0.0018890914157964288,0.0034490305464714766,0.00023678410798311234,2.870834432542324e-05
ood,val_small_tee,OFFICIAL_ADAJEPA,7,small_tee,10,2,contrast (repeated within episode; not independent samples),0.0020798363257199526,0.004619202209302255,-0.24848484848484845,0.6,0,0.0,5,0.0,1e-06,0.7,0,0.0,3,0.0,0.0010159350698813797,0.001288591674529016,0.0,2.12209764868021e-05
ood,val_small_tee,OFFICIAL_ADAJEPA,8,small_tee,5,1,contrast (repeated within episode; not independent samples),0.003036422003060579,0.0051660131466492515,0.0,0.2,4,0.8,4,1.0,1e-06,0.4,3,0.6,3,1.0,0.0035544873215258123,0.002090105786919594,0.003611017018556595,1.682192087173462e-05
ood,val_small_tee,OFFICIAL_ADAJEPA,9,small_tee,5,1,contrast (repeated within episode; not independent samples),0.0019026044756174088,0.003754039418562954,0.39999999999999997,0.8,1,0.2,4,0.25,1e-06,0.8,1,0.2,3,0.3333333333333333,0.0010387131944298745,0.002834671549499035,0.0003775469958782196,3.041885793209076e-05
ood,val_small_tee,OFFICIAL_ADAJEPA,10,small_tee,5,1,contrast (repeated within episode; not independent samples),0.0001460755243897438,0.00019657013339137647,0.8999999999999998,0.6,2,0.4,3,0.6666666666666666,1e-06,0.8,1,0.2,2,0.5,0.0017902985215187072,0.0019349142909049987,9.297393262386322e-06,1.0510161519050599e-05
ood,val_small_tee,OFFICIAL_ADAJEPA,11,small_tee,5,1,contrast (repeated within episode; not independent samples),0.0039413940161466595,0.008652909106214551,-0.39999999999999997,0.8,1,0.2,5,0.2,1e-06,0.8,1,0.2,4,0.25,0.0021388130262494087,0.0018209898844361305,0.008974690921604633,6.402544677257538e-05
ood,val_small_tee,OFFICIAL_ADAJEPA,12,small_tee,5,1,contrast (repeated within episode; not independent samples),0.0005558795295655727,0.001013177543046578,0.0,0.2,2,0.4,3,0.6666666666666666,1e-06,0.4,1,0.2,2,0.5,0.0017102620564401149,0.0012961540371179581,0.00032924581319093704,2.396106719970703e-05
ood,val_small_tee,OFFICIAL_ADAJEPA,13,small_tee,5,1,contrast (repeated within episode; not independent samples),0.0013189982622861863,0.002306845147295965,0.7,0.8,0,0.0,2,0.0,1e-06,0.8,0,0.0,1,0.0,0.0015480276197195053,0.0007967036217451096,0.0,3.5117007791996e-05
ood,val_small_tee,OFFICIAL_ADAJEPA,14,small_tee,5,1,contrast (repeated within episode; not independent samples),0.0022364554926753042,0.0035070486092295644,0.6,0.4,2,0.4,4,0.5,1e-06,0.6,2,0.4,3,0.6666666666666666,0.005061390623450279,0.004456625320017338,0.0005252659320831299,7.040053606033325e-05
ood,val_small_tee,OFFICIAL_ADAJEPA,15,small_tee,5,1,contrast (repeated within episode; not independent samples),0.0024239878170192243,0.0053144510218253605,-0.09999999999999999,0.8,0,0.0,4,0.0,1e-06,0.8,0,0.0,3,0.0,0.0013038546778261662,0.0011719811707735061,0.0,6.466954946517944e-05
ood,val_small_tee,OFFICIAL_ADAJEPA,16,small_tee,5,1,contrast (repeated within episode; not independent samples),0.0019040621817111969,0.004102081813534349,0.3,0.6,1,0.2,4,0.25,1e-06,0.6,1,0.2,3,0.3333333333333333,0.0019460247829556465,0.003843929059803486,1.64741650223732e-05,6.244834512472152e-05
ood,val_small_tee,OFFICIAL_ADAJEPA,17,small_tee,5,1,contrast (repeated within episode; not independent samples),0.0030122043564915655,0.00488338445548432,0.6,0.6,2,0.4,4,0.5,1e-06,0.6,2,0.4,3,0.6666666666666666,0.002777349203824997,0.001934155635535717,0.0002144947648048401,5.645155906677246e-05
ood,val_small_tee,OFFICIAL_ADAJEPA,18,small_tee,5,1,contrast (repeated within episode; not independent samples),0.00799248656257987,0.017744589785116012,-0.39999999999999997,0.4,1,0.2,2,0.5,1e-06,0.4,1,0.2,1,1.0,0.0036371666006743907,0.004407656379044056,8.722767233848572e-06,0.00010657366365194321
ood,val_small_tee,OFFICIAL_ADAJEPA,19,small_tee,5,1,contrast (repeated within episode; not independent samples),0.0023095143027603627,0.004802538518793697,0.8999999999999998,0.8,1,0.2,4,0.25,1e-06,0.8,1,0.2,3,0.3333333333333333,0.0033059467561542986,0.0013252226635813713,2.6946887373924255e-05,2.357177436351776e-05
ood,val_small_tee,PREDICTOR_ONLY,0,small_tee,25,5,contrast (repeated within episode; not independent samples),0.01398849457502365,0.02649218448445808,0.540488565489527,0.72,4,0.16,21,0.19047619047619047,1e-06,0.72,4,0.16,16,0.25,0.06402325198054314,0.05685939848423004,0.012073136866092682,0.0
ood,val_small_tee,PREDICTOR_ONLY,1,small_tee,25,5,contrast (repeated within episode; not independent samples),0.06067252054810524,0.1733669252228264,0.14964416510706477,0.52,8,0.32,19,0.42105263157894735,1e-06,0.72,5,0.2,14,0.35714285714285715,0.03449658945202828,0.031372870951890945,0.011976450681686401,0.0
ood,val_small_tee,PREDICTOR_ONLY,2,small_tee,25,5,contrast (repeated within episode; not independent samples),0.026089945286512376,0.09433325287626268,0.19076923076923075,0.56,7,0.28,21,0.3333333333333333,1e-06,0.72,4,0.16,16,0.25,0.033654675111174585,0.021001478657126427,0.02445673570036888,0.0
ood,val_small_tee,PREDICTOR_ONLY,3,small_tee,25,5,contrast (repeated within episode; not independent samples),0.028784561529755594,0.07689536702601307,0.17384615384615384,0.52,10,0.4,19,0.5263157894736842,1e-06,0.6,8,0.32,14,0.5714285714285714,0.02374209575355053,0.025979062020778657,0.03514508903026581,0.0
ood,val_small_tee,PREDICTOR_ONLY,4,small_tee,25,5,contrast (repeated within episode; not independent samples),0.013975268192589284,0.037062593972213495,0.1576923076923077,0.4,10,0.4,16,0.625,1e-06,0.52,7,0.28,11,0.6363636363636364,0.014561756365001201,0.01843375913798809,0.004165936261415482,0.0
ood,val_small_tee,PREDICTOR_ONLY,5,small_tee,20,4,contrast (repeated within episode; not independent samples),0.0013685652054846286,0.0032383342085651554,0.09924812030075188,0.55,7,0.35,14,0.5,1e-06,0.65,5,0.25,9,0.5555555555555556,0.000765193160623312,0.0017715059919282794,0.0006318148225545883,0.0
ood,val_small_tee,PREDICTOR_ONLY,6,small_tee,10,2,contrast (repeated within episode; not independent samples),0.004008321254514158,0.009422900012948128,-0.23636363636363633,0.6,3,0.3,7,0.42857142857142855,1e-06,0.5,3,0.3,4,0.75,0.0027009077137336137,0.0014619375579059124,0.0033991746604442596,0.0
ood,val_small_tee,PREDICTOR_ONLY,7,small_tee,10,2,contrast (repeated within episode; not independent samples),0.001221255399286747,0.0026138901047525315,0.3939393939393939,0.7,0,0.0,5,0.0,1e-06,0.7,0,0.0,3,0.0,0.0010014528874307872,0.0006068756338208914,0.0,0.0
ood,val_small_tee,PREDICTOR_ONLY,8,small_tee,5,1,contrast (repeated within episode; not independent samples),0.005330797843635082,0.011199779406632806,0.39999999999999997,0.8,1,0.2,4,0.25,1e-06,0.8,1,0.2,3,0.3333333333333333,0.0013863530941307545,0.006292528938502073,0.00043965503573417664,0.0
ood,val_small_tee,PREDICTOR_ONLY,9,small_tee,5,1,contrast (repeated within episode; not independent samples),0.0006843196228146553,0.0012694430120588373,-0.09999999999999999,0.6,2,0.4,4,0.5,1e-06,0.6,1,0.2,2,0.5,0.00026050042361021043,0.0005749445408582687,0.0018923226743936539,0.0
ood,val_small_tee,PREDICTOR_ONLY,10,small_tee,5,1,contrast (repeated within episode; not independent samples),0.0020633132196962835,0.003797696491306586,-0.19999999999999998,0.4,2,0.4,2,1.0,1e-06,0.6,1,0.2,1,1.0,0.0012256993912160396,0.0009488370269536972,0.002607956063002348,0.0
ood,val_small_tee,PREDICTOR_ONLY,11,small_tee,5,1,contrast (repeated within episode; not independent samples),0.0038666282780468464,0.007893138256159114,0.0,0.4,2,0.4,3,0.6666666666666666,1e-06,0.4,1,0.2,2,0.5,0.0008461510762572289,0.004493104014545679,0.00032498128712177277,0.0
ood,val_small_tee,PREDICTOR_ONLY,12,small_tee,5,1,contrast (repeated within episode; not independent samples),0.0031821032986044883,0.006358593230094317,0.09999999999999999,0.4,3,0.6,3,1.0,1e-06,0.6,2,0.4,2,1.0,0.0032286104746162892,0.0006001432426273823,0.001301049254834652,0.0
ood,val_small_tee,PREDICTOR_ONLY,13,small_tee,5,1,contrast (repeated within episode; not independent samples),0.0021716928109526633,0.003764923908486419,0.6,0.6,1,0.2,3,0.3333333333333333,1e-06,0.6,1,0.2,2,0.5,0.002953523024916649,0.001812652312219143,0.00016276584938168526,0.0
ood,val_small_tee,PREDICTOR_ONLY,14,small_tee,5,1,contrast (repeated within episode; not independent samples),0.009950137883424758,0.015409347555948257,0.7999999999999999,0.8,0,0.0,4,0.0,1e-06,0.8,0,0.0,3,0.0,0.0002681565470993519,0.010213693510740996,0.0,0.0
ood,val_small_tee,PREDICTOR_ONLY,15,small_tee,5,1,contrast (repeated within episode; not independent samples),0.002304936898872256,0.0037157266882023787,-0.3,0.6,2,0.4,4,0.5,1e-06,0.6,2,0.4,3,0.6666666666666666,0.001899592112749815,0.0005339297000318766,0.001962426584213972,0.0
ood,val_small_tee,PREDICTOR_ONLY,16,small_tee,5,1,contrast (repeated within episode; not independent samples),0.0025220305193215608,0.004552788225353758,0.19999999999999998,0.6,2,0.4,3,0.6666666666666666,1e-06,0.6,2,0.4,2,1.0,0.00024231025017797946,0.0025816654786467554,0.0017990898340940475,0.0
ood,val_square,FROZEN,0,square,25,5,contrast (repeated within episode; not independent samples),0.021430160403251648,0.03690967506899339,0.4989421134803676,0.68,6,0.24,25,0.24,1e-06,0.72,6,0.24,21,0.2857142857142857,0.05922687716782093,0.06484325885772706,0.041478872299194336,0.0
ood,val_square,FROZEN,1,square,25,5,contrast (repeated within episode; not independent samples),0.0760515594854951,0.31690731935550737,0.04039238389779383,0.52,9,0.36,22,0.4090909090909091,1e-06,0.64,8,0.32,17,0.47058823529411764,0.08594525951892137,0.02752565786242485,0.03523561358451843,0.0
ood,val_square,FROZEN,2,square,25,5,contrast (repeated within episode; not independent samples),0.0525453445315361,0.15054219497801558,-0.12923076923076923,0.48,9,0.36,20,0.45,1e-06,0.56,8,0.32,15,0.5333333333333333,0.022530754692852498,0.03197603758424521,0.03049778938293457,0.0
ood,val_square,FROZEN,3,square,25,5,contrast (repeated within episode; not independent samples),0.028785325083881617,0.07611380429506209,-0.37615384615384617,0.32,12,0.48,20,0.6,1e-06,0.48,9,0.36,15,0.6,0.003541628122329712,0.029216009248048066,0.18333503603935242,0.0
ood,val_square,FROZEN,4,square,25,5,contrast (repeated within episode; not independent samples),0.014320729654282332,0.0428306753201542,0.36583959130287563,0.6,10,0.4,21,0.47619047619047616,1e-06,0.6,9,0.36,16,0.5625,0.015829740427434444,0.025455292779952288,0.007843196392059326,0.0
ood,val_square,FROZEN,5,square,25,5,contrast (repeated within episode; not independent samples),0.0016799703845754267,0.004497291341906958,-0.3353846153846154,0.28,15,0.6,22,0.6818181818181818,1e-06,0.44,12,0.48,16,0.75,0.0013613449689000845,0.0012424319190904498,0.007311107590794563,0.0
ood,val_square,FROZEN,6,square,20,4,contrast (repeated within episode; not independent samples),0.0013788985554128886,0.003864636804399679,-0.4158194744930302,0.4,7,0.35,18,0.3888888888888889,1e-06,0.45,7,0.35,13,0.5384615384615384,0.0008290387457236647,0.0014585505938157438,0.0014448165893554688,0.0
ood,val_square,FROZEN,7,square,20,4,contrast (repeated within episode; not independent samples),0.0012298669200390578,0.002849119947451626,0.04360902255639097,0.6,8,0.4,18,0.4444444444444444,1e-06,0.6,6,0.3,12,0.5,0.0007533875759691,0.0017208490520715714,0.003110036253929138,0.0
ood,val_square,FROZEN,8,square,20,4,contrast (repeated within episode; not independent samples),0.001646542560774833,0.004828829129955944,-0.5527114701786628,0.4,5,0.25,15,0.3333333333333333,1e-06,0.5,5,0.25,9,0.5555555555555556,0.00036843708949163556,0.0012843050993978978,0.0167294479906559,0.0
ood,val_square,FROZEN,9,square,20,4,contrast (repeated within episode; not independent samples),0.0009381811250932515,0.0019738935507331145,-0.21737496836228826,0.35,8,0.4,15,0.5333333333333333,1e-06,0.5,5,0.25,11,0.45454545454545453,0.0008735062438063323,0.0014611795078963042,0.0009473860263824463,0.0
ood,val_square,FROZEN,10,square,20,4,contrast (repeated within episode; not independent samples),0.0006842609378509224,0.0013767315388921418,-0.5949605535452249,0.25,9,0.45,14,0.6428571428571429,1e-06,0.35,7,0.35,9,0.7777777777777778,0.00017357246251776816,0.0005151094170287252,0.000784069299697876,0.0
ood,val_square,FROZEN,11,square,20,4,contrast (repeated within episode; not independent samples),0.0010675594909116625,0.002546454177674657,-0.44360902255639095,0.35,7,0.35,14,0.5,1e-06,0.45,2,0.1,7,0.2857142857142857,0.00023583909496665,0.0008354726713150739,0.000691145658493042,0.0
ood,val_square,FROZEN,12,square,20,4,contrast (repeated within episode; not independent samples),0.0009507398470304906,0.0021136472111062364,-0.5203007518796992,0.35,7,0.35,15,0.4666666666666667,1e-06,0.35,5,0.25,9,0.5555555555555556,0.00015823134453967213,0.0007985793752595782,0.0003930628299713135,0.0
ood,val_square,FROZEN,13,square,20,4,contrast (repeated within episode; not independent samples),0.0007715350133366883,0.0016968472795079233,-0.156390977443609,0.5,5,0.25,16,0.3125,1e-06,0.55,2,0.1,8,0.25,0.0001694028382189572,0.0006116267759352922,0.0004337430000305176,0.0
ood,val_square,FROZEN,14,square,20,4,contrast (repeated within episode; not independent samples),0.0007713244645856321,0.0015464988018271055,-0.0654381392647719,0.5,6,0.3,17,0.35294117647058826,1e-06,0.55,3,0.15,10,0.3,0.00014648494543507696,0.0006425764877349138,0.00029723532497882843,0.0
ood,val_square,FROZEN,15,square,20,4,contrast (repeated within episode; not independent samples),0.0006548573146574199,0.0013654030095747104,-0.33019934640499843,0.5,4,0.2,14,0.2857142857142857,1e-06,0.4,2,0.1,6,0.3333333333333333,0.0001785065163858235,0.0004827657714486122,0.00030262861400842667,0.0
ood,val_square,FROZEN,16,square,20,4,contrast (repeated within episode; not independent samples),0.0007937741931527853,0.0016830294103807348,-0.35037593984962395,0.55,3,0.15,14,0.21428571428571427,1e-06,0.45,2,0.1,8,0.25,0.00016849390231072904,0.0006328835617750884,0.00020235776901245117,0.0
ood,val_square,FROZEN,17,square,20,4,contrast (repeated within episode; not independent samples),0.00041650580242276193,0.0009877764060938657,0.07218045112781954,0.45,6,0.3,15,0.4,1e-06,0.55,3,0.15,9,0.3333333333333333,0.00018547512590885162,0.0003230295144021511,0.0003747595474123955,0.0
ood,val_square,FROZEN,18,square,20,4,contrast (repeated within episode; not independent samples),0.0006445751758292317,0.001411163841120179,0.16842105263157892,0.65,4,0.2,14,0.2857142857142857,1e-06,0.55,2,0.1,9,0.2222222222222222,0.000197191652841866,0.000556815229356289,0.00016310811042785645,0.0
ood,val_square,FROZEN,19,square,20,4,contrast (repeated within episode; not independent samples),0.000509620166849345,0.0011339508665679445,0.006026369195551162,0.55,3,0.15,13,0.23076923076923078,1e-06,0.55,1,0.05,7,0.14285714285714285,0.000163624610286206,0.00038418513722717764,7.766485214233398e-05,0.0
ood,val_square,OFFICIAL_ADAJEPA,0,square,25,5,contrast (repeated within episode; not independent samples),0.021430160403251648,0.03690967506899339,0.4989421134803676,0.68,6,0.24,25,0.24,1e-06,0.72,6,0.24,21,0.2857142857142857,0.05922687716782093,0.06484325885772706,0.041478872299194336,0.0
ood,val_square,OFFICIAL_ADAJEPA,1,square,25,5,contrast (repeated within episode; not independent samples),0.10208872638642788,0.341715393864511,-0.14780604841589826,0.4,11,0.44,24,0.4583333333333333,1e-06,0.56,10,0.4,19,0.5263157894736842,0.08068992137908935,0.05560099400579929,0.6951361298561096,0.00024250119924545287
ood,val_square,OFFICIAL_ADAJEPA,2,square,25,5,contrast (repeated within episode; not independent samples),0.04381113670766354,0.12506791437432369,-0.1031165833012697,0.36,12,0.48,23,0.5217391304347826,1e-06,0.48,11,0.44,18,0.6111111111111112,0.022815179266035556,0.027042575739324094,0.030174732208251953,0.0001274729147553444
ood,val_square,OFFICIAL_ADAJEPA,3,square,25,5,contrast (repeated within episode; not independent samples),0.03305954040959477,0.09379304485718516,-0.10615384615384615,0.44,10,0.4,21,0.47619047619047616,1e-06,0.56,6,0.24,15,0.4,0.004071405101567507,0.030618382766842842,0.0998799204826355,0.0003591130673885345
ood,val_square,OFFICIAL_ADAJEPA,4,square,25,5,contrast (repeated within episode; not independent samples),0.008634578306227922,0.028608788787010904,0.05461538461538461,0.48,12,0.48,23,0.5217391304347826,1e-06,0.6,9,0.36,17,0.5294117647058824,0.004751654211431742,0.00985889695584774,0.1343405805528164,0.00012161776423454285
ood,val_square,OFFICIAL_ADAJEPA,5,square,20,4,contrast (repeated within episode; not independent samples),0.0021756632020697,0.006060872695728171,-0.25112781954887214,0.4,10,0.5,18,0.5555555555555556,1e-06,0.45,8,0.4,12,0.6666666666666666,0.0010306785814464092,0.0019286531256511807,0.014172513969242573,2.803818788379431e-05
ood,val_square,OFFICIAL_ADAJEPA,6,square,15,3,contrast (repeated within episode; not independent samples),0.0009251564120252927,0.0020630476157987433,-0.09115285141162742,0.4,8,0.5333333333333333,12,0.6666666666666666,1e-06,0.6,6,0.4,9,0.6666666666666666,0.0009510946149627368,0.00043728699286778766,0.0016143321990966797,5.5924057960510256e-06
ood,val_square,OFFICIAL_ADAJEPA,7,square,15,3,contrast (repeated within episode; not independent samples),0.00048526513079802196,0.0009159652173877911,-0.1607142857142857,0.3333333333333333,8,0.5333333333333333,12,0.6666666666666666,1e-06,0.4,6,0.4,8,0.75,0.00022654173274834952,0.0004596286763747533,0.0007666945457458496,4.713858167330424e-06
ood,val_square,OFFICIAL_ADAJEPA,8,square,15,3,contrast (repeated within episode; not independent samples),0.0007661030317346255,0.0016659068223936252,0.1357142857142857,0.5333333333333333,4,0.26666666666666666,10,0.4,1e-06,0.5333333333333333,3,0.2,8,0.375,0.00047824823608001076,0.0004061503956715266,7.680431008338928e-05,9.98315711816152e-06
ood,val_square,OFFICIAL_ADAJEPA,9,square,15,3,contrast (repeated within episode; not independent samples),0.0009884833047787349,0.0021511752801727864,0.19999999999999998,0.5333333333333333,4,0.26666666666666666,12,0.3333333333333333,1e-06,0.5333333333333333,3,0.2,9,0.3333333333333333,0.001405709112683932,0.0014880587657292684,0.004779253154993057,1.2297555804252624e-05
ood,val_square,OFFICIAL_ADAJEPA,10,square,15,3,contrast (repeated within episode; not independent samples),0.001356282706061999,0.002960576021279223,0.19839150013118906,0.4666666666666667,7,0.4666666666666667,12,0.5833333333333334,1e-06,0.6666666666666666,3,0.2,7,0.42857142857142855,0.0010148300478855768,0.0011082611978054046,0.0037984736263751984,2.4644223352273305e-05
ood,val_square,OFFICIAL_ADAJEPA,11,square,15,3,contrast (repeated within episode; not independent samples),0.0017272328957915306,0.004024485237736307,0.657142857142857,0.5333333333333333,5,0.3333333333333333,11,0.45454545454545453,1e-06,0.6666666666666666,3,0.2,8,0.375,0.002249253789583842,0.0024925882617632547,0.00043582916259765625,5.06970410545667e-05
ood,val_square,OFFICIAL_ADAJEPA,12,square,15,3,contrast (repeated within episode; not independent samples),0.001706366209934155,0.0038970203352760835,0.6928571428571427,0.6666666666666666,4,0.26666666666666666,11,0.36363636363636365,1e-06,0.6666666666666666,3,0.2,9,0.3333333333333333,0.0015463187359273435,0.0006375730037689209,0.0005339961498975754,1.110893984635671e-05
ood,val_square,OFFICIAL_ADAJEPA,13,square,15,3,contrast (repeated within episode; not independent samples),0.0016375031943122547,0.004620470251722824,-0.10357142857142855,0.4,6,0.4,13,0.46153846153846156,1e-06,0.5333333333333333,5,0.3333333333333333,10,0.5,0.0013735233806073666,0.0005304575276871522,0.004107486456632614,1.03863887488842e-05
ood,val_square,OFFICIAL_ADAJEPA,14,square,15,3,contrast (repeated within episode; not independent samples),0.0024432692676782607,0.00618593575232302,0.03214285714285714,0.4,6,0.4,11,0.5454545454545454,1e-06,0.6,4,0.26666666666666666,7,0.5714285714285714,0.002018417480091254,0.0008809996768832206,0.004144132137298584,3.287152697642644e-05
ood,val_square,OFFICIAL_ADAJEPA,15,square,15,3,contrast (repeated within episode; not independent samples),0.0035732125552992025,0.010003872716166052,-0.20357142857142854,0.5333333333333333,4,0.26666666666666666,10,0.4,1e-06,0.5333333333333333,3,0.2,6,0.5,0.0018206413214405378,0.0019087508010367552,0.013322621583938599,4.117662707964579e-05
ood,val_square,OFFICIAL_ADAJEPA,16,square,15,3,contrast (repeated within episode; not independent samples),0.0014034802404542764,0.0031380278756866476,-0.14285714285714282,0.26666666666666666,9,0.6,13,0.6923076923076923,1e-06,0.4666666666666667,6,0.4,9,0.6666666666666666,0.002452679102619489,0.0034184168092906476,0.008350074291229248,8.280488351980845e-05
ood,val_square,OFFICIAL_ADAJEPA,17,square,15,3,contrast (repeated within episode; not independent samples),0.002120019805928071,0.004045400742624812,-0.13214285714285715,0.2,10,0.6666666666666666,11,0.9090909090909091,1e-06,0.4,7,0.4666666666666667,8,0.875,0.0030096440576016905,0.004759550808618466,0.0071905627846717834,7.191027204195658e-05
ood,val_square,OFFICIAL_ADAJEPA,18,square,15,3,contrast (repeated within episode; not independent samples),0.0025742833192149797,0.005749771968959687,0.2607142857142857,0.4,6,0.4,11,0.5454545454545454,1e-06,0.6666666666666666,4,0.26666666666666666,9,0.4444444444444444,0.0014050218276679515,0.003942729563762745,0.00559418648481369,4.204058398803075e-05
ood,val_square,OFFICIAL_ADAJEPA,19,square,15,3,contrast (repeated within episode; not independent samples),0.0019433811927835147,0.004641000704455265,0.5214285714285714,0.5333333333333333,5,0.3333333333333333,12,0.4166666666666667,1e-06,0.6666666666666666,4,0.26666666666666666,8,0.5,0.0014830841682851315,0.003415533434599638,0.0001351512037217617,2.0689827700455983e-05
ood,val_square,PREDICTOR_ONLY,0,square,25,5,contrast (repeated within episode; not independent samples),0.021430160403251648,0.03690967506899339,0.4989421134803676,0.68,6,0.24,25,0.24,1e-06,0.72,6,0.24,21,0.2857142857142857,0.05922687716782093,0.06484325885772706,0.041478872299194336,0.0
ood,val_square,PREDICTOR_ONLY,1,square,25,5,contrast (repeated within episode; not independent samples),0.09855870485305786,0.3415850835500992,-0.1250240453979333,0.44,11,0.44,22,0.5,1e-06,0.56,10,0.4,17,0.5882352941176471,0.08336628966033459,0.052813774347305296,0.6975286602973938,0.0
ood,val_square,PREDICTOR_ONLY,2,square,25,5,contrast (repeated within episode; not independent samples),0.05858305770903826,0.17313118239892772,0.37461538461538463,0.68,6,0.24,20,0.3,1e-06,0.72,5,0.2,16,0.3125,0.023821657076478004,0.0375047055259347,0.024046897888183594,0.0
ood,val_square,PREDICTOR_ONLY,3,square,25,5,contrast (repeated within episode; not independent samples),0.03200699875131249,0.0852937946067738,-0.15307692307692308,0.4,12,0.48,21,0.5714285714285714,1e-06,0.48,8,0.32,16,0.5,0.004242027178406715,0.02964556688442826,0.09023356437683105,0.0
ood,val_square,PREDICTOR_ONLY,4,square,25,5,contrast (repeated within episode; not independent samples),0.007895091883838176,0.018452241859642365,0.1476923076923077,0.44,13,0.52,23,0.5652173913043478,1e-06,0.52,12,0.48,18,0.6666666666666666,0.015127998255193233,0.01932212110608816,0.006351858377456665,0.0
ood,val_square,PREDICTOR_ONLY,5,square,25,5,contrast (repeated within episode; not independent samples),0.0017477257177233696,0.006136610881703534,-0.15076923076923077,0.44,13,0.52,23,0.5652173913043478,1e-06,0.52,11,0.44,16,0.6875,0.001231585443019867,0.0011060687713325024,0.008400887250900269,0.0
ood,val_square,PREDICTOR_ONLY,6,square,25,5,contrast (repeated within episode; not independent samples),0.0013523277826607226,0.004601489777963888,0.06076923076923077,0.48,10,0.4,21,0.47619047619047616,1e-06,0.56,8,0.32,15,0.5333333333333333,0.0008302312903106213,0.0011253344640135764,0.001297295093536377,0.0
ood,val_square,PREDICTOR_ONLY,7,square,25,5,contrast (repeated within episode; not independent samples),0.0011995122907683252,0.0035920059709746636,-0.004618939012996821,0.48,7,0.28,17,0.4117647058823529,1e-06,0.52,7,0.28,12,0.5833333333333334,0.00024753545876592397,0.001243931371718645,0.015410037711262703,0.0
ood,val_square,PREDICTOR_ONLY,8,square,25,5,contrast (repeated within episode; not independent samples),0.0006859570369124413,0.0016512341688649475,0.49009425795989847,0.6,8,0.32,22,0.36363636363636365,1e-06,0.76,4,0.16,14,0.2857142857142857,0.0008616166096180678,0.0009193152654916048,0.0004892908036708832,0.0
ood,val_square,PREDICTOR_ONLY,9,square,25,5,contrast (repeated within episode; not independent samples),0.000821101744659245,0.002168925980359907,0.5327048864948056,0.72,5,0.2,21,0.23809523809523808,1e-06,0.72,4,0.16,14,0.2857142857142857,0.000786556820385158,0.0006785821821540594,0.0008963048458099365,0.0
ood,val_square,PREDICTOR_ONLY,10,square,25,5,contrast (repeated within episode; not independent samples),0.0007020044047385454,0.0018411481123259787,0.2812079298027361,0.44,11,0.44,20,0.55,1e-06,0.6,8,0.32,14,0.5714285714285714,0.0009597744420170784,0.0008652404230087995,0.003185417503118515,0.0
ood,val_square,PREDICTOR_ONLY,11,square,25,5,contrast (repeated within episode; not independent samples),0.00103989414870739,0.0025792078314150475,0.272360074282267,0.44,13,0.52,20,0.65,1e-06,0.52,6,0.24,12,0.5,0.0008044022228568793,0.001039260784164071,0.0003116196021437645,0.0
ood,val_square,PREDICTOR_ONLY,12,square,25,5,contrast (repeated within episode; not independent samples),0.000777899632230401,0.002590630331405891,0.3830769230769231,0.56,7,0.28,15,0.4666666666666667,1e-06,0.64,5,0.2,9,0.5555555555555556,0.0013628904521465301,0.001078218510374427,0.00032629072666168213,0.0
ood,val_square,PREDICTOR_ONLY,13,square,25,5,contrast (repeated within episode; not independent samples),0.0013890745490789413,0.003619915532034774,0.44076923076923075,0.6,8,0.32,19,0.42105263157894735,1e-06,0.68,5,0.2,13,0.38461538461538464,0.0007334211841225624,0.0010155061818659305,0.004440966993570328,0.0
ood,val_square,PREDICTOR_ONLY,14,square,25,5,contrast (repeated within episode; not independent samples),0.0008855435252189636,0.0028654531960040294,0.6547413085147152,0.72,4,0.16,20,0.2,1e-06,0.72,2,0.08,11,0.18181818181818182,0.0007904832530766726,0.0005139978323131799,0.00022107362747192383,0.0
ood,val_square,PREDICTOR_ONLY,15,square,25,5,contrast (repeated within episode; not independent samples),0.0010364546673372389,0.0027452825498498067,0.41815734568477997,0.4,10,0.4,18,0.5555555555555556,1e-06,0.6,6,0.24,12,0.5,0.0008512203162536025,0.0007441283855587244,0.0029695630073547363,0.0
ood,val_square,PREDICTOR_ONLY,16,square,25,5,contrast (repeated within episode; not independent samples),0.0008782201819121838,0.0026103133546311794,0.40076923076923077,0.44,11,0.44,20,0.55,1e-06,0.68,5,0.2,14,0.35714285714285715,0.001349042933434248,0.00109864616766572,0.0004434622824192047,0.0
ood,val_square,PREDICTOR_ONLY,17,square,25,5,contrast (repeated within episode; not independent samples),0.0019832119811326264,0.004907916285604833,0.3815384615384615,0.6,9,0.36,16,0.5625,1e-06,0.6,7,0.28,11,0.6363636363636364,0.0013738651480525732,0.0019473483599722384,0.002618461847305298,0.0
ood,val_square,PREDICTOR_ONLY,18,square,25,5,contrast (repeated within episode; not independent samples),0.0011863931082189082,0.0030983649339672552,0.7453846153846154,0.76,5,0.2,17,0.29411764705882354,1e-06,0.76,1,0.04,10,0.1,0.0016106384806334972,0.0027912665344774724,0.0003637969493865967,0.0
ood,val_square,PREDICTOR_ONLY,19,square,25,5,contrast (repeated within episode; not independent samples),0.000958557166159153,0.0033300337003081886,0.5975375144286263,0.6,7,0.28,15,0.4666666666666667,1e-06,0.64,5,0.2,10,0.5,0.0012904850766062737,0.0022407858446240425,0.00031773000955581665,0.0
