phase,split,run_id,arm,sample_id,adaptation_mpc_iter,next_query_mpc_iter,support_loss_delta,support_loss_improved,next_query_mae,next_query_thresholded_false_rate_all,next_query_sign_accuracy,next_query_max_env_worsening
development,val_T,dev_valT_official_n3,OFFICIAL_ADAJEPA,0,0,1,-0.0016519478522241116,True,0.005883297789841891,0.4,0.6,0.0002140328288078308
development,val_T,dev_valT_official_n3,OFFICIAL_ADAJEPA,0,1,2,-0.0016794248949736357,True,0.003938131965696812,0.2,0.6,0.0001847967505455017
development,val_T,dev_valT_official_n3,OFFICIAL_ADAJEPA,0,2,3,-0.0006256815977394581,True,0.008186433929949999,0.2,0.6,0.0032844766974449158
development,val_T,dev_valT_official_n3,OFFICIAL_ADAJEPA,0,3,4,-0.00034158513881266117,True,0.006862625014036894,0.4,0.6,0.0027066320180892944
development,val_T,dev_valT_official_n3,OFFICIAL_ADAJEPA,0,4,5,-0.0001923288218677044,True,0.00047250278294086456,0.0,0.6,2.3283064365386963e-09
development,val_T,dev_valT_official_n3,OFFICIAL_ADAJEPA,0,5,6,-0.0005763936787843704,True,0.0008334272773936391,0.2,0.6,0.00023495941422879696
development,val_T,dev_valT_official_n3,OFFICIAL_ADAJEPA,0,6,7,0.0004996054340153933,False,9.472658857703208e-05,0.2,0.6,1.6032252460718155e-05
development,val_T,dev_valT_official_n3,OFFICIAL_ADAJEPA,0,7,8,-0.000973682152107358,True,0.0005241759819909931,0.0,0.8,0.0
development,val_T,dev_valT_official_n3,OFFICIAL_ADAJEPA,0,8,9,-0.00014574360102415085,True,2.800764050334692e-05,0.0,0.6,1.1641532182693481e-09
development,val_T,dev_valT_official_n3,OFFICIAL_ADAJEPA,0,9,10,-0.00014054379425942898,True,0.00020420951768755912,0.0,0.8,1.1641532182693481e-09
development,val_T,dev_valT_official_n3,OFFICIAL_ADAJEPA,1,0,1,-0.000368233653716743,True,0.00762978196144104,0.2,0.8,1.4256685972213745e-05
development,val_T,dev_valT_official_n3,OFFICIAL_ADAJEPA,1,1,2,-0.0005539150442928076,True,0.011543768225237727,0.2,0.6,7.26059079170227e-05
development,val_T,dev_valT_official_n3,OFFICIAL_ADAJEPA,1,2,3,-0.0002763520460575819,True,0.003713127365335822,0.0,0.6,0.0
development,val_T,dev_valT_official_n3,OFFICIAL_ADAJEPA,1,3,4,-0.0002475650981068611,True,0.0022880104603245854,0.0,0.8,3.958120942115784e-09
development,val_T,dev_valT_official_n3,OFFICIAL_ADAJEPA,1,4,5,2.1348590962588787e-05,False,0.00034934530267491935,0.2,0.6,5.602632882073522e-06
development,val_T,dev_valT_official_n3,OFFICIAL_ADAJEPA,2,0,1,-0.0034973821602761745,True,0.0010034943930804729,0.0,0.6,7.450580596923828e-09
development,val_T,dev_valT_official_n3,OFFICIAL_ADAJEPA,2,1,2,-0.001085867639631033,True,0.005917189829051495,0.0,0.8,0.0
development,val_T,dev_valT_official_n3,OFFICIAL_ADAJEPA,2,2,3,-0.0007361429743468761,True,0.0012663123197853565,0.6,0.4,0.00016676448285579681
development,val_T,dev_valT_official_n3,OFFICIAL_ADAJEPA,2,3,4,-0.00024326611310243607,True,0.009136788081377745,0.2,0.6,0.01670052483677864
development,val_T,dev_valT_official_n3,OFFICIAL_ADAJEPA,2,4,5,-0.0005166558548808098,True,0.001054984936490655,0.0,0.6,5.131750367581844e-05
development,val_T,dev_valT_official_n3,OFFICIAL_ADAJEPA,2,5,6,-0.0002964467275887728,True,0.00010851563420146703,0.2,0.4,3.0044466257095337e-06
development,val_T,dev_valT_predictor_only_n3,PREDICTOR_ONLY,0,0,1,-0.0013096206821501255,True,0.004769079480320215,0.4,0.6,0.0009675566107034683
development,val_T,dev_valT_predictor_only_n3,PREDICTOR_ONLY,0,1,2,-0.001334975240752101,True,0.005968829616904259,0.4,0.6,0.0005583781749010086
development,val_T,dev_valT_predictor_only_n3,PREDICTOR_ONLY,0,2,3,-0.0007812925614416599,True,0.008789280336350203,0.2,0.8,0.0025468263775110245
development,val_T,dev_valT_predictor_only_n3,PREDICTOR_ONLY,0,3,4,-0.0004343218170106411,True,0.009087339974939823,0.4,0.6,0.005506239831447601
development,val_T,dev_valT_predictor_only_n3,PREDICTOR_ONLY,0,4,5,-0.00032042269594967365,True,0.0006951373070478439,0.0,0.6,9.606452658772469e-05
development,val_T,dev_valT_predictor_only_n3,PREDICTOR_ONLY,0,5,6,-0.0003653399180620909,True,0.0009862053906545044,0.4,0.4,0.0003535009454935789
development,val_T,dev_valT_predictor_only_n3,PREDICTOR_ONLY,0,6,7,6.960402242839336e-05,False,0.0007431420031934977,0.0,0.6,0.0
development,val_T,dev_valT_predictor_only_n3,PREDICTOR_ONLY,0,7,8,-0.0006421580910682678,True,0.0007022219942882657,0.2,0.6,0.00010924297384917736
development,val_T,dev_valT_predictor_only_n3,PREDICTOR_ONLY,0,8,9,-2.320040948688984e-05,True,0.0003059385227970779,0.0,0.4,1.6298145055770874e-09
development,val_T,dev_valT_predictor_only_n3,PREDICTOR_ONLY,0,9,10,-0.0003951769322156906,True,0.00034178948262706397,0.4,0.4,0.00012206402607262135
development,val_T,dev_valT_predictor_only_n3,PREDICTOR_ONLY,1,0,1,-0.00042513106018304825,True,0.0008154172450304031,0.0,0.6,1.257285475730896e-08
development,val_T,dev_valT_predictor_only_n3,PREDICTOR_ONLY,2,0,1,-0.0029050414450466633,True,0.0006475939415395259,0.2,0.8,4.9229711294174194e-06
development,val_T,dev_valT_predictor_only_n3,PREDICTOR_ONLY,2,1,2,-0.0009702076204121113,True,0.004532835818827153,0.0,0.4,9.862706065177917e-07
development,val_T,dev_valT_predictor_only_n3,PREDICTOR_ONLY,2,2,3,-0.0007944377139210701,True,0.0011832728050649166,0.2,0.8,7.531605660915375e-06
development,val_T,dev_valT_predictor_only_n3,PREDICTOR_ONLY,2,3,4,-0.0003622653894126415,True,0.0012884891591966152,0.0,0.8,0.0
development,val_T,dev_valT_predictor_only_n3,PREDICTOR_ONLY,2,4,5,-0.0005601283628493547,True,0.00047733662649989127,0.0,1.0,9.778887033462524e-09
development,val_L,dev_valL_official_n3,OFFICIAL_ADAJEPA,0,0,1,-0.0020596489775925875,True,0.28429351677186787,0.2,0.6,0.004438560456037521
development,val_L,dev_valL_official_n3,OFFICIAL_ADAJEPA,0,1,2,-0.000672265188768506,True,0.017721579223871232,0.2,0.4,0.001083998940885067
development,val_L,dev_valL_official_n3,OFFICIAL_ADAJEPA,0,2,3,-0.0005823662504553795,True,0.01541941612958908,0.2,0.6,0.0016231727786362171
development,val_L,dev_valL_official_n3,OFFICIAL_ADAJEPA,0,3,4,-0.0001772744581103325,True,0.013123609591275454,0.2,0.8,0.007590005174279213
development,val_L,dev_valL_official_n3,OFFICIAL_ADAJEPA,0,4,5,-0.0009666541591286659,True,0.0004497138084843755,0.2,0.6,2.199312439188361e-05
development,val_L,dev_valL_official_n3,OFFICIAL_ADAJEPA,1,0,1,-0.0011405753903090954,True,0.007220367342233658,0.4,0.6,0.0027472656220197678
development,val_L,dev_valL_official_n3,OFFICIAL_ADAJEPA,1,1,2,-0.002940152771770954,True,0.06270132772624493,0.0,0.8,4.2654573917388916e-07
development,val_L,dev_valL_official_n3,OFFICIAL_ADAJEPA,1,2,3,-0.00018081162124872208,True,0.027166634704917668,0.2,0.8,0.12956377118825912
development,val_L,dev_valL_official_n3,OFFICIAL_ADAJEPA,1,3,4,-0.0007174951024353504,True,0.0020973513834178447,0.2,0.8,0.003470783121883869
development,val_L,dev_valL_official_n3,OFFICIAL_ADAJEPA,1,4,5,-0.00023726606741547585,True,0.004947835672646761,0.4,0.6,0.02261747093871236
development,val_L,dev_valL_official_n3,OFFICIAL_ADAJEPA,2,0,1,-0.0014071294572204351,True,0.006263768766075373,0.2,0.6,0.0017510026227682829
development,val_L,dev_valL_official_n3,OFFICIAL_ADAJEPA,2,1,2,-0.0009248452261090279,True,0.01731325425207615,0.2,0.6,3.50363552570343e-06
development,val_L,dev_valL_official_n3,OFFICIAL_ADAJEPA,2,2,3,-0.0005419079679995775,True,0.02865469139069319,0.2,0.8,0.0007571056485176086
development,val_L,dev_valL_official_n3,OFFICIAL_ADAJEPA,2,3,4,-0.000597943551838398,True,0.005131251737475395,0.4,0.4,0.00965593010187149
development,val_L,dev_valL_official_n3,OFFICIAL_ADAJEPA,2,4,5,-0.0005027868319302797,True,0.003156798891723156,0.2,0.4,0.0004926258698105812
development,val_L,dev_valL_official_n3,OFFICIAL_ADAJEPA,2,5,6,-0.0007705111056566238,True,0.0014232560992240907,0.2,0.4,2.6986468583345413e-05
development,val_L,dev_valL_official_n3,OFFICIAL_ADAJEPA,2,6,7,-0.0011047252919524908,True,0.0009397371206432581,0.2,0.6,0.00010241498239338398
development,val_L,dev_valL_official_n3,OFFICIAL_ADAJEPA,2,7,8,-0.000977042829617858,True,0.0001249849214218557,0.0,0.6,8.852395694702864e-06
development,val_L,dev_valL_predictor_only_n3,PREDICTOR_ONLY,0,0,1,-0.0019252314232289791,True,0.28225290328264235,0.2,0.8,0.0009225010871887207
development,val_L,dev_valL_predictor_only_n3,PREDICTOR_ONLY,0,1,2,-0.0005799562204629183,True,0.017390766041353346,0.4,0.4,0.001068520825356245
development,val_L,dev_valL_predictor_only_n3,PREDICTOR_ONLY,0,2,3,-0.0006739564705640078,True,0.011612461507320404,0.4,0.6,0.001400685403496027
development,val_L,dev_valL_predictor_only_n3,PREDICTOR_ONLY,0,3,4,-0.00039091799408197403,True,0.009333862038329244,0.2,0.8,0.00176193006336689
development,val_L,dev_valL_predictor_only_n3,PREDICTOR_ONLY,0,4,5,-0.0006807595491409302,True,0.0004696235177107155,0.2,0.4,3.183085937052965e-06
development,val_L,dev_valL_predictor_only_n3,PREDICTOR_ONLY,1,0,1,-0.0016574906185269356,True,0.007748441677540541,0.6,0.4,0.0053186677396297455
development,val_L,dev_valL_predictor_only_n3,PREDICTOR_ONLY,1,1,2,-0.0016599821392446756,True,0.07072109170258045,0.4,0.4,8.926261216402054e-05
development,val_L,dev_valL_predictor_only_n3,PREDICTOR_ONLY,1,2,3,-0.000493394210934639,True,0.025272118393331766,0.2,0.8,0.11674581095576286
development,val_L,dev_valL_predictor_only_n3,PREDICTOR_ONLY,1,3,4,-0.00046951789408922195,True,0.13287142487242817,0.6,0.4,0.006069811061024666
development,val_L,dev_valL_predictor_only_n3,PREDICTOR_ONLY,1,4,5,-0.0003818583209067583,True,0.012722835596650838,0.4,0.6,0.06205656751990318
development,val_L,dev_valL_predictor_only_n3,PREDICTOR_ONLY,2,0,1,-0.0014533011708408594,True,0.004856028920039534,0.2,0.6,0.0006899195723235607
development,val_L,dev_valL_predictor_only_n3,PREDICTOR_ONLY,2,1,2,-0.0008792176377028227,True,0.0161758853122592,0.0,1.0,4.6566128730773926e-09
development,val_L,dev_valL_predictor_only_n3,PREDICTOR_ONLY,2,2,3,-0.0007237012032419443,True,0.015868276916444303,0.2,0.8,8.588284254074097e-05
development,val_L,dev_valL_predictor_only_n3,PREDICTOR_ONLY,2,3,4,-0.0006712463218718767,True,0.008249128889292478,0.6,0.2,0.02297040820121765
development,val_L,dev_valL_predictor_only_n3,PREDICTOR_ONLY,2,4,5,-0.0003458377905189991,True,0.0004526928532868624,0.0,0.6,1.3844110071659088e-06
development,val_L,dev_valL_predictor_only_n3,PREDICTOR_ONLY,2,5,6,-0.0004993150942027569,True,0.0017868771450594068,0.2,0.4,0.00019815005362033844
development,val_L,dev_valL_predictor_only_n3,PREDICTOR_ONLY,2,6,7,-0.0009554869029670954,True,0.0008849264588207007,0.0,0.8,0.0
ood,val_I,ood_valI_official_n5,OFFICIAL_ADAJEPA,0,0,1,-0.00433889776468277,True,0.027834362536668777,0.2,0.8,0.018069833517074585
ood,val_I,ood_valI_official_n5,OFFICIAL_ADAJEPA,0,1,2,-0.004099240526556969,True,0.04055444598197937,0.4,0.6,0.01123926043510437
ood,val_I,ood_valI_official_n5,OFFICIAL_ADAJEPA,0,2,3,-0.0037376750260591507,True,0.019674794375896455,0.2,0.8,1.0028481483459473e-05
ood,val_I,ood_valI_official_n5,OFFICIAL_ADAJEPA,0,3,4,-0.0026846807450056076,True,0.0038622736930847166,0.0,1.0,0.0
ood,val_I,ood_valI_official_n5,OFFICIAL_ADAJEPA,0,4,5,-0.002846071496605873,True,0.002096204645931721,0.4,0.4,0.0001610959880053997
ood,val_I,ood_valI_official_n5,OFFICIAL_ADAJEPA,0,5,6,-0.0035084709525108337,True,0.0005269150249660015,0.2,0.8,4.860665649175644e-05
ood,val_I,ood_valI_official_n5,OFFICIAL_ADAJEPA,0,6,7,-0.002730792388319969,True,0.0019057280384004115,0.4,0.6,0.00027486495673656464
ood,val_I,ood_valI_official_n5,OFFICIAL_ADAJEPA,0,7,8,-0.0036960020661354065,True,0.0024024926126003264,0.2,0.6,7.738173007965088e-05
ood,val_I,ood_valI_official_n5,OFFICIAL_ADAJEPA,0,8,9,-0.0014724498614668846,True,0.0008503331802785397,0.2,0.8,2.7138739824295044e-06
ood,val_I,ood_valI_official_n5,OFFICIAL_ADAJEPA,0,9,10,-0.0017049801535904408,True,0.0013774780556559563,0.2,0.8,0.0002233767881989479
ood,val_I,ood_valI_official_n5,OFFICIAL_ADAJEPA,0,10,11,-0.0007140487432479858,True,0.0001023971475660801,0.0,0.8,4.656612873077393e-10
ood,val_I,ood_valI_official_n5,OFFICIAL_ADAJEPA,0,11,12,-0.0012500118464231491,True,0.001498953253030777,0.2,0.8,1.4239922165870667e-06
ood,val_I,ood_valI_official_n5,OFFICIAL_ADAJEPA,0,12,13,0.00023635942488908768,False,0.0006991987116634846,0.2,0.8,5.463603883981705e-06
ood,val_I,ood_valI_official_n5,OFFICIAL_ADAJEPA,0,13,14,-0.0011527522001415491,True,0.003771731676533818,0.2,0.8,2.945307642221451e-06
ood,val_I,ood_valI_official_n5,OFFICIAL_ADAJEPA,0,14,15,0.0005151070654392242,False,0.000143478624522686,0.2,0.6,6.605032831430435e-05
ood,val_I,ood_valI_official_n5,OFFICIAL_ADAJEPA,0,15,16,-0.0015250961296260357,True,0.001031653815880418,0.0,0.6,0.0
ood,val_I,ood_valI_official_n5,OFFICIAL_ADAJEPA,0,16,17,0.00015198858454823494,False,0.0005144136026501656,0.0,0.8,1.3969838619232178e-09
ood,val_I,ood_valI_official_n5,OFFICIAL_ADAJEPA,0,17,18,-0.0007974840700626373,True,0.0017316860612481833,0.2,0.8,2.9248185455799103e-06
ood,val_I,ood_valI_official_n5,OFFICIAL_ADAJEPA,0,18,19,0.0003693561302497983,False,0.0012488320004194974,0.2,0.8,9.53073613345623e-05
ood,val_I,ood_valI_official_n5,OFFICIAL_ADAJEPA,1,0,1,-0.008018262684345245,True,0.03998588994145393,0.2,0.6,0.0021278485655784607
ood,val_I,ood_valI_official_n5,OFFICIAL_ADAJEPA,1,1,2,-0.003952469676733017,True,0.01598568856716156,0.2,0.8,0.002672005444765091
ood,val_I,ood_valI_official_n5,OFFICIAL_ADAJEPA,1,2,3,-0.006475144997239113,True,0.003857291489839554,0.4,0.6,0.005162779241800308
ood,val_I,ood_valI_official_n5,OFFICIAL_ADAJEPA,1,3,4,-0.003327213227748871,True,0.05091604888439179,0.2,0.6,0.004297580569982529
ood,val_I,ood_valI_official_n5,OFFICIAL_ADAJEPA,1,4,5,-0.0028113964945077896,True,0.004780749976634979,0.2,0.4,1.066364347934723e-06
ood,val_I,ood_valI_official_n5,OFFICIAL_ADAJEPA,1,5,6,-0.0025088321417570114,True,0.001578671718016267,0.0,0.8,1.4570541679859161e-06
ood,val_I,ood_valI_official_n5,OFFICIAL_ADAJEPA,2,0,1,-0.0139901302754879,True,0.1019187293946743,0.4,0.6,0.024657368659973145
ood,val_I,ood_valI_official_n5,OFFICIAL_ADAJEPA,2,1,2,-0.007587414234876633,True,0.08350192680954933,0.2,0.6,3.483891487121582e-05
ood,val_I,ood_valI_official_n5,OFFICIAL_ADAJEPA,2,2,3,-0.006472505629062653,True,0.018370813131332396,0.2,0.8,9.000301361083984e-06
ood,val_I,ood_valI_official_n5,OFFICIAL_ADAJEPA,2,3,4,-0.008622586727142334,True,0.00963449478149414,0.2,0.8,0.005865871906280518
ood,val_I,ood_valI_official_n5,OFFICIAL_ADAJEPA,2,4,5,-0.008578803390264511,True,0.002714592590928078,0.4,0.6,0.0027158893644809723
ood,val_I,ood_valI_official_n5,OFFICIAL_ADAJEPA,2,5,6,-0.010253094136714935,True,0.0021527808159589766,0.4,0.6,0.0012343339622020721
ood,val_I,ood_valI_official_n5,OFFICIAL_ADAJEPA,2,6,7,-0.00767083466053009,True,0.001870843768119812,0.2,0.8,0.0002383217215538025
ood,val_I,ood_valI_official_n5,OFFICIAL_ADAJEPA,2,7,8,-0.004593508318066597,True,7.449053227901459e-05,0.2,0.4,0.00021978840231895447
ood,val_I,ood_valI_official_n5,OFFICIAL_ADAJEPA,2,8,9,-0.002884187735617161,True,0.000270485132932663,0.6,0.4,0.0003430955111980438
ood,val_I,ood_valI_official_n5,OFFICIAL_ADAJEPA,2,9,10,-0.002482648938894272,True,0.00032851323485374453,0.2,0.4,3.1635165214538574e-05
ood,val_I,ood_valI_official_n5,OFFICIAL_ADAJEPA,2,10,11,-0.0024650245904922485,True,0.00018629506230354308,0.4,0.4,0.00017271935939788818
ood,val_I,ood_valI_official_n5,OFFICIAL_ADAJEPA,2,11,12,-0.0031616035848855972,True,0.0010625518858432769,0.2,0.4,0.00017782673239707947
ood,val_I,ood_valI_official_n5,OFFICIAL_ADAJEPA,2,12,13,-0.0020089801400899887,True,0.0007621370255947113,0.0,0.8,0.0
ood,val_I,ood_valI_official_n5,OFFICIAL_ADAJEPA,2,13,14,-0.002220793627202511,True,0.0004408419132232666,0.2,0.6,3.15643846988678e-05
ood,val_I,ood_valI_official_n5,OFFICIAL_ADAJEPA,2,14,15,-0.0009985428769141436,True,0.00047178566455841064,0.0,0.8,0.0
ood,val_I,ood_valI_official_n5,OFFICIAL_ADAJEPA,2,15,16,-0.0006165932863950729,True,0.0002094365656375885,0.2,0.6,0.0005959272384643555
ood,val_I,ood_valI_official_n5,OFFICIAL_ADAJEPA,2,16,17,-0.0005148702766746283,True,0.0004969798028469086,0.2,0.6,0.00020868703722953796
ood,val_I,ood_valI_official_n5,OFFICIAL_ADAJEPA,2,17,18,0.00019368110224604607,False,0.00017044022679328917,0.2,0.6,0.0004869513213634491
ood,val_I,ood_valI_official_n5,OFFICIAL_ADAJEPA,2,18,19,-0.0009120774921029806,True,0.00037523433566093444,0.2,0.8,0.00026087090373039246
ood,val_I,ood_valI_official_n5,OFFICIAL_ADAJEPA,3,0,1,-0.009593237191438675,True,0.01038782000541687,0.4,0.6,0.01205877959728241
ood,val_I,ood_valI_official_n5,OFFICIAL_ADAJEPA,3,1,2,-0.011182038113474846,True,0.010584164038300514,0.6,0.4,0.005753941833972931
ood,val_I,ood_valI_official_n5,OFFICIAL_ADAJEPA,3,2,3,-0.003806031309068203,True,0.014187871664762496,0.2,0.8,0.00014707446098327637
ood,val_I,ood_valI_official_n5,OFFICIAL_ADAJEPA,3,3,4,-0.0018332228064537048,True,0.0021186985075473787,0.2,0.8,0.0012946389615535736
ood,val_I,ood_valI_official_n5,OFFICIAL_ADAJEPA,3,4,5,-0.004503253847360611,True,0.0009645349346101284,0.2,0.6,2.2309832274913788e-05
ood,val_I,ood_valI_official_n5,OFFICIAL_ADAJEPA,3,5,6,-0.0030725356191396713,True,0.0010612201876938343,0.4,0.6,0.00020336592569947243
ood,val_I,ood_valI_official_n5,OFFICIAL_ADAJEPA,3,6,7,-0.0031419796869158745,True,0.00028390311636030676,0.2,0.6,8.618459105491638e-06
ood,val_I,ood_valI_official_n5,OFFICIAL_ADAJEPA,3,7,8,-0.003130369819700718,True,0.00023997784592211246,0.4,0.4,0.0003030411899089813
ood,val_I,ood_valI_official_n5,OFFICIAL_ADAJEPA,3,8,9,-0.0029489807784557343,True,0.00029154825024306773,0.4,0.6,0.0004091705195605755
ood,val_I,ood_valI_official_n5,OFFICIAL_ADAJEPA,3,9,10,-0.0007000379264354706,True,0.0017174292355775834,0.6,0.4,0.0008649984374642372
ood,val_I,ood_valI_official_n5,OFFICIAL_ADAJEPA,3,10,11,-0.0038735419511795044,True,1.9388087093830108e-05,0.4,0.6,2.704095095396042e-06
ood,val_I,ood_valI_official_n5,OFFICIAL_ADAJEPA,3,11,12,-0.001764019951224327,True,0.0010457917116582394,0.6,0.4,0.0013957847841084003
ood,val_I,ood_valI_official_n5,OFFICIAL_ADAJEPA,3,12,13,-0.003222241997718811,True,0.0017994788475334644,0.8,0.2,0.005072019994258881
ood,val_I,ood_valI_official_n5,OFFICIAL_ADAJEPA,3,13,14,0.0004031015560030937,False,0.0006371466442942619,0.6,0.2,0.0018593594431877136
ood,val_I,ood_valI_official_n5,OFFICIAL_ADAJEPA,3,14,15,-0.0022486867383122444,True,0.0019860866479575632,0.4,0.6,0.0024104160256683826
ood,val_I,ood_valI_official_n5,OFFICIAL_ADAJEPA,3,15,16,0.0001100366935133934,False,0.002068514935672283,0.2,0.8,0.009801361709833145
ood,val_I,ood_valI_official_n5,OFFICIAL_ADAJEPA,3,16,17,-0.0019262423738837242,True,0.001859870832413435,0.2,0.8,8.629634976387024e-06
ood,val_I,ood_valI_official_n5,OFFICIAL_ADAJEPA,3,17,18,0.0006695534102618694,False,0.0018463177606463433,0.2,0.8,0.00045075081288814545
ood,val_I,ood_valI_official_n5,OFFICIAL_ADAJEPA,3,18,19,-0.0009999009780585766,True,0.0019169709645211696,0.4,0.6,0.008467374369502068
ood,val_I,ood_valI_official_n5,OFFICIAL_ADAJEPA,4,0,1,-0.007218506187200546,True,0.018482719361782075,0.2,0.8,0.0034060850739479065
ood,val_I,ood_valI_official_n5,OFFICIAL_ADAJEPA,4,1,2,-0.010965419933199883,True,0.007952428609132766,0.2,0.6,0.004154309630393982
ood,val_I,ood_valI_official_n5,OFFICIAL_ADAJEPA,4,2,3,-0.007101919502019882,True,0.006438050419092178,0.2,0.6,0.0032289251685142517
ood,val_I,ood_valI_official_n5,OFFICIAL_ADAJEPA,4,3,4,-0.006304921582341194,True,0.0066517025232315065,0.6,0.4,0.0020293258130550385
ood,val_I,ood_valI_official_n5,OFFICIAL_ADAJEPA,4,4,5,-0.005000703036785126,True,0.0002523055300116539,0.0,1.0,1.671724021434784e-07
ood,val_I,ood_valI_official_n5,OFFICIAL_ADAJEPA,4,5,6,-0.004014503210783005,True,0.00014263447374105454,0.0,0.6,3.725290298461914e-09
ood,val_I,ood_valI_official_n5,OFFICIAL_ADAJEPA,4,6,7,-0.004580395296216011,True,9.888885542750359e-05,0.0,0.8,0.0
ood,val_I,ood_valI_official_n5,OFFICIAL_ADAJEPA,4,7,8,-0.003357107751071453,True,0.0001272154040634632,0.2,0.6,8.943816646933556e-05
ood,val_I,ood_valI_official_n5,OFFICIAL_ADAJEPA,4,8,9,-0.0021493621170520782,True,0.0001206444576382637,0.4,0.6,5.727587267756462e-05
ood,val_I,ood_valI_official_n5,OFFICIAL_ADAJEPA,4,9,10,-0.001970953308045864,True,0.00020742826163768768,0.2,0.8,2.217944711446762e-06
ood,val_I,ood_valI_official_n5,OFFICIAL_ADAJEPA,4,10,11,-0.00233231158927083,True,0.00032601547427475454,0.2,0.6,4.833238199353218e-05
ood,val_I,ood_valI_official_n5,OFFICIAL_ADAJEPA,4,11,12,-0.0014838115312159061,True,0.0009300509467720985,0.2,0.8,2.1918676793575287e-06
ood,val_I,ood_valI_official_n5,OFFICIAL_ADAJEPA,4,12,13,-0.0016264468431472778,True,0.000426538148894906,0.2,0.6,0.00014482438564300537
ood,val_I,ood_valI_official_n5,OFFICIAL_ADAJEPA,4,13,14,-0.001437232829630375,True,0.0005135340616106987,0.2,0.8,0.0004208385944366455
ood,val_I,ood_valI_official_n5,OFFICIAL_ADAJEPA,4,14,15,-0.0006957689765840769,True,0.00030815694481134415,0.0,0.6,1.1683441698551178e-06
ood,val_I,ood_valI_official_n5,OFFICIAL_ADAJEPA,4,15,16,-0.0006410207133740187,True,0.0007735456340014935,0.0,0.8,0.0
ood,val_I,ood_valI_official_n5,OFFICIAL_ADAJEPA,4,16,17,2.991827204823494e-05,False,0.0005081609822809696,0.4,0.4,0.0001515233889222145
ood,val_I,ood_valI_official_n5,OFFICIAL_ADAJEPA,4,17,18,-0.0004996971692889929,True,0.0006422469392418862,0.2,0.8,0.00021818652749061584
ood,val_I,ood_valI_official_n5,OFFICIAL_ADAJEPA,4,18,19,-0.00013611884787678719,True,0.0002655345946550369,0.0,0.6,5.587935447692871e-09
ood,val_I,ood_valI_predictor_only_n5,PREDICTOR_ONLY,0,0,1,-0.00488126277923584,True,0.01435222513973713,0.4,0.6,0.005315139889717102
ood,val_I,ood_valI_predictor_only_n5,PREDICTOR_ONLY,0,1,2,-0.003778054378926754,True,0.046992001682519914,0.2,0.6,0.015025883913040161
ood,val_I,ood_valI_predictor_only_n5,PREDICTOR_ONLY,0,2,3,-0.0036971988156437874,True,0.026106803864240646,0.4,0.6,0.012371957302093506
ood,val_I,ood_valI_predictor_only_n5,PREDICTOR_ONLY,0,3,4,-0.002698523923754692,True,0.00349307507276535,0.0,0.8,8.23289155960083e-07
ood,val_I,ood_valI_predictor_only_n5,PREDICTOR_ONLY,0,4,5,-0.002714049071073532,True,0.002111408580094576,0.4,0.6,6.661191582679749e-05
ood,val_I,ood_valI_predictor_only_n5,PREDICTOR_ONLY,0,5,6,-0.0029134489595890045,True,0.0025118645280599594,0.4,0.6,0.00014115683734416962
ood,val_I,ood_valI_predictor_only_n5,PREDICTOR_ONLY,0,6,7,-0.002152814529836178,True,0.001910174358636141,0.0,0.8,4.633329808712006e-06
ood,val_I,ood_valI_predictor_only_n5,PREDICTOR_ONLY,0,7,8,-0.0033683227375149727,True,0.00030712047591805456,0.2,0.8,4.661409184336662e-05
ood,val_I,ood_valI_predictor_only_n5,PREDICTOR_ONLY,0,8,9,-0.0014738552272319794,True,0.0006957058794796467,0.2,0.6,9.428057819604874e-05
ood,val_I,ood_valI_predictor_only_n5,PREDICTOR_ONLY,0,9,10,-0.0016237557865679264,True,0.0013112149201333523,0.0,0.6,0.0
ood,val_I,ood_valI_predictor_only_n5,PREDICTOR_ONLY,0,10,11,-7.088808342814445e-05,True,0.001800377480685711,0.4,0.4,6.8568624556064606e-06
ood,val_I,ood_valI_predictor_only_n5,PREDICTOR_ONLY,0,11,12,-0.0017176507972180843,True,0.0028639955446124075,0.0,1.0,5.718320608139038e-07
ood,val_I,ood_valI_predictor_only_n5,PREDICTOR_ONLY,0,12,13,0.0007481249049305916,False,0.0010626171715557575,0.0,0.8,2.3283064365386963e-09
ood,val_I,ood_valI_predictor_only_n5,PREDICTOR_ONLY,0,13,14,-0.0019370093941688538,True,0.0025434375274926424,0.0,1.0,1.862645149230957e-09
ood,val_I,ood_valI_predictor_only_n5,PREDICTOR_ONLY,0,14,15,0.0007923424709588289,False,0.0009398030582815408,0.0,1.0,3.259629011154175e-09
ood,val_I,ood_valI_predictor_only_n5,PREDICTOR_ONLY,0,15,16,-0.001815583324059844,True,0.00018830313347280027,0.2,0.8,2.3727770894765854e-05
ood,val_I,ood_valI_predictor_only_n5,PREDICTOR_ONLY,0,16,17,0.00047594448551535606,False,0.001059770630672574,0.0,0.8,5.057081580162048e-07
ood,val_I,ood_valI_predictor_only_n5,PREDICTOR_ONLY,0,17,18,-0.0008571618236601353,True,0.0002565802540630102,0.4,0.4,1.0095536708831787e-05
ood,val_I,ood_valI_predictor_only_n5,PREDICTOR_ONLY,0,18,19,0.0006193979643285275,False,0.0014739776961505413,0.4,0.6,0.00015347637236118317
ood,val_I,ood_valI_predictor_only_n5,PREDICTOR_ONLY,1,0,1,-0.007657893002033234,True,0.035384731739759444,0.2,0.6,0.0014118105173110962
ood,val_I,ood_valI_predictor_only_n5,PREDICTOR_ONLY,1,1,2,-0.003588717430830002,True,0.015794191509485245,0.2,0.8,0.00034348294138908386
ood,val_I,ood_valI_predictor_only_n5,PREDICTOR_ONLY,1,2,3,-0.004839340224862099,True,0.014375820755958557,0.4,0.6,0.0011637359857559204
ood,val_I,ood_valI_predictor_only_n5,PREDICTOR_ONLY,1,3,4,-0.003572821617126465,True,0.04973030760884285,0.0,0.8,7.450580596923828e-08
ood,val_I,ood_valI_predictor_only_n5,PREDICTOR_ONLY,1,4,5,-0.002998022362589836,True,0.005416388530284167,0.2,0.4,2.575572580099106e-05
ood,val_I,ood_valI_predictor_only_n5,PREDICTOR_ONLY,1,5,6,-0.002397165633738041,True,0.0021212104707956313,0.2,0.6,0.0006813195068389177
ood,val_I,ood_valI_predictor_only_n5,PREDICTOR_ONLY,2,0,1,-0.010117340832948685,True,0.10405604019761086,0.4,0.4,0.03530538082122803
ood,val_I,ood_valI_predictor_only_n5,PREDICTOR_ONLY,2,1,2,-0.006333673372864723,True,0.029560329765081404,0.2,0.8,0.0053965747356414795
ood,val_I,ood_valI_predictor_only_n5,PREDICTOR_ONLY,2,2,3,-0.005025148391723633,True,0.021842125058174133,0.0,0.8,2.9802322387695312e-08
ood,val_I,ood_valI_predictor_only_n5,PREDICTOR_ONLY,2,3,4,-0.006421912461519241,True,0.01921428143978119,0.0,1.0,0.0
ood,val_I,ood_valI_predictor_only_n5,PREDICTOR_ONLY,2,4,5,-0.007077060639858246,True,0.003125164657831192,0.4,0.6,0.014277584850788116
ood,val_I,ood_valI_predictor_only_n5,PREDICTOR_ONLY,2,5,6,-0.009011916816234589,True,0.002675672248005867,0.0,0.8,7.189810276031494e-07
ood,val_I,ood_valI_predictor_only_n5,PREDICTOR_ONLY,2,6,7,-0.007375359535217285,True,0.002664746344089508,0.4,0.4,0.0008237622678279877
ood,val_I,ood_valI_predictor_only_n5,PREDICTOR_ONLY,2,7,8,-0.0051965005695819855,True,0.0030095532536506655,0.6,0.4,0.002161175012588501
ood,val_I,ood_valI_predictor_only_n5,PREDICTOR_ONLY,2,8,9,-0.005020029842853546,True,0.0009062051773071289,0.4,0.6,0.0014237947762012482
ood,val_I,ood_valI_predictor_only_n5,PREDICTOR_ONLY,2,9,10,-0.007219105958938599,True,0.0018561355769634246,0.2,0.8,6.313249468803406e-05
ood,val_I,ood_valI_predictor_only_n5,PREDICTOR_ONLY,2,10,11,-0.008649036288261414,True,0.002121320366859436,0.6,0.4,0.009651020169258118
ood,val_I,ood_valI_predictor_only_n5,PREDICTOR_ONLY,2,11,12,-0.0049729980528354645,True,0.0006290026009082794,0.6,0.4,0.00041574984788894653
ood,val_I,ood_valI_predictor_only_n5,PREDICTOR_ONLY,2,12,13,-0.003387199714779854,True,0.0001339539885520935,0.6,0.4,0.00020187720656394958
ood,val_I,ood_valI_predictor_only_n5,PREDICTOR_ONLY,2,13,14,-0.0035003945231437683,True,0.001626201719045639,0.4,0.4,0.00017246603965759277
ood,val_I,ood_valI_predictor_only_n5,PREDICTOR_ONLY,2,14,15,-0.004283605143427849,True,0.001813565194606781,0.2,0.6,0.00028933584690093994
ood,val_I,ood_valI_predictor_only_n5,PREDICTOR_ONLY,2,15,16,-0.00536971352994442,True,0.0008873753249645233,0.2,0.6,1.4923512935638428e-05
ood,val_I,ood_valI_predictor_only_n5,PREDICTOR_ONLY,2,16,17,-0.003937354311347008,True,0.00046166256070137026,0.0,1.0,3.241002559661865e-07
ood,val_I,ood_valI_predictor_only_n5,PREDICTOR_ONLY,2,17,18,-0.0022956151515245438,True,0.00032613947987556455,0.4,0.4,0.00016613304615020752
ood,val_I,ood_valI_predictor_only_n5,PREDICTOR_ONLY,2,18,19,-0.0023575518280267715,True,0.000752074271440506,0.2,0.4,0.0015862584114074707
ood,val_I,ood_valI_predictor_only_n5,PREDICTOR_ONLY,3,0,1,-0.0055530983954668045,True,0.015989332646131515,0.2,0.8,0.00683969259262085
ood,val_I,ood_valI_predictor_only_n5,PREDICTOR_ONLY,3,1,2,-0.0073746684938669205,True,0.012482405826449394,0.6,0.4,0.0010344982147216797
ood,val_I,ood_valI_predictor_only_n5,PREDICTOR_ONLY,3,2,3,-0.005131825804710388,True,0.020223790779709816,0.4,0.4,0.08091342449188232
ood,val_I,ood_valI_predictor_only_n5,PREDICTOR_ONLY,3,3,4,-0.003306351602077484,True,0.004697395116090774,0.4,0.6,0.00253140926361084
ood,val_I,ood_valI_predictor_only_n5,PREDICTOR_ONLY,3,4,5,-0.003748249262571335,True,0.0015743272379040718,0.2,0.6,0.0004508215934038162
ood,val_I,ood_valI_predictor_only_n5,PREDICTOR_ONLY,3,5,6,-0.005360350012779236,True,0.00032813772559165956,0.4,0.6,0.00015926267951726913
ood,val_I,ood_valI_predictor_only_n5,PREDICTOR_ONLY,3,6,7,-0.0046034157276153564,True,0.00024655340239405633,0.0,1.0,3.6461278796195984e-07
ood,val_I,ood_valI_predictor_only_n5,PREDICTOR_ONLY,3,7,8,-0.004274433478713036,True,0.0002394719049334526,0.4,0.6,0.0001541576348245144
ood,val_I,ood_valI_predictor_only_n5,PREDICTOR_ONLY,3,8,9,-0.0025237901136279106,True,0.0002671605907380581,0.4,0.4,0.0006237300112843513
ood,val_I,ood_valI_predictor_only_n5,PREDICTOR_ONLY,3,9,10,-0.0021502263844013214,True,0.0004813546314835548,0.2,0.6,1.3715587556362152e-05
ood,val_I,ood_valI_predictor_only_n5,PREDICTOR_ONLY,3,10,11,-0.0023896927013993263,True,0.0007039358839392662,0.2,0.8,4.454515874385834e-05
ood,val_I,ood_valI_predictor_only_n5,PREDICTOR_ONLY,3,11,12,-0.002669587731361389,True,0.00036352118477225306,0.2,0.8,0.00011126603931188583
ood,val_I,ood_valI_predictor_only_n5,PREDICTOR_ONLY,3,12,13,-0.002524686511605978,True,0.000784013420343399,0.0,1.0,1.210719347000122e-08
ood,val_I,ood_valI_predictor_only_n5,PREDICTOR_ONLY,3,13,14,-0.000858641229569912,True,0.0001652797684073448,0.4,0.6,0.00021855253726243973
ood,val_I,ood_valI_predictor_only_n5,PREDICTOR_ONLY,3,14,15,-0.001714472658932209,True,0.00045108459889888766,0.4,0.6,2.35801562666893e-05
ood,val_I,ood_valI_predictor_only_n5,PREDICTOR_ONLY,3,15,16,-0.0014464352279901505,True,0.001264016330242157,0.4,0.6,0.003322445321828127
ood,val_I,ood_valI_predictor_only_n5,PREDICTOR_ONLY,3,16,17,-0.0018855822272598743,True,0.0016618866473436355,0.4,0.6,0.0066877808421850204
ood,val_I,ood_valI_predictor_only_n5,PREDICTOR_ONLY,3,17,18,0.0001614619977772236,False,0.001773077342659235,0.8,0.2,0.00641043484210968
ood,val_I,ood_valI_predictor_only_n5,PREDICTOR_ONLY,3,18,19,-0.0004578963853418827,True,0.0018762709572911263,0.6,0.4,0.008712390437722206
ood,val_I,ood_valI_predictor_only_n5,PREDICTOR_ONLY,4,0,1,-0.0053847599774599075,True,0.05898405909538269,0.0,0.4,0.0
ood,val_I,ood_valI_predictor_only_n5,PREDICTOR_ONLY,4,1,2,-0.007455643266439438,True,0.02306726947426796,0.2,0.6,0.0017795078456401825
ood,val_I,ood_valI_predictor_only_n5,PREDICTOR_ONLY,4,2,3,-0.006623644381761551,True,0.012553756684064865,0.2,0.6,5.636364221572876e-06
ood,val_I,ood_valI_predictor_only_n5,PREDICTOR_ONLY,4,3,4,-0.00632525235414505,True,0.0091904666274786,0.2,0.8,0.0054427701979875565
ood,val_I,ood_valI_predictor_only_n5,PREDICTOR_ONLY,4,4,5,-0.005492374300956726,True,0.0005383343435823917,0.0,0.6,1.1309515684843063e-05
ood,val_I,ood_valI_predictor_only_n5,PREDICTOR_ONLY,4,5,6,-0.003965189680457115,True,0.00019072294235229493,0.0,0.8,4.302710294723511e-07
ood,val_I,ood_valI_predictor_only_n5,PREDICTOR_ONLY,4,6,7,-0.004438780248165131,True,0.0010178357362747193,0.0,0.8,0.0
ood,val_I,ood_valI_predictor_only_n5,PREDICTOR_ONLY,4,7,8,-0.0030048713088035583,True,0.00047950325533747674,0.0,0.6,0.0
ood,val_I,ood_valI_predictor_only_n5,PREDICTOR_ONLY,4,8,9,-0.0020203543826937675,True,4.370999522507191e-05,0.0,0.6,1.9406666979193687e-05
ood,val_I,ood_valI_predictor_only_n5,PREDICTOR_ONLY,4,9,10,-0.0011786152608692646,True,0.00021607596427202224,0.2,0.6,0.00014458457008004189
ood,val_I,ood_valI_predictor_only_n5,PREDICTOR_ONLY,4,10,11,-0.0009591407142579556,True,0.0006754538975656032,0.2,0.6,4.913797602057457e-05
ood,val_I,ood_valI_predictor_only_n5,PREDICTOR_ONLY,4,11,12,-0.0007159952074289322,True,2.550133503973484e-05,0.2,0.6,1.2686941772699356e-06
ood,val_I,ood_valI_predictor_only_n5,PREDICTOR_ONLY,4,12,13,-0.0009142190683633089,True,0.0014012301340699195,0.0,0.8,3.725290298461914e-09
ood,val_I,ood_valI_predictor_only_n5,PREDICTOR_ONLY,4,13,14,-0.0006077268626540899,True,0.0006325129885226488,0.4,0.6,0.0001897546462714672
ood,val_I,ood_valI_predictor_only_n5,PREDICTOR_ONLY,4,14,15,-0.0005382848903536797,True,0.0011490013916045428,0.2,0.6,1.3372860848903656e-05
ood,val_I,ood_valI_predictor_only_n5,PREDICTOR_ONLY,4,15,16,-0.0006773306522518396,True,7.586372084915638e-05,0.2,0.6,7.698824629187584e-05
ood,val_I,ood_valI_predictor_only_n5,PREDICTOR_ONLY,4,16,17,-0.0005693063139915466,True,0.0001097109168767929,0.0,1.0,0.0
ood,val_I,ood_valI_predictor_only_n5,PREDICTOR_ONLY,4,17,18,-0.00021254061721265316,True,0.0013291843235492707,0.2,0.4,0.0052289352752268314
ood,val_I,ood_valI_predictor_only_n5,PREDICTOR_ONLY,4,18,19,-0.0005254850257188082,True,0.001988804154098034,0.0,0.8,9.271316230297089e-07
ood,val_small_tee,ood_smalltee_official_n5,OFFICIAL_ADAJEPA,0,0,1,-0.006156870163977146,True,0.019619778916239738,0.2,0.6,0.00036977604031562805
ood,val_small_tee,ood_smalltee_official_n5,OFFICIAL_ADAJEPA,0,1,2,-0.004215276800096035,True,0.007043874636292457,0.2,0.6,0.0009282082319259644
ood,val_small_tee,ood_smalltee_official_n5,OFFICIAL_ADAJEPA,0,2,3,-0.0022902279160916805,True,0.0058956600725650786,0.6,0.2,0.01566324383020401
ood,val_small_tee,ood_smalltee_official_n5,OFFICIAL_ADAJEPA,0,3,4,-0.002197792287915945,True,0.0023259960114955904,0.6,0.4,0.00029947422444820404
ood,val_small_tee,ood_smalltee_official_n5,OFFICIAL_ADAJEPA,1,0,1,-0.004834123887121677,True,0.13237347975373268,0.2,0.6,0.0005141794681549072
ood,val_small_tee,ood_smalltee_official_n5,OFFICIAL_ADAJEPA,1,1,2,-0.0014781821519136429,True,0.0710693746805191,0.2,0.6,0.006707891821861267
ood,val_small_tee,ood_smalltee_official_n5,OFFICIAL_ADAJEPA,1,2,3,-0.00161760114133358,True,0.012781773507595063,0.2,0.8,0.00434865802526474
ood,val_small_tee,ood_smalltee_official_n5,OFFICIAL_ADAJEPA,1,3,4,-0.001506501343101263,True,0.002633558213710785,0.4,0.6,0.0018982961773872375
ood,val_small_tee,ood_smalltee_official_n5,OFFICIAL_ADAJEPA,1,4,5,-0.002519538626074791,True,0.0011202044785022735,0.4,0.6,0.0012211576104164124
ood,val_small_tee,ood_smalltee_official_n5,OFFICIAL_ADAJEPA,1,5,6,-0.0005589155480265617,True,0.0018725401954725386,0.2,0.6,0.00023678410798311234
ood,val_small_tee,ood_smalltee_official_n5,OFFICIAL_ADAJEPA,1,6,7,-0.003619534894824028,True,0.000648810900747776,0.0,0.8,0.0
ood,val_small_tee,ood_smalltee_official_n5,OFFICIAL_ADAJEPA,2,0,1,-0.004281165543943644,True,0.04065940119326115,0.4,0.6,0.03371851146221161
ood,val_small_tee,ood_smalltee_official_n5,OFFICIAL_ADAJEPA,2,1,2,-0.00215335376560688,True,0.019777735695242882,0.6,0.2,0.006783351302146912
ood,val_small_tee,ood_smalltee_official_n5,OFFICIAL_ADAJEPA,2,2,3,-0.0009460155852138996,True,0.03254997506737709,0.2,0.6,0.0004514828324317932
ood,val_small_tee,ood_smalltee_official_n5,OFFICIAL_ADAJEPA,2,3,4,-0.0009558345191180706,True,0.01435510590672493,0.6,0.4,0.008814491331577301
ood,val_small_tee,ood_smalltee_official_n5,OFFICIAL_ADAJEPA,2,4,5,-0.0007033499423414469,True,0.002803851244971156,0.2,0.6,2.200249582529068e-06
ood,val_small_tee,ood_smalltee_official_n5,OFFICIAL_ADAJEPA,3,0,1,-0.0021335394121706486,True,0.003961385041475296,0.4,0.6,0.003428831696510315
ood,val_small_tee,ood_smalltee_official_n5,OFFICIAL_ADAJEPA,3,1,2,-0.0018670270219445229,True,0.008890693914145232,0.2,0.8,0.03027857793495059
ood,val_small_tee,ood_smalltee_official_n5,OFFICIAL_ADAJEPA,3,2,3,-0.00110955024138093,True,0.012147781625390052,0.2,0.4,0.037385374307632446
ood,val_small_tee,ood_smalltee_official_n5,OFFICIAL_ADAJEPA,3,3,4,-0.001686964649707079,True,0.001236116699874401,0.0,1.0,0.0
ood,val_small_tee,ood_smalltee_official_n5,OFFICIAL_ADAJEPA,4,0,1,-0.0019933064468204975,True,0.11962139531970024,0.4,0.4,0.07141032814979553
ood,val_small_tee,ood_smalltee_official_n5,OFFICIAL_ADAJEPA,4,1,2,-0.0024838154204189777,True,0.041250815987586974,0.0,1.0,0.0
ood,val_small_tee,ood_smalltee_official_n5,OFFICIAL_ADAJEPA,4,2,3,-0.0009635896421968937,True,0.019591810554265975,0.0,1.0,0.0
ood,val_small_tee,ood_smalltee_official_n5,OFFICIAL_ADAJEPA,4,3,4,-0.0011727558448910713,True,0.012973801791667938,0.2,0.8,0.014655135571956635
ood,val_small_tee,ood_smalltee_official_n5,OFFICIAL_ADAJEPA,4,4,5,-0.0016333474777638912,True,0.0036160919815301897,0.2,0.8,0.0002820827066898346
ood,val_small_tee,ood_smalltee_official_n5,OFFICIAL_ADAJEPA,4,5,6,-0.0032646171748638153,True,0.001738070510327816,0.2,0.6,0.0001059090718626976
ood,val_small_tee,ood_smalltee_official_n5,OFFICIAL_ADAJEPA,4,6,7,-0.004706891253590584,True,0.0035108617506921292,0.0,0.6,0.0
ood,val_small_tee,ood_smalltee_official_n5,OFFICIAL_ADAJEPA,4,7,8,-0.006035730242729187,True,0.003036422003060579,0.6,0.4,0.003611017018556595
ood,val_small_tee,ood_smalltee_official_n5,OFFICIAL_ADAJEPA,4,8,9,-0.002827918156981468,True,0.0019026044756174088,0.2,0.8,0.0003775469958782196
ood,val_small_tee,ood_smalltee_official_n5,OFFICIAL_ADAJEPA,4,9,10,-0.0014242231845855713,True,0.0001460755243897438,0.2,0.8,9.297393262386322e-06
ood,val_small_tee,ood_smalltee_official_n5,OFFICIAL_ADAJEPA,4,10,11,-0.000430684769526124,True,0.0039413940161466595,0.2,0.8,0.008974690921604633
ood,val_small_tee,ood_smalltee_official_n5,OFFICIAL_ADAJEPA,4,11,12,-4.6810368075966835e-05,True,0.0005558795295655727,0.2,0.4,0.00032924581319093704
ood,val_small_tee,ood_smalltee_official_n5,OFFICIAL_ADAJEPA,4,12,13,-0.0004930385621264577,True,0.0013189982622861863,0.0,0.8,0.0
ood,val_small_tee,ood_smalltee_official_n5,OFFICIAL_ADAJEPA,4,13,14,0.0002513949293643236,False,0.0022364554926753042,0.4,0.6,0.0005252659320831299
ood,val_small_tee,ood_smalltee_official_n5,OFFICIAL_ADAJEPA,4,14,15,-0.0004901271313428879,True,0.0024239878170192243,0.0,0.8,0.0
ood,val_small_tee,ood_smalltee_official_n5,OFFICIAL_ADAJEPA,4,15,16,0.0003986980300396681,False,0.0019040621817111969,0.2,0.6,1.64741650223732e-05
ood,val_small_tee,ood_smalltee_official_n5,OFFICIAL_ADAJEPA,4,16,17,-0.0005177297862246633,True,0.0030122043564915655,0.4,0.6,0.0002144947648048401
ood,val_small_tee,ood_smalltee_official_n5,OFFICIAL_ADAJEPA,4,17,18,0.00024113792460411787,False,0.00799248656257987,0.2,0.4,8.722767233848572e-06
ood,val_small_tee,ood_smalltee_official_n5,OFFICIAL_ADAJEPA,4,18,19,-0.0001611055340617895,True,0.0023095143027603627,0.2,0.8,2.6946887373924255e-05
ood,val_small_tee,ood_smalltee_predictor_only_n5,PREDICTOR_ONLY,0,0,1,-0.005222238600254059,True,0.01983650214970112,0.0,1.0,7.450580596923828e-09
ood,val_small_tee,ood_smalltee_predictor_only_n5,PREDICTOR_ONLY,0,1,2,-0.004039865918457508,True,0.007013265043497086,0.2,0.8,0.0024636834859848022
ood,val_small_tee,ood_smalltee_predictor_only_n5,PREDICTOR_ONLY,0,2,3,-0.0024763094261288643,True,0.004432316496968269,0.4,0.6,0.003806270658969879
ood,val_small_tee,ood_smalltee_predictor_only_n5,PREDICTOR_ONLY,0,3,4,-0.0025950372219085693,True,0.009350458905100823,0.4,0.4,0.004165936261415482
ood,val_small_tee,ood_smalltee_predictor_only_n5,PREDICTOR_ONLY,1,0,1,-0.00393658597022295,True,0.13751412853598594,0.2,0.6,0.0020755231380462646
ood,val_small_tee,ood_smalltee_predictor_only_n5,PREDICTOR_ONLY,1,1,2,-0.0017992337234318256,True,0.09471936114132404,0.2,0.6,0.0018376410007476807
ood,val_small_tee,ood_smalltee_predictor_only_n5,PREDICTOR_ONLY,1,2,3,-0.0012459233403205872,True,0.06447847783565522,0.4,0.6,0.0014678537845611572
ood,val_small_tee,ood_smalltee_predictor_only_n5,PREDICTOR_ONLY,1,3,4,-0.0015340270474553108,True,0.0021147264167666437,0.2,0.6,1.1704862117767334e-05
ood,val_small_tee,ood_smalltee_predictor_only_n5,PREDICTOR_ONLY,1,4,5,-0.0022701844573020935,True,0.00016085640527307987,0.2,0.8,8.035451173782349e-05
ood,val_small_tee,ood_smalltee_predictor_only_n5,PREDICTOR_ONLY,1,5,6,-0.0025348346680402756,True,0.0024321339558809997,0.2,0.4,4.7410838305950165e-05
ood,val_small_tee,ood_smalltee_predictor_only_n5,PREDICTOR_ONLY,1,6,7,-0.002442324534058571,True,0.0008858097717165947,0.0,0.4,0.0
ood,val_small_tee,ood_smalltee_predictor_only_n5,PREDICTOR_ONLY,2,0,1,-0.0032373368740081787,True,0.022960014268755914,0.2,0.8,0.011976450681686401
ood,val_small_tee,ood_smalltee_predictor_only_n5,PREDICTOR_ONLY,2,1,2,-0.0021286867558956146,True,0.015125127509236336,0.2,0.6,2.5350600481033325e-05
ood,val_small_tee,ood_smalltee_predictor_only_n5,PREDICTOR_ONLY,2,2,3,-0.0009537111036479473,True,0.03382101133465767,0.2,0.6,1.090019941329956e-05
ood,val_small_tee,ood_smalltee_predictor_only_n5,PREDICTOR_ONLY,2,3,4,-0.0008450625464320183,True,0.033802105858922,0.2,0.6,3.325939178466797e-05
ood,val_small_tee,ood_smalltee_predictor_only_n5,PREDICTOR_ONLY,2,4,5,-0.0007901398930698633,True,0.002512122131884098,0.2,0.6,4.79305163025856e-06
ood,val_small_tee,ood_smalltee_predictor_only_n5,PREDICTOR_ONLY,3,0,1,-0.001643090508878231,True,0.004081322252750397,0.4,0.6,0.006898801773786545
ood,val_small_tee,ood_smalltee_predictor_only_n5,PREDICTOR_ONLY,3,1,2,-0.0017266450449824333,True,0.005881549045443535,0.2,0.6,0.02445673570036888
ood,val_small_tee,ood_smalltee_predictor_only_n5,PREDICTOR_ONLY,3,2,3,-0.0010738726705312729,True,0.008232577890157699,0.4,0.6,0.03514508903026581
ood,val_small_tee,ood_smalltee_predictor_only_n5,PREDICTOR_ONLY,3,3,4,-0.0012324759736657143,True,0.0013692576438188552,0.2,0.6,0.00024903006851673126
ood,val_small_tee,ood_smalltee_predictor_only_n5,PREDICTOR_ONLY,3,4,5,-0.0007790061645209789,True,0.0009360501077026129,0.4,0.6,0.0006318148225545883
ood,val_small_tee,ood_smalltee_predictor_only_n5,PREDICTOR_ONLY,4,0,1,-0.0020095226354897022,True,0.11897063553333283,0.2,0.6,0.009017378091812134
ood,val_small_tee,ood_smalltee_predictor_only_n5,PREDICTOR_ONLY,4,1,2,-0.001471975352615118,True,0.007710423693060875,0.0,1.0,0.0
ood,val_small_tee,ood_smalltee_predictor_only_n5,PREDICTOR_ONLY,4,2,3,-0.0010544899851083755,True,0.03295842409133911,0.2,0.6,0.004791855812072754
ood,val_small_tee,ood_smalltee_predictor_only_n5,PREDICTOR_ONLY,4,3,4,-0.0010266909375786781,True,0.02323979213833809,0.4,0.4,0.004011247307062149
ood,val_small_tee,ood_smalltee_predictor_only_n5,PREDICTOR_ONLY,4,4,5,-0.001126980409026146,True,0.001865232177078724,0.2,0.6,0.00036623841151595116
ood,val_small_tee,ood_smalltee_predictor_only_n5,PREDICTOR_ONLY,4,5,6,-0.0011924346908926964,True,0.005584508553147316,0.4,0.6,0.0033991746604442596
ood,val_small_tee,ood_smalltee_predictor_only_n5,PREDICTOR_ONLY,4,6,7,-0.0012294519692659378,True,0.0015567010268568993,0.0,1.0,0.0
ood,val_small_tee,ood_smalltee_predictor_only_n5,PREDICTOR_ONLY,4,7,8,-0.0017247013747692108,True,0.005330797843635082,0.2,0.8,0.00043965503573417664
ood,val_small_tee,ood_smalltee_predictor_only_n5,PREDICTOR_ONLY,4,8,9,-0.0010170605964958668,True,0.0006843196228146553,0.2,0.6,0.0018923226743936539
ood,val_small_tee,ood_smalltee_predictor_only_n5,PREDICTOR_ONLY,4,9,10,-0.000884705688804388,True,0.0020633132196962835,0.2,0.6,0.002607956063002348
ood,val_small_tee,ood_smalltee_predictor_only_n5,PREDICTOR_ONLY,4,10,11,6.303749978542328e-05,False,0.0038666282780468464,0.2,0.4,0.00032498128712177277
ood,val_small_tee,ood_smalltee_predictor_only_n5,PREDICTOR_ONLY,4,11,12,-0.0007410547696053982,True,0.0031821032986044883,0.4,0.6,0.001301049254834652
ood,val_small_tee,ood_smalltee_predictor_only_n5,PREDICTOR_ONLY,4,12,13,2.8686365112662315e-05,False,0.0021716928109526633,0.2,0.6,0.00016276584938168526
ood,val_small_tee,ood_smalltee_predictor_only_n5,PREDICTOR_ONLY,4,13,14,-0.00021085154730826616,True,0.009950137883424758,0.0,0.8,0.0
ood,val_small_tee,ood_smalltee_predictor_only_n5,PREDICTOR_ONLY,4,14,15,-0.00014454510528594255,True,0.002304936898872256,0.4,0.6,0.001962426584213972
ood,val_small_tee,ood_smalltee_predictor_only_n5,PREDICTOR_ONLY,4,15,16,4.7196983359754086e-05,False,0.0025220305193215608,0.4,0.6,0.0017990898340940475
ood,val_square,ood_square_official_n5,OFFICIAL_ADAJEPA,0,0,1,-0.0016219033859670162,True,0.002705577202141285,0.2,0.8,8.13603401184082e-05
ood,val_square,ood_square_official_n5,OFFICIAL_ADAJEPA,0,1,2,-0.0039019486866891384,True,0.006681777909398079,0.4,0.6,0.0002044886350631714
ood,val_square,ood_square_official_n5,OFFICIAL_ADAJEPA,0,2,3,-0.01673927903175354,True,0.004882427304983139,0.2,0.8,0.0012178421020507812
ood,val_square,ood_square_official_n5,OFFICIAL_ADAJEPA,0,3,4,-0.017108678817749023,True,0.009126091003417968,0.4,0.6,0.023253142833709717
ood,val_square,ood_square_official_n5,OFFICIAL_ADAJEPA,0,4,5,-0.015142075717449188,True,0.0005005095154047012,0.2,0.8,2.216547727584839e-06
ood,val_square,ood_square_official_n5,OFFICIAL_ADAJEPA,0,5,6,-0.013451706618070602,True,0.0009960375726222992,0.2,0.8,0.0016143321990966797
ood,val_square,ood_square_official_n5,OFFICIAL_ADAJEPA,0,6,7,-0.010206282138824463,True,0.000510554015636444,0.2,0.6,3.523007035255432e-05
ood,val_square,ood_square_official_n5,OFFICIAL_ADAJEPA,0,7,8,-0.0048210229724645615,True,0.00036387555301189425,0.2,0.6,7.680431008338928e-05
ood,val_square,ood_square_official_n5,OFFICIAL_ADAJEPA,0,8,9,-0.003023320809006691,True,0.0010365180671215058,0.2,0.4,0.004779253154993057
ood,val_square,ood_square_official_n5,OFFICIAL_ADAJEPA,0,9,10,-0.0006559812463819981,True,0.0009832415729761125,0.2,0.4,0.0037984736263751984
ood,val_square,ood_square_official_n5,OFFICIAL_ADAJEPA,0,10,11,-0.0017632113303989172,True,0.0006768926978111267,0.2,0.6,4.462897777557373e-06
ood,val_square,ood_square_official_n5,OFFICIAL_ADAJEPA,0,11,12,-0.0002225707285106182,True,0.0007162775844335556,0.0,0.6,0.0
ood,val_square,ood_square_official_n5,OFFICIAL_ADAJEPA,0,12,13,-0.0003068186342716217,True,0.0009918227791786195,0.4,0.4,0.004107486456632614
ood,val_square,ood_square_official_n5,OFFICIAL_ADAJEPA,0,13,14,-0.00036262371577322483,True,0.000919274240732193,0.2,0.8,5.261227488517761e-05
ood,val_square,ood_square_official_n5,OFFICIAL_ADAJEPA,0,14,15,-0.00019334652461111546,True,0.0006265506148338318,0.2,0.6,0.002652890980243683
ood,val_square,ood_square_official_n5,OFFICIAL_ADAJEPA,0,15,16,-0.0003227789420634508,True,0.0002782195806503296,0.4,0.4,0.00014726072549819946
ood,val_square,ood_square_official_n5,OFFICIAL_ADAJEPA,0,16,17,-3.6274315789341927e-05,True,0.0014797739684581756,0.6,0.2,0.005911089479923248
ood,val_square,ood_square_official_n5,OFFICIAL_ADAJEPA,0,17,18,-0.0009285886771976948,True,0.0024733670055866242,0.4,0.6,0.0004670284688472748
ood,val_square,ood_square_official_n5,OFFICIAL_ADAJEPA,0,18,19,1.5768688172101974e-05,False,0.0016090556979179381,0.2,0.8,6.042420864105225e-06
ood,val_square,ood_square_official_n5,OFFICIAL_ADAJEPA,1,0,1,-0.0027751699090003967,True,0.17630304023623466,0.4,0.6,0.6951361298561096
ood,val_square,ood_square_official_n5,OFFICIAL_ADAJEPA,1,1,2,-0.0018363315612077713,True,0.09252464827150106,0.2,0.4,0.00893014669418335
ood,val_square,ood_square_official_n5,OFFICIAL_ADAJEPA,1,2,3,-0.0013861695770174265,True,0.08676513656973839,0.2,0.4,0.003999426960945129
ood,val_square,ood_square_official_n5,OFFICIAL_ADAJEPA,1,3,4,-0.0013572038151323795,True,0.027081949263811113,0.6,0.4,0.1343405805528164
ood,val_square,ood_square_official_n5,OFFICIAL_ADAJEPA,1,4,5,-0.0010339198634028435,True,0.0029119725339114668,0.2,0.4,0.014172513969242573
ood,val_square,ood_square_official_n5,OFFICIAL_ADAJEPA,2,0,1,-0.011327967047691345,True,0.008570795319974423,0.2,0.6,0.0013202056288719177
ood,val_square,ood_square_official_n5,OFFICIAL_ADAJEPA,2,1,2,-0.004302214831113815,True,0.005013354867696762,0.8,0.2,0.020385684445500374
ood,val_square,ood_square_official_n5,OFFICIAL_ADAJEPA,2,2,3,-0.004011982120573521,True,0.017756533715873955,0.0,0.8,5.587935447692871e-09
ood,val_square,ood_square_official_n5,OFFICIAL_ADAJEPA,2,3,4,-0.002188200131058693,True,0.0009283562190830708,0.0,0.8,2.1420419216156006e-07
ood,val_square,ood_square_official_n5,OFFICIAL_ADAJEPA,3,0,1,-0.011390939354896545,True,0.3125213496387005,0.8,0.2,0.010177135467529297
ood,val_square,ood_square_official_n5,OFFICIAL_ADAJEPA,3,1,2,-0.012493632733821869,True,0.10834865663200617,0.4,0.6,0.030174732208251953
ood,val_square,ood_square_official_n5,OFFICIAL_ADAJEPA,3,2,3,-0.006328100338578224,True,0.029122041165828706,0.2,0.6,8.374452590942383e-06
ood,val_square,ood_square_official_n5,OFFICIAL_ADAJEPA,3,3,4,-0.004917982965707779,True,0.0008026409894227981,0.2,0.8,0.00253450870513916
ood,val_square,ood_square_official_n5,OFFICIAL_ADAJEPA,3,4,5,-0.00458114966750145,True,0.004829547554254532,0.4,0.4,0.011586815118789673
ood,val_square,ood_square_official_n5,OFFICIAL_ADAJEPA,3,5,6,-0.005407087504863739,True,0.001227634958922863,0.2,0.8,0.0001304391771554947
ood,val_square,ood_square_official_n5,OFFICIAL_ADAJEPA,3,6,7,-0.0050173308700323105,True,0.0004071291536092758,0.2,0.4,5.786679685115814e-05
ood,val_square,ood_square_official_n5,OFFICIAL_ADAJEPA,3,7,8,-0.003383772447705269,True,0.001298164390027523,0.0,0.4,0.0
ood,val_square,ood_square_official_n5,OFFICIAL_ADAJEPA,3,8,9,-0.0030879490077495575,True,0.000598536804318428,0.0,0.6,9.313225746154785e-10
ood,val_square,ood_square_official_n5,OFFICIAL_ADAJEPA,3,9,10,-0.002614026889204979,True,0.0012688599526882172,0.0,1.0,4.9639493227005e-07
ood,val_square,ood_square_official_n5,OFFICIAL_ADAJEPA,3,10,11,-0.003297829069197178,True,0.0021771537140011787,0.0,0.8,2.726912498474121e-06
ood,val_square,ood_square_official_n5,OFFICIAL_ADAJEPA,3,11,12,-0.002137351781129837,True,0.0017174008302390576,0.4,0.6,0.0005339961498975754
ood,val_square,ood_square_official_n5,OFFICIAL_ADAJEPA,3,12,13,-0.0012703980319201946,True,0.0002091905102133751,0.2,0.6,2.761371433734894e-06
ood,val_square,ood_square_official_n5,OFFICIAL_ADAJEPA,3,13,14,-0.0001941260416060686,True,0.0008045736700296402,0.0,0.6,4.931353032588959e-07
ood,val_square,ood_square_official_n5,OFFICIAL_ADAJEPA,3,14,15,-0.000666479580104351,True,0.0010920242406427861,0.2,0.4,0.00411599688231945
ood,val_square,ood_square_official_n5,OFFICIAL_ADAJEPA,3,15,16,-0.00016801129095256329,True,0.0004230349324643612,0.2,0.6,2.776132896542549e-05
ood,val_square,ood_square_official_n5,OFFICIAL_ADAJEPA,3,16,17,-0.00014553917571902275,True,0.0009958209469914437,0.2,0.6,2.7548521757125854e-06
ood,val_square,ood_square_official_n5,OFFICIAL_ADAJEPA,3,17,18,-0.00023606815375387669,True,0.000444926880300045,0.0,1.0,2.561137080192566e-07
ood,val_square,ood_square_official_n5,OFFICIAL_ADAJEPA,3,18,19,-8.494383655488491e-05,True,0.0006085069850087166,0.2,0.6,0.0001351512037217617
ood,val_square,ood_square_official_n5,OFFICIAL_ADAJEPA,4,0,1,-0.0050446223467588425,True,0.010342869535088539,0.4,0.6,0.02390444278717041
ood,val_square,ood_square_official_n5,OFFICIAL_ADAJEPA,4,1,2,-0.018032900989055634,True,0.006487245857715607,0.4,0.6,6.458163261413574e-05
ood,val_square,ood_square_official_n5,OFFICIAL_ADAJEPA,4,2,3,-0.02240176498889923,True,0.026771563291549682,0.6,0.2,0.0998799204826355
ood,val_square,ood_square_official_n5,OFFICIAL_ADAJEPA,4,3,4,-0.016591012477874756,True,0.005233854055404663,0.6,0.4,0.0025779008865356445
ood,val_square,ood_square_official_n5,OFFICIAL_ADAJEPA,4,4,5,-0.01971716433763504,True,0.0004606232047080994,0.8,0.2,0.0007777512073516846
ood,val_square,ood_square_official_n5,OFFICIAL_ADAJEPA,4,5,6,-0.021970361471176147,True,0.0005517967045307159,0.8,0.2,0.0008614659309387207
ood,val_square,ood_square_official_n5,OFFICIAL_ADAJEPA,4,6,7,-0.019414357841014862,True,0.0005381122231483459,0.8,0.2,0.0007666945457458496
ood,val_square,ood_square_official_n5,OFFICIAL_ADAJEPA,4,7,8,-0.017258740961551666,True,0.0006362691521644593,0.4,0.6,1.8805265426635742e-05
ood,val_square,ood_square_official_n5,OFFICIAL_ADAJEPA,4,8,9,-0.010308068245649338,True,0.0013303950428962708,0.4,0.6,0.00011008977890014648
ood,val_square,ood_square_official_n5,OFFICIAL_ADAJEPA,4,9,10,-0.015779662877321243,True,0.0018167465925216675,0.4,0.6,0.00034880638122558594
ood,val_square,ood_square_official_n5,OFFICIAL_ADAJEPA,4,10,11,-0.027003787457942963,True,0.0023276522755622865,0.4,0.6,0.00043582916259765625
ood,val_square,ood_square_official_n5,OFFICIAL_ADAJEPA,4,11,12,-0.03570795804262161,True,0.0026854202151298523,0.2,0.8,4.708766937255859e-06
ood,val_square,ood_square_official_n5,OFFICIAL_ADAJEPA,4,12,13,-0.040237508714199066,True,0.003711496293544769,0.4,0.6,0.0010223239660263062
ood,val_square,ood_square_official_n5,OFFICIAL_ADAJEPA,4,13,14,-0.03692856803536415,True,0.005605959892272949,0.6,0.4,0.004144132137298584
ood,val_square,ood_square_official_n5,OFFICIAL_ADAJEPA,4,14,15,-0.023784391582012177,True,0.00900106281042099,0.2,0.6,0.013322621583938599
ood,val_square,ood_square_official_n5,OFFICIAL_ADAJEPA,4,15,16,-0.01727145165205002,True,0.0035091862082481384,0.6,0.4,0.008350074291229248
ood,val_square,ood_square_official_n5,OFFICIAL_ADAJEPA,4,16,17,-0.016543641686439514,True,0.0038844645023345947,0.6,0.4,0.0071905627846717834
ood,val_square,ood_square_official_n5,OFFICIAL_ADAJEPA,4,17,18,-0.02113746851682663,True,0.00480455607175827,0.4,0.4,0.00559418648481369
ood,val_square,ood_square_official_n5,OFFICIAL_ADAJEPA,4,18,19,-0.017982084304094315,True,0.0036125808954238893,0.4,0.6,4.0650367736816406e-05
ood,val_square,ood_square_predictor_only_n5,PREDICTOR_ONLY,0,0,1,-0.0018817638047039509,True,0.00296926349401474,0.2,0.8,0.006624132394790649
ood,val_square,ood_square_predictor_only_n5,PREDICTOR_ONLY,0,1,2,-0.002401439007371664,True,0.004906738176941872,0.2,0.8,0.00014418363571166992
ood,val_square,ood_square_predictor_only_n5,PREDICTOR_ONLY,0,2,3,-0.0024067088961601257,True,0.005765926092863083,0.4,0.6,8.875131607055664e-05
ood,val_square,ood_square_predictor_only_n5,PREDICTOR_ONLY,0,3,4,-0.0032333731651306152,True,0.005052009224891662,0.4,0.6,0.004519253969192505
ood,val_square,ood_square_predictor_only_n5,PREDICTOR_ONLY,0,4,5,-0.004072800278663635,True,0.00041000768542289736,0.4,0.4,0.00024318695068359375
ood,val_square,ood_square_predictor_only_n5,PREDICTOR_ONLY,0,5,6,-0.007460564374923706,True,0.0009894620627164841,0.4,0.6,0.001297295093536377
ood,val_square,ood_square_predictor_only_n5,PREDICTOR_ONLY,0,6,7,-0.008786790072917938,True,8.535757660865784e-05,0.0,0.8,0.0
ood,val_square,ood_square_predictor_only_n5,PREDICTOR_ONLY,0,7,8,-0.004321012645959854,True,0.0002542354166507721,0.2,0.8,0.0004892908036708832
ood,val_square,ood_square_predictor_only_n5,PREDICTOR_ONLY,0,8,9,-0.003260776400566101,True,5.191490054130554e-05,0.2,0.8,1.3045966625213623e-05
ood,val_square,ood_square_predictor_only_n5,PREDICTOR_ONLY,0,9,10,-0.0004196818917989731,True,0.0007342018187046051,0.4,0.4,0.003185417503118515
ood,val_square,ood_square_predictor_only_n5,PREDICTOR_ONLY,0,10,11,-0.0013804214540868998,True,0.0008591771125793457,0.0,0.6,3.2819807529449463e-06
ood,val_square,ood_square_predictor_only_n5,PREDICTOR_ONLY,0,11,12,-0.0002235656138509512,True,0.00047621279954910276,0.2,0.4,6.746500730514526e-06
ood,val_square,ood_square_predictor_only_n5,PREDICTOR_ONLY,0,12,13,-0.00025324919261038303,True,0.0017414934933185577,0.2,0.6,1.5273690223693848e-06
ood,val_square,ood_square_predictor_only_n5,PREDICTOR_ONLY,0,13,14,-0.0003353229258209467,True,0.0004371762275695801,0.0,0.8,3.725290298461914e-09
ood,val_square,ood_square_predictor_only_n5,PREDICTOR_ONLY,0,14,15,-0.0001889001578092575,True,0.0006332062184810638,0.4,0.6,0.0029695630073547363
ood,val_square,ood_square_predictor_only_n5,PREDICTOR_ONLY,0,15,16,-0.00012873741798102856,True,0.0002624794840812683,0.4,0.4,0.0004434622824192047
ood,val_square,ood_square_predictor_only_n5,PREDICTOR_ONLY,0,16,17,-0.0004527997225522995,True,0.0021063156425952913,0.4,0.4,0.0006026066839694977
ood,val_square,ood_square_predictor_only_n5,PREDICTOR_ONLY,0,17,18,-0.00020944478455930948,True,0.0009726099669933319,0.0,0.8,5.867332220077515e-06
ood,val_square,ood_square_predictor_only_n5,PREDICTOR_ONLY,0,18,19,-0.00020033493638038635,True,0.00015437304973602294,0.4,0.4,0.00031773000955581665
ood,val_square,ood_square_predictor_only_n5,PREDICTOR_ONLY,1,0,1,-0.002555034589022398,True,0.1596303392201662,0.4,0.6,0.6975286602973938
ood,val_square,ood_square_predictor_only_n5,PREDICTOR_ONLY,1,1,2,-0.0016268608160316944,True,0.1496257234364748,0.2,0.4,0.013388872146606445
ood,val_square,ood_square_predictor_only_n5,PREDICTOR_ONLY,1,2,3,-0.0015266509726643562,True,0.07344134645536542,0.0,0.4,1.955777406692505e-08
ood,val_square,ood_square_predictor_only_n5,PREDICTOR_ONLY,1,3,4,-0.0015314971096813679,True,0.01178013551980257,0.4,0.6,0.000421036034822464
ood,val_square,ood_square_predictor_only_n5,PREDICTOR_ONLY,1,4,5,-0.0010811151005327702,True,0.0002416337840259075,0.0,1.0,2.7939677238464355e-09
ood,val_square,ood_square_predictor_only_n5,PREDICTOR_ONLY,1,5,6,-0.0011778734624385834,True,0.000327548012137413,0.2,0.6,1.405482180416584e-05
ood,val_square,ood_square_predictor_only_n5,PREDICTOR_ONLY,1,6,7,-0.0011274153366684914,True,0.0001748646842315793,0.2,0.6,7.920432835817337e-06
ood,val_square,ood_square_predictor_only_n5,PREDICTOR_ONLY,1,7,8,-0.0013103033415973186,True,0.0009668140672147274,0.0,0.8,5.122274160385132e-09
ood,val_square,ood_square_predictor_only_n5,PREDICTOR_ONLY,1,8,9,-0.0008701842743903399,True,0.0003507447661831975,0.0,0.8,4.176050424575806e-06
ood,val_square,ood_square_predictor_only_n5,PREDICTOR_ONLY,1,9,10,-0.0004791638348251581,True,0.00022719944827258586,0.4,0.6,6.607407703995705e-05
ood,val_square,ood_square_predictor_only_n5,PREDICTOR_ONLY,1,10,11,-0.0006992813432589173,True,0.0008831769693642855,0.2,0.4,0.00020659435540437698
ood,val_square,ood_square_predictor_only_n5,PREDICTOR_ONLY,1,11,12,-2.9395567253232002e-05,True,0.00010418570600450039,0.0,1.0,1.6298145055770874e-09
ood,val_square,ood_square_predictor_only_n5,PREDICTOR_ONLY,1,12,13,-0.00034125824458897114,True,0.0014885934069752693,0.4,0.6,6.532110273838043e-05
ood,val_square,ood_square_predictor_only_n5,PREDICTOR_ONLY,1,13,14,0.000351103488355875,False,0.0001338399015367031,0.0,0.8,0.0
ood,val_square,ood_square_predictor_only_n5,PREDICTOR_ONLY,1,14,15,-0.0006692991591989994,True,0.00014253214467316866,0.2,0.4,1.0269926860928535e-05
ood,val_square,ood_square_predictor_only_n5,PREDICTOR_ONLY,1,15,16,0.00015331152826547623,False,0.0008443616330623627,0.4,0.6,3.581773489713669e-05
ood,val_square,ood_square_predictor_only_n5,PREDICTOR_ONLY,1,16,17,-0.00037103169597685337,True,0.001306174462661147,0.6,0.4,0.00014140550047159195
ood,val_square,ood_square_predictor_only_n5,PREDICTOR_ONLY,1,17,18,-4.0743034332990646e-05,True,0.00015202397480607033,0.0,1.0,1.862645149230957e-09
ood,val_square,ood_square_predictor_only_n5,PREDICTOR_ONLY,1,18,19,-0.0003750959876924753,True,0.0005619308911263942,0.4,0.6,4.23286110162735e-06
ood,val_square,ood_square_predictor_only_n5,PREDICTOR_ONLY,2,0,1,-0.006515368819236755,True,0.00830257385969162,0.4,0.4,0.0015170108526945114
ood,val_square,ood_square_predictor_only_n5,PREDICTOR_ONLY,2,1,2,-0.0030476050451397896,True,0.015636540576815607,0.4,0.6,0.0021894946694374084
ood,val_square,ood_square_predictor_only_n5,PREDICTOR_ONLY,2,2,3,-0.0025554951280355453,True,0.010792639665305614,0.4,0.4,0.0032206177711486816
ood,val_square,ood_square_predictor_only_n5,PREDICTOR_ONLY,2,3,4,-0.00261559896171093,True,0.0015570539981126785,0.6,0.4,0.006133239716291428
ood,val_square,ood_square_predictor_only_n5,PREDICTOR_ONLY,2,4,5,-0.002238963730633259,True,0.0003846603445708752,0.4,0.6,0.001479671336710453
ood,val_square,ood_square_predictor_only_n5,PREDICTOR_ONLY,2,5,6,-0.0013373401015996933,True,0.0002493065781891346,0.2,0.6,5.218177102506161e-05
ood,val_square,ood_square_predictor_only_n5,PREDICTOR_ONLY,2,6,7,-0.0014439523220062256,True,0.001645289221778512,0.0,0.4,0.0
ood,val_square,ood_square_predictor_only_n5,PREDICTOR_ONLY,2,7,8,-0.0009117135778069496,True,0.0005738328211009503,0.0,0.8,1.4156103134155273e-06
ood,val_square,ood_square_predictor_only_n5,PREDICTOR_ONLY,2,8,9,-0.0005895034410059452,True,0.0012016155757009982,0.2,0.8,4.177447408437729e-06
ood,val_square,ood_square_predictor_only_n5,PREDICTOR_ONLY,2,9,10,-0.0003239908255636692,True,0.0005447561852633953,0.2,0.8,5.302252247929573e-05
ood,val_square,ood_square_predictor_only_n5,PREDICTOR_ONLY,2,10,11,-0.0004054419696331024,True,0.0012904259841889144,0.4,0.4,2.882210537791252e-05
ood,val_square,ood_square_predictor_only_n5,PREDICTOR_ONLY,2,11,12,-0.0005979700945317745,True,0.000530009251087904,0.2,0.6,7.573701441287994e-05
ood,val_square,ood_square_predictor_only_n5,PREDICTOR_ONLY,2,12,13,-0.0009925691410899162,True,0.0009422101080417633,0.2,0.6,0.004440966993570328
ood,val_square,ood_square_predictor_only_n5,PREDICTOR_ONLY,2,13,14,-4.313373938202858e-05,True,0.0009650309570133686,0.0,0.8,4.3977051973342896e-06
ood,val_square,ood_square_predictor_only_n5,PREDICTOR_ONLY,2,14,15,-0.0007044435478746891,True,0.001132465060800314,0.4,0.6,6.585381925106049e-06
ood,val_square,ood_square_predictor_only_n5,PREDICTOR_ONLY,2,15,16,-0.000551100354641676,True,0.0005503748543560505,0.2,0.6,1.2639444321393967e-05
ood,val_square,ood_square_predictor_only_n5,PREDICTOR_ONLY,2,16,17,-7.345760241150856e-05,True,0.0002137049101293087,0.2,0.6,7.788697257637978e-05
ood,val_square,ood_square_predictor_only_n5,PREDICTOR_ONLY,2,17,18,-0.0005909575847908854,True,0.0008755909278988838,0.0,0.6,1.4536082744598389e-05
ood,val_square,ood_square_predictor_only_n5,PREDICTOR_ONLY,2,18,19,0.00013066967949271202,False,0.0004739583469927311,0.2,0.4,7.958803325891495e-05
ood,val_square,ood_square_predictor_only_n5,PREDICTOR_ONLY,3,0,1,-0.007517535239458084,True,0.3126698236912489,0.4,0.6,0.009648799896240234
ood,val_square,ood_square_predictor_only_n5,PREDICTOR_ONLY,3,1,2,-0.009495701640844345,True,0.1159253915771842,0.2,0.8,0.024046897888183594
ood,val_square,ood_square_predictor_only_n5,PREDICTOR_ONLY,3,2,3,-0.0036976635456085205,True,0.045786657370626926,0.2,0.8,1.1026859283447266e-05
ood,val_square,ood_square_predictor_only_n5,PREDICTOR_ONLY,3,3,4,-0.005786057561635971,True,0.015612187981605529,0.4,0.6,0.006351858377456665
ood,val_square,ood_square_predictor_only_n5,PREDICTOR_ONLY,3,4,5,-0.005477182567119598,True,0.007318376004695893,0.6,0.4,0.008400887250900269
ood,val_square,ood_square_predictor_only_n5,PREDICTOR_ONLY,3,5,6,-0.008320309221744537,True,0.004517690464854241,0.2,0.6,5.435757339000702e-05
ood,val_square,ood_square_predictor_only_n5,PREDICTOR_ONLY,3,6,7,-0.007821444422006607,True,0.003317761793732643,0.4,0.6,0.015410037711262703
ood,val_square,ood_square_predictor_only_n5,PREDICTOR_ONLY,3,7,8,-0.004789646714925766,True,0.0014376726001501083,0.0,1.0,0.0
ood,val_square,ood_square_predictor_only_n5,PREDICTOR_ONLY,3,8,9,-0.0028183478862047195,True,0.0015899961814284324,0.0,0.8,0.0
ood,val_square,ood_square_predictor_only_n5,PREDICTOR_ONLY,3,9,10,-0.0024618376046419144,True,0.0003156241029500961,0.2,0.6,5.101785063743591e-05
ood,val_square,ood_square_predictor_only_n5,PREDICTOR_ONLY,3,10,11,-0.0029505491256713867,True,0.0001515217125415802,0.2,0.6,0.0003116196021437645
ood,val_square,ood_square_predictor_only_n5,PREDICTOR_ONLY,3,11,12,-0.0007611075416207314,True,0.00019000321626663207,0.2,0.6,1.5364959836006165e-05
ood,val_square,ood_square_predictor_only_n5,PREDICTOR_ONLY,3,12,13,-0.0006685364060103893,True,4.852060228586197e-05,0.0,0.8,9.834766387939453e-07
ood,val_square,ood_square_predictor_only_n5,PREDICTOR_ONLY,3,13,14,-0.00032099662348628044,True,0.000113624706864357,0.2,0.4,0.00016136374324560165
ood,val_square,ood_square_predictor_only_n5,PREDICTOR_ONLY,3,14,15,-0.0007799863815307617,True,0.000483270175755024,0.2,0.4,3.9424747228622437e-05
ood,val_square,ood_square_predictor_only_n5,PREDICTOR_ONLY,3,15,16,-0.0003506616922095418,True,0.00019847322255373,0.0,0.8,1.6707926988601685e-06
ood,val_square,ood_square_predictor_only_n5,PREDICTOR_ONLY,3,16,17,-8.736387826502323e-05,True,0.00017173867672681808,0.0,0.8,0.0
ood,val_square,ood_square_predictor_only_n5,PREDICTOR_ONLY,3,17,18,0.00022725015878677368,False,0.00035867169499397277,0.0,0.6,0.0
ood,val_square,ood_square_predictor_only_n5,PREDICTOR_ONLY,3,18,19,-0.0004608172457665205,True,0.00025577712804079054,0.0,1.0,0.0
ood,val_square,ood_square_predictor_only_n5,PREDICTOR_ONLY,4,0,1,-0.0035080481320619583,True,0.009221524000167847,0.6,0.4,0.023775815963745117
ood,val_square,ood_square_predictor_only_n5,PREDICTOR_ONLY,4,1,2,-0.008162066340446472,True,0.006820894777774811,0.0,1.0,0.0
ood,val_square,ood_square_predictor_only_n5,PREDICTOR_ONLY,4,2,3,-0.009863927960395813,True,0.024248424172401428,0.6,0.2,0.09023356437683105
ood,val_square,ood_square_predictor_only_n5,PREDICTOR_ONLY,4,3,4,-0.011967651546001434,True,0.005474072694778442,0.6,0.4,0.0022214651107788086
ood,val_square,ood_square_predictor_only_n5,PREDICTOR_ONLY,4,4,5,-0.011590614914894104,True,0.00038395076990127563,0.8,0.2,0.000394284725189209
ood,val_square,ood_square_predictor_only_n5,PREDICTOR_ONLY,4,5,6,-0.016892194747924805,True,0.0006776317954063415,0.6,0.4,0.0010568797588348389
ood,val_square,ood_square_predictor_only_n5,PREDICTOR_ONLY,4,6,7,-0.013807296752929688,True,0.0007742881774902344,0.8,0.2,0.0013182461261749268
ood,val_square,ood_square_predictor_only_n5,PREDICTOR_ONLY,4,7,8,-0.015353821218013763,True,0.0001972302794456482,0.6,0.4,3.62396240234375e-05
ood,val_square,ood_square_predictor_only_n5,PREDICTOR_ONLY,4,8,9,-0.012349147349596024,True,0.0009112372994422912,0.4,0.4,0.0008963048458099365
ood,val_square,ood_square_predictor_only_n5,PREDICTOR_ONLY,4,9,10,-0.007806720212101936,True,0.0016882404685020446,0.4,0.6,9.438395500183105e-05
ood,val_square,ood_square_predictor_only_n5,PREDICTOR_ONLY,4,10,11,-0.011294342577457428,True,0.0020151689648628237,0.4,0.6,0.0002594888210296631
ood,val_square,ood_square_predictor_only_n5,PREDICTOR_ONLY,4,11,12,-0.02065495029091835,True,0.002589087188243866,0.4,0.6,0.00032629072666168213
ood,val_square,ood_square_predictor_only_n5,PREDICTOR_ONLY,4,12,13,-0.0276181697845459,True,0.0027245551347732542,0.2,0.8,7.048249244689941e-06
ood,val_square,ood_square_predictor_only_n5,PREDICTOR_ONLY,4,13,14,-0.033078186213970184,True,0.0027780458331108093,0.2,0.8,0.00022107362747192383
ood,val_square,ood_square_predictor_only_n5,PREDICTOR_ONLY,4,14,15,-0.029553446918725967,True,0.0027907997369766234,0.0,1.0,2.2351741790771484e-08
ood,val_square,ood_square_predictor_only_n5,PREDICTOR_ONLY,4,15,16,-0.014466993510723114,True,0.0025354117155075074,0.0,1.0,7.450580596923828e-09
ood,val_square,ood_square_predictor_only_n5,PREDICTOR_ONLY,4,16,17,-0.029940832406282425,True,0.006118126213550568,0.2,0.8,0.002618461847305298
ood,val_square,ood_square_predictor_only_n5,PREDICTOR_ONLY,4,17,18,-0.004320278763771057,True,0.003573068976402283,0.2,0.8,0.0003637969493865967
ood,val_square,ood_square_predictor_only_n5,PREDICTOR_ONLY,4,18,19,-0.011993832886219025,True,0.003346746414899826,0.0,0.8,0.0
