analysis,comparison,anchor_id,split,shape,sample_id,mpc_iter,before_variant,after_variant,before_model_best_candidate_id,after_model_best_candidate_id,selection_changed,r_selected_before,r_selected_after,delta_r_selected,r_selected_tie_min_before,r_selected_tie_min_after,delta_r_selected_tie_min,selected_env_cost_before,selected_env_cost_after,delta_selected_env_cost,mean_abs_contrast_error_before,mean_abs_contrast_error_after,delta_mean_abs_contrast_error,common_support_loss_before,common_support_loss_after,common_support_loss_delta,update_steps,processed_transitions,unique_factual_transitions
b3_time_separated_experience,e1_once_minus_frozen,val_T|T|s0|m4,val_T,T,0,4,frozen,e1_once,g99_after,g24_after,True,0.004904971458017826,0.0010458361357450485,-0.0038591353222727776,0.004904971458017826,0.0010458361357450485,-0.0038591353222727776,0.019398214295506477,0.0155390789732337,-0.0038591353222727776,0.009055853262543679,0.010416422178968788,0.001360568916425109,0.004657716490328312,0.003860404947772622,-0.0007973115425556898,1,2,2
b3_time_separated_experience,e2_once_minus_frozen,val_T|T|s0|m4,val_T,T,0,4,frozen,e2_once,g99_after,g49_after,True,0.004904971458017826,0.0036718519404530525,-0.0012331195175647736,0.004904971458017826,0.0036718519404530525,-0.0012331195175647736,0.019398214295506477,0.018165094777941704,-0.0012331195175647736,0.009055853262543679,0.006892275623977184,-0.0021635776385664947,0.004657716490328312,0.004710020497441292,5.230400711297989e-05,1,2,2
b3_time_separated_experience,e1_then_e2_minus_frozen,val_T|T|s0|m4,val_T,T,0,4,frozen,e1_then_e2,g99_after,g24_before,True,0.004904971458017826,0.0,-0.004904971458017826,0.004904971458017826,0.0,-0.004904971458017826,0.019398214295506477,0.014493242837488651,-0.004904971458017826,0.009055853262543679,0.008454762073233724,-0.0006010911893099546,0.004657716490328312,0.003918771632015705,-0.0007389448583126068,2,4,4
b3_time_separated_experience,e1_then_e1_minus_frozen,val_T|T|s0|m4,val_T,T,0,4,frozen,e1_then_e1,g99_after,g24_before,True,0.004904971458017826,0.0,-0.004904971458017826,0.004904971458017826,0.0,-0.004904971458017826,0.019398214295506477,0.014493242837488651,-0.004904971458017826,0.009055853262543679,0.007231794018298388,-0.001824059244245291,0.004657716490328312,0.004011382348835468,-0.0006463341414928436,2,4,2
b3_time_separated_experience,e2_then_e2_minus_frozen,val_T|T|s0|m4,val_T,T,0,4,frozen,e2_then_e2,g99_after,g24_before,True,0.004904971458017826,0.0,-0.004904971458017826,0.004904971458017826,0.0,-0.004904971458017826,0.019398214295506477,0.014493242837488651,-0.004904971458017826,0.009055853262543679,0.0049090076237916945,-0.004146845638751984,0.004657716490328312,0.0045094797387719154,-0.00014823675155639648,2,4,2
b3_time_separated_experience,e1_once_minus_frozen,val_T|T|s1|m4,val_T,T,1,4,frozen,e1_once,g99_after,g74_before,True,0.0,0.0003451639786362648,0.0003451639786362648,0.0,0.0003451639786362648,0.0003451639786362648,0.005218733102083206,0.005563897080719471,0.0003451639786362648,0.0034795027691870927,0.0034394357353448868,-4.0067033842205915e-05,0.002469290280714631,0.0019551424775272608,-0.0005141478031873703,1,2,2
b3_time_separated_experience,e2_once_minus_frozen,val_T|T|s1|m4,val_T,T,1,4,frozen,e2_once,g99_after,g74_before,True,0.0,0.0003451639786362648,0.0003451639786362648,0.0,0.0003451639786362648,0.0003451639786362648,0.005218733102083206,0.005563897080719471,0.0003451639786362648,0.0034795027691870927,0.003672660514712334,0.00019315774552524116,0.002469290280714631,0.0019425451755523682,-0.0005267451051622629,1,2,2
b3_time_separated_experience,e1_then_e2_minus_frozen,val_T|T|s1|m4,val_T,T,1,4,frozen,e1_then_e2,g99_after,g74_before,True,0.0,0.0003451639786362648,0.0003451639786362648,0.0,0.0003451639786362648,0.0003451639786362648,0.005218733102083206,0.005563897080719471,0.0003451639786362648,0.0034795027691870927,0.0018300792668014764,-0.0016494235023856163,0.002469290280714631,0.0016274634981527925,-0.0008418267825618386,2,4,4
b3_time_separated_experience,e1_then_e1_minus_frozen,val_T|T|s1|m4,val_T,T,1,4,frozen,e1_then_e1,g99_after,g74_before,True,0.0,0.0003451639786362648,0.0003451639786362648,0.0,0.0003451639786362648,0.0003451639786362648,0.005218733102083206,0.005563897080719471,0.0003451639786362648,0.0034795027691870927,0.0022659126669168474,-0.0012135901022702453,0.002469290280714631,0.001581671298481524,-0.0008876189822331071,2,4,2
b3_time_separated_experience,e2_then_e2_minus_frozen,val_T|T|s1|m4,val_T,T,1,4,frozen,e2_then_e2,g99_after,g74_before,True,0.0,0.0003451639786362648,0.0003451639786362648,0.0,0.0003451639786362648,0.0003451639786362648,0.005218733102083206,0.005563897080719471,0.0003451639786362648,0.0034795027691870927,0.0023884495254606008,-0.001091053243726492,0.002469290280714631,0.00162881996948272,-0.0008404703112319112,2,4,2
b3_time_separated_experience,e1_once_minus_frozen,val_T|T|s2|m4,val_T,T,2,4,frozen,e1_once,g99_after,g99_before,True,0.008049217984080315,0.008049217984080315,0.0,0.008049217984080315,0.008049217984080315,0.0,0.028392072767019272,0.028392072767019272,0.0,0.017696099961176513,0.017702261079102756,6.161117926242743e-06,0.005627557635307312,0.005140409804880619,-0.00048714783042669296,1,2,2
b3_time_separated_experience,e2_once_minus_frozen,val_T|T|s2|m4,val_T,T,2,4,frozen,e2_once,g99_after,g99_after,False,0.008049217984080315,0.008049217984080315,0.0,0.008049217984080315,0.008049217984080315,0.0,0.028392072767019272,0.028392072767019272,0.0,0.017696099961176513,0.017607586365193127,-8.851359598338604e-05,0.005627557635307312,0.004960337653756142,-0.0006672199815511703,1,2,2
b3_time_separated_experience,e1_then_e2_minus_frozen,val_T|T|s2|m4,val_T,T,2,4,frozen,e1_then_e2,g99_after,g74_after,True,0.008049217984080315,0.007793264463543892,-0.00025595352053642273,0.008049217984080315,0.007793264463543892,-0.00025595352053642273,0.028392072767019272,0.02813611924648285,-0.00025595352053642273,0.017696099961176513,0.01828090790659189,0.0005848079454153776,0.005627557635307312,0.004520482383668423,-0.0011070752516388893,2,4,4
b3_time_separated_experience,e1_then_e1_minus_frozen,val_T|T|s2|m4,val_T,T,2,4,frozen,e1_then_e1,g99_after,g74_before,True,0.008049217984080315,0.008804885670542717,0.0007556676864624023,0.008049217984080315,0.007793264463543892,-0.00025595352053642273,0.028392072767019272,0.029147740453481674,0.0007556676864624023,0.017696099961176513,0.01887054108083248,0.0011744411196559675,0.005627557635307312,0.0049314238131046295,-0.0006961338222026825,2,4,2
b3_time_separated_experience,e2_then_e2_minus_frozen,val_T|T|s2|m4,val_T,T,2,4,frozen,e2_then_e2,g99_after,g74_after,True,0.008049217984080315,0.007793264463543892,-0.00025595352053642273,0.008049217984080315,0.007793264463543892,-0.00025595352053642273,0.028392072767019272,0.02813611924648285,-0.00025595352053642273,0.017696099961176513,0.01849105735309422,0.0007949573919177055,0.005627557635307312,0.004968676716089249,-0.0006588809192180634,2,4,2
b3_time_separated_experience,e1_once_minus_frozen,val_L|L|s0|m4,val_L,L,0,4,frozen,e1_once,g99_after,g74_before,True,0.005280741956084967,0.00611875532194972,0.0008380133658647537,0.005280741956084967,0.00611875532194972,0.0008380133658647537,0.010635110549628735,0.011473123915493488,0.0008380133658647537,0.019029464619234205,0.017439251556061207,-0.0015902130631729981,0.00467401510104537,0.004352958407253027,-0.00032105669379234314,1,2,2
b3_time_separated_experience,e2_once_minus_frozen,val_L|L|s0|m4,val_L,L,0,4,frozen,e2_once,g99_after,g99_after,False,0.005280741956084967,0.005280741956084967,0.0,0.005280741956084967,0.005280741956084967,0.0,0.010635110549628735,0.010635110549628735,0.0,0.019029464619234205,0.017663649329915643,-0.0013658152893185616,0.00467401510104537,0.004187732003629208,-0.0004862830974161625,1,2,2
b3_time_separated_experience,e1_then_e2_minus_frozen,val_L|L|s0|m4,val_L,L,0,4,frozen,e1_then_e2,g99_after,g24_before,True,0.005280741956084967,0.0,-0.005280741956084967,0.005280741956084967,0.0,-0.005280741956084967,0.010635110549628735,0.005354368593543768,-0.005280741956084967,0.019029464619234205,0.014276862191036344,-0.004752602428197861,0.00467401510104537,0.0035569281317293644,-0.0011170869693160057,2,4,4
b3_time_separated_experience,e1_then_e1_minus_frozen,val_L|L|s0|m4,val_L,L,0,4,frozen,e1_then_e1,g99_after,g74_before,True,0.005280741956084967,0.00611875532194972,0.0008380133658647537,0.005280741956084967,0.00611875532194972,0.0008380133658647537,0.010635110549628735,0.011473123915493488,0.0008380133658647537,0.019029464619234205,0.01582760731689632,-0.0032018573023378863,0.00467401510104537,0.0042282650247216225,-0.00044575007632374763,2,4,2
b3_time_separated_experience,e2_then_e2_minus_frozen,val_L|L|s0|m4,val_L,L,0,4,frozen,e2_then_e2,g99_after,g74_before,True,0.005280741956084967,0.00611875532194972,0.0008380133658647537,0.005280741956084967,0.00611875532194972,0.0008380133658647537,0.010635110549628735,0.011473123915493488,0.0008380133658647537,0.019029464619234205,0.011805765563622117,-0.007223699055612088,0.00467401510104537,0.0037762895226478577,-0.0008977255783975124,2,4,2
b3_time_separated_experience,e1_once_minus_frozen,val_L|L|s1|m4,val_L,L,1,4,frozen,e1_once,g99_after,g99_after,False,0.012078325264155865,0.012078325264155865,0.0,0.012078317813575268,0.012078317813575268,0.0,0.016956113278865814,0.016956113278865814,0.0,0.009000037424266338,0.009735157201066613,0.0007351197768002745,0.007137453183531761,0.005881188437342644,-0.0012562647461891174,1,2,2
b3_time_separated_experience,e2_once_minus_frozen,val_L|L|s1|m4,val_L,L,1,4,frozen,e2_once,g99_after,g74_before,True,0.012078325264155865,0.0020574675872921944,-0.01002085767686367,0.012078317813575268,0.0020574675872921944,-0.010020850226283073,0.016956113278865814,0.006935255602002144,-0.01002085767686367,0.009000037424266338,0.009594278084114194,0.0005942406598478563,0.007137453183531761,0.0059482865035533905,-0.0011891666799783707,1,2,2
b3_time_separated_experience,e1_then_e2_minus_frozen,val_L|L|s1|m4,val_L,L,1,4,frozen,e1_then_e2,g99_after,g99_after,False,0.012078325264155865,0.012078325264155865,0.0,0.012078317813575268,0.012078317813575268,0.0,0.016956113278865814,0.016956113278865814,0.0,0.009000037424266338,0.011206367937847971,0.0022063305135816332,0.007137453183531761,0.005275364965200424,-0.001862088218331337,2,4,4
b3_time_separated_experience,e1_then_e1_minus_frozen,val_L|L|s1|m4,val_L,L,1,4,frozen,e1_then_e1,g99_after,g99_before,True,0.012078325264155865,0.012078317813575268,-7.450580596923828e-09,0.012078317813575268,0.012078317813575268,0.0,0.016956113278865814,0.016956105828285217,-7.450580596923828e-09,0.009000037424266338,0.008178157685324549,-0.000821879738941789,0.007137453183531761,0.0053409552201628685,-0.0017964979633688927,2,4,2
b3_time_separated_experience,e2_then_e2_minus_frozen,val_L|L|s1|m4,val_L,L,1,4,frozen,e2_then_e2,g99_after,g99_after,False,0.012078325264155865,0.012078325264155865,0.0,0.012078317813575268,0.012078317813575268,0.0,0.016956113278865814,0.016956113278865814,0.0,0.009000037424266338,0.010944695724174381,0.001944658299908043,0.007137453183531761,0.005630153231322765,-0.0015072999522089958,2,4,2
b3_time_separated_experience,e1_once_minus_frozen,val_L|L|s2|m4,val_L,L,2,4,frozen,e1_once,g99_after,g99_after,False,0.0027571730315685272,0.0027571730315685272,0.0,0.0027571693062782288,0.0027571693062782288,0.0,0.03305094316601753,0.03305094316601753,0.0,0.015438094502314925,0.01437169243581593,-0.0010664020664989948,0.0054113594815135,0.0044165076687932014,-0.0009948518127202988,1,2,2
b3_time_separated_experience,e2_once_minus_frozen,val_L|L|s2|m4,val_L,L,2,4,frozen,e2_once,g99_after,g99_after,False,0.0027571730315685272,0.0027571730315685272,0.0,0.0027571693062782288,0.0027571693062782288,0.0,0.03305094316601753,0.03305094316601753,0.0,0.015438094502314925,0.01814219239167869,0.0027040978893637657,0.0054113594815135,0.004315325990319252,-0.0010960334911942482,1,2,2
b3_time_separated_experience,e1_then_e2_minus_frozen,val_L|L|s2|m4,val_L,L,2,4,frozen,e1_then_e2,g99_after,g24_before,True,0.0027571730315685272,0.00157058984041214,-0.0011865831911563873,0.0027571693062782288,0.00157058984041214,-0.0011865794658660889,0.03305094316601753,0.031864359974861145,-0.0011865831911563873,0.015438094502314925,0.008712479192763568,-0.0067256153095513575,0.0054113594815135,0.003491826821118593,-0.001919532660394907,2,4,4
b3_time_separated_experience,e1_then_e1_minus_frozen,val_L|L|s2|m4,val_L,L,2,4,frozen,e1_then_e1,g99_after,g24_before,True,0.0027571730315685272,0.00157058984041214,-0.0011865831911563873,0.0027571693062782288,0.00157058984041214,-0.0011865794658660889,0.03305094316601753,0.031864359974861145,-0.0011865831911563873,0.015438094502314925,0.005561214219778776,-0.009876880282536148,0.0054113594815135,0.003655053908005357,-0.0017563055735081434,2,4,2
b3_time_separated_experience,e2_then_e2_minus_frozen,val_L|L|s2|m4,val_L,L,2,4,frozen,e2_then_e2,g99_after,g24_before,True,0.0027571730315685272,0.00157058984041214,-0.0011865831911563873,0.0027571693062782288,0.00157058984041214,-0.0011865794658660889,0.03305094316601753,0.031864359974861145,-0.0011865831911563873,0.015438094502314925,0.008054696023464203,-0.007383398478850722,0.0054113594815135,0.0036674151197075844,-0.0017439443618059158,2,4,2
